{"s": "ok", "message": "Success", "data": {"COLUMNS": [{"date": "Date", "time": "Time", "segment": "Segment", "symbol": "Symbol", "type": "Trade Type", "qty": "Quantity", "trade_price": "Trade Price (\u20b9)", "trade_val": "Trade Value  (\u20b9)", "order_id": "Order id"}], "DATA": [{"date": "25/02/2022", "time": "09:17 AM", "segment": "NSE_CASH", "symbol": "BRITANNIA", "type": "SELL", "qty": 9.0, "trade_price": 3361.45, "trade_val": 30253.05, "order_id": "1000000000624168"}, {"date": "25/02/2022", "time": "09:17 AM", "segment": "NSE_CASH", "symbol": "BRITANNIA", "type": "SELL", "qty": 5.0, "trade_price": 3362.65, "trade_val": 16813.25, "order_id": "1000000000624168"}, {"date": "25/02/2022", "time": "09:17 AM", "segment": "NSE_CASH", "symbol": "BRITANNIA", "type": "SELL", "qty": 8.0, "trade_price": 3362.65, "trade_val": 26901.2, "order_id": "1000000000624168"}, {"date": "25/02/2022", "time": "09:17 AM", "segment": "NSE_CASH", "symbol": "BRITANNIA", "type": "SELL", "qty": 8.0, "trade_price": 3362.6, "trade_val": 26900.8, "order_id": "1000000000624168"}, {"date": "25/02/2022", "time": "09:17 AM", "segment": "NSE_CASH", "symbol": "BRITANNIA", "type": "SELL", "qty": 1.0, "trade_price": 3361.5, "trade_val": 3361.5, "order_id": "1000000000624168"}, {"date": "25/02/2022", "time": "09:17 AM", "segment": "NSE_CASH", "symbol": "BRITANNIA", "type": "SELL", "qty": 8.0, "trade_price": 3361.45, "trade_val": 26891.6, "order_id": "1000000000624168"}, {"date": "25/02/2022", "time": "09:15 AM", "segment": "NSE_CASH", "symbol": "BRITANNIA", "type": "BUY", "qty": 64.0, "trade_price": 3366.4, "trade_val": 215449.6, "order_id": "1000000000342315"}, {"date": "25/02/2022", "time": "09:17 AM", "segment": "NSE_CASH", "symbol": "BRITANNIA", "type": "SELL", "qty": 16.0, "trade_price": 3361.4, "trade_val": 53782.4, "order_id": "1000000000624168"}, {"date": "25/02/2022", "time": "09:17 AM", "segment": "NSE_CASH", "symbol": "BRITANNIA", "type": "SELL", "qty": 9.0, "trade_price": 3361.4, "trade_val": 30252.6, "order_id": "1000000000624168"}, {"date": "22/02/2022", "time": "12:19 PM", "segment": "NSE_CASH", "symbol": "TATASTEEL", "type": "BUY", "qty": 75.0, "trade_price": 1126.55, "trade_val": 84491.25, "order_id": "1300000014800453"}, {"date": "22/02/2022", "time": "01:26 PM", "segment": "NSE_CASH", "symbol": "TATASTEEL", "type": "SELL", "qty": 20.0, "trade_price": 1124.4, "trade_val": 22488.0, "order_id": "1300000018623393"}, {"date": "22/02/2022", "time": "01:26 PM", "segment": "NSE_CASH", "symbol": "TATASTEEL", "type": "SELL", "qty": 126.0, "trade_price": 1124.45, "trade_val": 141680.7, "order_id": "1300000018623393"}, {"date": "22/02/2022", "time": "01:26 PM", "segment": "NSE_CASH", "symbol": "TATASTEEL", "type": "SELL", "qty": 48.0, "trade_price": 1124.45, "trade_val": 53973.6, "order_id": "1300000018623393"}, {"date": "22/02/2022", "time": "12:19 PM", "segment": "NSE_CASH", "symbol": "TATASTEEL", "type": "BUY", "qty": 119.0, "trade_price": 1126.55, "trade_val": 134059.45, "order_id": "1300000014800453"}], "total_res": 14.0}, "status_code": 200, "code": 200}