{"s": "ok", "message": "Success", "data": {"COLUMNS": [{"date": "Date", "time": "Time", "segment": "Segment", "symbol": "Symbol", "type": "Trade Type", "qty": "Quantity", "trade_price": "Trade Price (\u20b9)", "trade_val": "Trade Value  (\u20b9)", "order_id": "Order id"}], "DATA": [{"date": "23/03/2022", "time": "09:26 AM", "segment": "NSE_CASH", "symbol": "TATASTEEL", "type": "SELL", "qty": 157.0, "trade_price": 1311.5, "trade_val": 205905.5, "order_id": "1300000001813263"}, {"date": "23/03/2022", "time": "09:22 AM", "segment": "NSE_CASH", "symbol": "TATASTEEL", "type": "BUY", "qty": 157.0, "trade_price": 1309.0, "trade_val": 205513.0, "order_id": "1300000001336373"}, {"date": "17/03/2022", "time": "09:15 AM", "segment": "NSE_CASH", "symbol": "PAGEIND", "type": "SELL", "qty": 1.0, "trade_price": 42436.2, "trade_val": 42436.2, "order_id": "1200000000350283"}, {"date": "17/03/2022", "time": "09:15 AM", "segment": "NSE_CASH", "symbol": "PAGEIND", "type": "SELL", "qty": 1.0, "trade_price": 42436.3, "trade_val": 42436.3, "order_id": "1200000000350283"}, {"date": "17/03/2022", "time": "09:15 AM", "segment": "NSE_CASH", "symbol": "PAGEIND", "type": "SELL", "qty": 1.0, "trade_price": 42436.25, "trade_val": 42436.25, "order_id": "1200000000350283"}, {"date": "17/03/2022", "time": "09:15 AM", "segment": "NSE_CASH", "symbol": "PAGEIND", "type": "SELL", "qty": 1.0, "trade_price": 42436.2, "trade_val": 42436.2, "order_id": "1200000000350283"}, {"date": "17/03/2022", "time": "09:15 AM", "segment": "NSE_CASH", "symbol": "PAGEIND", "type": "BUY", "qty": 4.0, "trade_price": 42354.8, "trade_val": 169419.2, "order_id": "1200000000206105"}, {"date": "15/03/2022", "time": "09:23 AM", "segment": "NSE_CASH", "symbol": "RELIANCE", "type": "BUY", "qty": 90.0, "trade_price": 2380.85, "trade_val": 214276.5, "order_id": "1300000000525126"}, {"date": "15/03/2022", "time": "03:07 PM", "segment": "NSE_CASH", "symbol": "RELIANCE", "type": "SELL", "qty": 90.0, "trade_price": 2361.1, "trade_val": 212499.0, "order_id": "1300000015917293"}], "total_res": 9.0}, "status_code": 200, "code": 200}