{"s": "ok", "message": "Success", "data": {"COLUMNS": [{"date": "Date", "time": "Time", "segment": "Segment", "symbol": "Symbol", "type": "Trade Type", "qty": "Quantity", "trade_price": "Trade Price (\u20b9)", "trade_val": "Trade Value  (\u20b9)", "order_id": "Order id"}], "DATA": [{"date": "07/10/2022", "time": "12:56 PM", "segment": "NSE_CASH", "symbol": "HEROMOTOCO", "type": "SELL", "qty": 167.0, "trade_price": 2665.65, "trade_val": 445163.55, "order_id": "1100000010332383"}, {"date": "07/10/2022", "time": "09:21 AM", "segment": "NSE_CASH", "symbol": "HEROMOTOCO", "type": "BUY", "qty": 36.0, "trade_price": 2711.65, "trade_val": 97619.4, "order_id": "1100000001398998"}, {"date": "07/10/2022", "time": "09:43 AM", "segment": "NSE_CASH", "symbol": "HEROMOTOCO", "type": "SELL", "qty": 33.0, "trade_price": 2672.0, "trade_val": 88176.0, "order_id": "1100000002758235"}, {"date": "07/10/2022", "time": "09:43 AM", "segment": "NSE_CASH", "symbol": "HEROMOTOCO", "type": "SELL", "qty": 5.0, "trade_price": 2672.0, "trade_val": 13360.0, "order_id": "1100000002758235"}, {"date": "07/10/2022", "time": "09:43 AM", "segment": "NSE_CASH", "symbol": "HEROMOTOCO", "type": "SELL", "qty": 100.0, "trade_price": 2672.0, "trade_val": 267200.0, "order_id": "1100000002758235"}, {"date": "07/10/2022", "time": "09:43 AM", "segment": "NSE_CASH", "symbol": "HEROMOTOCO", "type": "SELL", "qty": 25.0, "trade_price": 2672.0, "trade_val": 66800.0, "order_id": "1100000002758235"}, {"date": "07/10/2022", "time": "09:43 AM", "segment": "NSE_CASH", "symbol": "HEROMOTOCO", "type": "SELL", "qty": 10.0, "trade_price": 2672.0, "trade_val": 26720.0, "order_id": "1100000002758235"}, {"date": "07/10/2022", "time": "09:43 AM", "segment": "NSE_CASH", "symbol": "HEROMOTOCO", "type": "SELL", "qty": 5.0, "trade_price": 2672.0, "trade_val": 13360.0, "order_id": "1100000002758235"}, {"date": "07/10/2022", "time": "10:30 AM", "segment": "NSE_CASH", "symbol": "HEROMOTOCO", "type": "BUY", "qty": 8.0, "trade_price": 2684.95, "trade_val": 21479.6, "order_id": "1100000008116972"}, {"date": "07/10/2022", "time": "10:30 AM", "segment": "NSE_CASH", "symbol": "HEROMOTOCO", "type": "BUY", "qty": 21.0, "trade_price": 2684.95, "trade_val": 56383.95, "order_id": "1100000008116972"}, {"date": "07/10/2022", "time": "10:30 AM", "segment": "NSE_CASH", "symbol": "HEROMOTOCO", "type": "BUY", "qty": 109.0, "trade_price": 2684.95, "trade_val": 292659.55, "order_id": "1100000008116972"}, {"date": "07/10/2022", "time": "10:30 AM", "segment": "NSE_CASH", "symbol": "HEROMOTOCO", "type": "BUY", "qty": 26.0, "trade_price": 2684.95, "trade_val": 69808.7, "order_id": "1100000008116972"}, {"date": "07/10/2022", "time": "10:30 AM", "segment": "NSE_CASH", "symbol": "HEROMOTOCO", "type": "BUY", "qty": 3.0, "trade_price": 2684.95, "trade_val": 8054.85, "order_id": "1100000008116972"}, {"date": "07/10/2022", "time": "09:21 AM", "segment": "NSE_CASH", "symbol": "HEROMOTOCO", "type": "BUY", "qty": 142.0, "trade_price": 2711.65, "trade_val": 385054.3, "order_id": "1100000001398998"}, {"date": "04/10/2022", "time": "09:20 AM", "segment": "NSE_CASH", "symbol": "EICHERMOT", "type": "SELL", "qty": 49.0, "trade_price": 3559.1, "trade_val": 174395.9, "order_id": "1100000001157620"}, {"date": "04/10/2022", "time": "09:20 AM", "segment": "NSE_CASH", "symbol": "EICHERMOT", "type": "SELL", "qty": 86.0, "trade_price": 3559.1, "trade_val": 306082.6, "order_id": "1100000001157620"}, {"date": "04/10/2022", "time": "09:19 AM", "segment": "NSE_CASH", "symbol": "EICHERMOT", "type": "BUY", "qty": 135.0, "trade_price": 3556.25, "trade_val": 480093.75, "order_id": "1100000000663413"}, {"date": "03/10/2022", "time": "01:57 PM", "segment": "NSE_CASH", "symbol": "EICHERMOT", "type": "BUY", "qty": 37.0, "trade_price": 3478.55, "trade_val": 128706.35, "order_id": "1100000020680605"}, {"date": "03/10/2022", "time": "02:23 PM", "segment": "NSE_CASH", "symbol": "EICHERMOT", "type": "SELL", "qty": 48.0, "trade_price": 3482.65, "trade_val": 167167.2, "order_id": "1100000021380297"}, {"date": "03/10/2022", "time": "02:23 PM", "segment": "NSE_CASH", "symbol": "EICHERMOT", "type": "SELL", "qty": 4.0, "trade_price": 3482.65, "trade_val": 13930.6, "order_id": "1100000021380297"}, {"date": "03/10/2022", "time": "02:23 PM", "segment": "NSE_CASH", "symbol": "EICHERMOT", "type": "SELL", "qty": 22.0, "trade_price": 3482.65, "trade_val": 76618.3, "order_id": "1100000021380297"}, {"date": "03/10/2022", "time": "02:23 PM", "segment": "NSE_CASH", "symbol": "EICHERMOT", "type": "SELL", "qty": 64.0, "trade_price": 3482.65, "trade_val": 222889.6, "order_id": "1100000021380297"}, {"date": "03/10/2022", "time": "01:57 PM", "segment": "NSE_CASH", "symbol": "EICHERMOT", "type": "BUY", "qty": 17.0, "trade_price": 3478.55, "trade_val": 59135.35, "order_id": "1100000020680605"}, {"date": "03/10/2022", "time": "01:57 PM", "segment": "NSE_CASH", "symbol": "EICHERMOT", "type": "BUY", "qty": 34.0, "trade_price": 3478.55, "trade_val": 118270.7, "order_id": "1100000020680605"}, {"date": "03/10/2022", "time": "01:57 PM", "segment": "NSE_CASH", "symbol": "EICHERMOT", "type": "BUY", "qty": 20.0, "trade_price": 3478.55, "trade_val": 69571.0, "order_id": "1100000020680605"}, {"date": "03/10/2022", "time": "01:57 PM", "segment": "NSE_CASH", "symbol": "EICHERMOT", "type": "BUY", "qty": 30.0, "trade_price": 3478.55, "trade_val": 104356.5, "order_id": "1100000020680605"}], "total_res": 26.0}, "status_code": 200, "code": 200}