{"s": "ok", "message": "Success", "data": {"COLUMNS": [{"date": "Date", "time": "Time", "segment": "Segment", "symbol": "Symbol", "type": "Trade Type", "qty": "Quantity", "trade_price": "Trade Price (\u20b9)", "trade_val": "Trade Value  (\u20b9)", "order_id": "Order id"}], "DATA": [{"date": "15/11/2022", "time": "09:30 AM", "segment": "NSE_CASH", "symbol": "APOLLOTYRE", "type": "BUY", "qty": 32.0, "trade_price": 301.6, "trade_val": 9651.2, "order_id": "1000000002234952"}, {"date": "15/11/2022", "time": "09:30 AM", "segment": "NSE_CASH", "symbol": "APOLLOTYRE", "type": "BUY", "qty": 38.0, "trade_price": 301.6, "trade_val": 11460.8, "order_id": "1000000002234952"}, {"date": "15/11/2022", "time": "09:45 AM", "segment": "NSE_CASH", "symbol": "APOLLOTYRE", "type": "SELL", "qty": 70.0, "trade_price": 298.05, "trade_val": 20863.5, "order_id": "1000000003009851"}], "total_res": 3.0}, "status_code": 200, "code": 200}