{"s": "ok", "message": "Success", "data": {"COLUMNS": [{"date": "Date", "time": "Time", "segment": "Segment", "symbol": "Symbol", "type": "Trade Type", "qty": "Quantity", "trade_price": "Trade Price (\u20b9)", "trade_val": "Trade Value  (\u20b9)", "order_id": "Order id"}], "DATA": [{"date": "27/05/2024", "time": "09:17 AM", "segment": "NSE_CASH", "symbol": "BSE", "type": "BUY", "qty": 177.0, "trade_price": 2682.2, "trade_val": 474749.4, "order_id": "1000000001358328"}, {"date": "27/05/2024", "time": "09:45 AM", "segment": "NSE_CASH", "symbol": "BSE", "type": "SELL", "qty": 4.0, "trade_price": 2686.0, "trade_val": 10744.0, "order_id": "1000000004251485"}, {"date": "27/05/2024", "time": "09:45 AM", "segment": "NSE_CASH", "symbol": "BSE", "type": "SELL", "qty": 1.0, "trade_price": 2685.95, "trade_val": 2685.95, "order_id": "1000000004251485"}, {"date": "27/05/2024", "time": "09:45 AM", "segment": "NSE_CASH", "symbol": "BSE", "type": "SELL", "qty": 20.0, "trade_price": 2685.95, "trade_val": 53719.0, "order_id": "1000000004251485"}, {"date": "27/05/2024", "time": "09:45 AM", "segment": "NSE_CASH", "symbol": "BSE", "type": "SELL", "qty": 4.0, "trade_price": 2685.95, "trade_val": 10743.8, "order_id": "1000000004251485"}, {"date": "27/05/2024", "time": "09:45 AM", "segment": "NSE_CASH", "symbol": "BSE", "type": "SELL", "qty": 138.0, "trade_price": 2685.95, "trade_val": 370661.1, "order_id": "1000000004251485"}, {"date": "27/05/2024", "time": "09:45 AM", "segment": "NSE_CASH", "symbol": "BSE", "type": "SELL", "qty": 10.0, "trade_price": 2685.95, "trade_val": 26859.5, "order_id": "1000000004251485"}], "total_res": 7.0}, "status_code": 200, "code": 200}