{"s": "ok", "message": "Success", "data": {"COLUMNS": [{"date": "Date", "time": "Time", "segment": "Segment", "symbol": "Symbol", "type": "Trade Type", "qty": "Quantity", "trade_price": "Trade Price (\u20b9)", "trade_val": "Trade Value  (\u20b9)", "order_id": "Order id"}], "DATA": [{"date": "27/09/2023", "time": "10:14 AM", "segment": "NSE_CASH", "symbol": "INFY", "type": "SELL", "qty": 52.0, "trade_price": 1451.5, "trade_val": 75478.0, "order_id": "1100000008477039"}, {"date": "27/09/2023", "time": "10:14 AM", "segment": "NSE_CASH", "symbol": "INFY", "type": "SELL", "qty": 1.0, "trade_price": 1451.5, "trade_val": 1451.5, "order_id": "1100000008477039"}, {"date": "27/09/2023", "time": "10:14 AM", "segment": "NSE_CASH", "symbol": "INFY", "type": "SELL", "qty": 15.0, "trade_price": 1451.5, "trade_val": 21772.5, "order_id": "1100000008477039"}, {"date": "27/09/2023", "time": "10:14 AM", "segment": "NSE_CASH", "symbol": "INFY", "type": "SELL", "qty": 2.0, "trade_price": 1451.5, "trade_val": 2903.0, "order_id": "1100000008477039"}], "total_res": 4.0}, "status_code": 200, "code": 200}