{"s": "ok", "message": "Success", "data": {"COLUMNS": [{"date": "Date", "time": "Time", "segment": "Segment", "symbol": "Symbol", "type": "Trade Type", "qty": "Quantity", "trade_price": "Trade Price (\u20b9)", "trade_val": "Trade Value  (\u20b9)", "order_id": "Order id"}], "DATA": [{"date": "30/04/2021", "time": "01:36 PM", "segment": "NSE_CASH", "symbol": "RELINFRA", "type": "BUY", "qty": 640.0, "trade_price": 41.85, "trade_val": 26784.0, "order_id": "1300000015280171"}, {"date": "30/04/2021", "time": "02:50 PM", "segment": "NSE_CASH", "symbol": "RELINFRA", "type": "SELL", "qty": 121.0, "trade_price": 42.05, "trade_val": 5088.05, "order_id": "1300000016592540"}, {"date": "30/04/2021", "time": "02:50 PM", "segment": "NSE_CASH", "symbol": "RELINFRA", "type": "SELL", "qty": 16.0, "trade_price": 42.05, "trade_val": 672.8, "order_id": "1300000016592540"}, {"date": "30/04/2021", "time": "02:50 PM", "segment": "NSE_CASH", "symbol": "RELINFRA", "type": "SELL", "qty": 5.0, "trade_price": 42.05, "trade_val": 210.25, "order_id": "1300000016592540"}, {"date": "30/04/2021", "time": "02:50 PM", "segment": "NSE_CASH", "symbol": "RELINFRA", "type": "SELL", "qty": 1.0, "trade_price": 42.05, "trade_val": 42.05, "order_id": "1300000016592540"}, {"date": "30/04/2021", "time": "02:50 PM", "segment": "NSE_CASH", "symbol": "RELINFRA", "type": "SELL", "qty": 346.0, "trade_price": 42.05, "trade_val": 14549.3, "order_id": "1300000016592540"}, {"date": "30/04/2021", "time": "02:50 PM", "segment": "NSE_CASH", "symbol": "RELINFRA", "type": "SELL", "qty": 500.0, "trade_price": 42.05, "trade_val": 21025.0, "order_id": "1300000016592540"}, {"date": "30/04/2021", "time": "02:50 PM", "segment": "NSE_CASH", "symbol": "RELINFRA", "type": "SELL", "qty": 11.0, "trade_price": 42.05, "trade_val": 462.55, "order_id": "1300000016592540"}, {"date": "30/04/2021", "time": "01:36 PM", "segment": "NSE_CASH", "symbol": "RELINFRA", "type": "BUY", "qty": 189.0, "trade_price": 41.85, "trade_val": 7909.65, "order_id": "1300000015280171"}, {"date": "30/04/2021", "time": "01:36 PM", "segment": "NSE_CASH", "symbol": "RELINFRA", "type": "BUY", "qty": 161.0, "trade_price": 41.9, "trade_val": 6745.9, "order_id": "1300000015280171"}, {"date": "30/04/2021", "time": "01:36 PM", "segment": "NSE_CASH", "symbol": "RELINFRA", "type": "BUY", "qty": 10.0, "trade_price": 41.9, "trade_val": 419.0, "order_id": "1300000015280171"}, {"date": "29/04/2021", "time": "01:15 PM", "segment": "NSE_CASH", "symbol": "TATASTLBSL", "type": "BUY", "qty": 500.0, "trade_price": 69.35, "trade_val": 34675.0, "order_id": "1300000014859729"}, {"date": "29/04/2021", "time": "01:13 PM", "segment": "NSE_CASH", "symbol": "TATASTLBSL", "type": "SELL", "qty": 500.0, "trade_price": 69.15, "trade_val": 34575.0, "order_id": "1300000014649904"}, {"date": "28/04/2021", "time": "09:53 AM", "segment": "NSE_CASH", "symbol": "UPL", "type": "SELL", "qty": 2.0, "trade_price": 609.05, "trade_val": 1218.1, "order_id": "1300000003011487"}, {"date": "28/04/2021", "time": "10:20 AM", "segment": "NSE_CASH", "symbol": "UPL", "type": "SELL", "qty": 74.0, "trade_price": 610.5, "trade_val": 45177.0, "order_id": "1300000004911868"}, {"date": "28/04/2021", "time": "10:20 AM", "segment": "NSE_CASH", "symbol": "UPL", "type": "SELL", "qty": 15.0, "trade_price": 610.5, "trade_val": 9157.5, "order_id": "1300000004911868"}, {"date": "28/04/2021", "time": "10:20 AM", "segment": "NSE_CASH", "symbol": "UPL", "type": "SELL", "qty": 11.0, "trade_price": 610.5, "trade_val": 6715.5, "order_id": "1300000004911868"}, {"date": "28/04/2021", "time": "10:13 AM", "segment": "NSE_CASH", "symbol": "UPL", "type": "BUY", "qty": 100.0, "trade_price": 610.8, "trade_val": 61080.0, "order_id": "1300000004888768"}, {"date": "28/04/2021", "time": "09:53 AM", "segment": "NSE_CASH", "symbol": "UPL", "type": "SELL", "qty": 98.0, "trade_price": 609.05, "trade_val": 59686.9, "order_id": "1300000003011487"}, {"date": "28/04/2021", "time": "09:35 AM", "segment": "NSE_CASH", "symbol": "UPL", "type": "BUY", "qty": 100.0, "trade_price": 608.5, "trade_val": 60850.0, "order_id": "1300000002328169"}, {"date": "27/04/2021", "time": "03:04 PM", "segment": "NSE_CASH", "symbol": "LODHA", "type": "SELL", "qty": 2.0, "trade_price": 610.25, "trade_val": 1220.5, "order_id": "1200000013931618"}, {"date": "27/04/2021", "time": "03:04 PM", "segment": "NSE_CASH", "symbol": "LODHA", "type": "SELL", "qty": 34.0, "trade_price": 610.25, "trade_val": 20748.5, "order_id": "1200000013931618"}, {"date": "27/04/2021", "time": "03:04 PM", "segment": "NSE_CASH", "symbol": "LODHA", "type": "SELL", "qty": 4.0, "trade_price": 610.2, "trade_val": 2440.8, "order_id": "1200000013931618"}, {"date": "26/04/2021", "time": "03:29 PM", "segment": "NSE_CASH", "symbol": "LODHA", "type": "BUY", "qty": 4.0, "trade_price": 577.95, "trade_val": 2311.8, "order_id": "1200000012713246"}, {"date": "26/04/2021", "time": "03:29 PM", "segment": "NSE_CASH", "symbol": "LODHA", "type": "BUY", "qty": 36.0, "trade_price": 578.0, "trade_val": 20808.0, "order_id": "1200000012713246"}, {"date": "23/04/2021", "time": "10:51 AM", "segment": "NSE_CASH", "symbol": "DEEPAKNTR", "type": "SELL", "qty": 32.0, "trade_price": 1640.85, "trade_val": 52507.2, "order_id": "1000000007480578"}, {"date": "23/04/2021", "time": "02:42 PM", "segment": "NSE_CASH", "symbol": "ASTRAZEN", "type": "BUY", "qty": 20.0, "trade_price": 4251.45, "trade_val": 85029.0, "order_id": "1000000018671085"}, {"date": "23/04/2021", "time": "02:42 PM", "segment": "NSE_CASH", "symbol": "ASTRAZEN", "type": "BUY", "qty": 2.0, "trade_price": 4251.4, "trade_val": 8502.8, "order_id": "1000000018671085"}, {"date": "23/04/2021", "time": "02:42 PM", "segment": "NSE_CASH", "symbol": "ASTRAZEN", "type": "BUY", "qty": 2.0, "trade_price": 4253.0, "trade_val": 8506.0, "order_id": "1000000018671085"}, {"date": "23/04/2021", "time": "02:42 PM", "segment": "NSE_CASH", "symbol": "ASTRAZEN", "type": "BUY", "qty": 11.0, "trade_price": 4252.55, "trade_val": 46778.05, "order_id": "1000000018671085"}, {"date": "23/04/2021", "time": "02:42 PM", "segment": "NSE_CASH", "symbol": "ASTRAZEN", "type": "BUY", "qty": 17.0, "trade_price": 4253.0, "trade_val": 72301.0, "order_id": "1000000018671085"}, {"date": "23/04/2021", "time": "02:42 PM", "segment": "NSE_CASH", "symbol": "ASTRAZEN", "type": "BUY", "qty": 1.0, "trade_price": 4253.0, "trade_val": 4253.0, "order_id": "1000000018671085"}, {"date": "23/04/2021", "time": "02:42 PM", "segment": "NSE_CASH", "symbol": "ASTRAZEN", "type": "BUY", "qty": 3.0, "trade_price": 4251.65, "trade_val": 12754.95, "order_id": "1000000018671085"}, {"date": "23/04/2021", "time": "02:42 PM", "segment": "NSE_CASH", "symbol": "ASTRAZEN", "type": "BUY", "qty": 10.0, "trade_price": 4253.0, "trade_val": 42530.0, "order_id": "1000000018671085"}, {"date": "23/04/2021", "time": "02:36 PM", "segment": "NSE_CASH", "symbol": "ASTRAZEN", "type": "SELL", "qty": 66.0, "trade_price": 4182.7, "trade_val": 276058.2, "order_id": "1000000018346549"}, {"date": "23/04/2021", "time": "10:53 AM", "segment": "NSE_CASH", "symbol": "DEEPAKNTR", "type": "BUY", "qty": 100.0, "trade_price": 1644.95, "trade_val": 164495.0, "order_id": "1000000007393470"}, {"date": "23/04/2021", "time": "10:51 AM", "segment": "NSE_CASH", "symbol": "DEEPAKNTR", "type": "SELL", "qty": 3.0, "trade_price": 1640.6, "trade_val": 4921.8, "order_id": "1000000007480578"}, {"date": "23/04/2021", "time": "10:51 AM", "segment": "NSE_CASH", "symbol": "DEEPAKNTR", "type": "SELL", "qty": 65.0, "trade_price": 1640.75, "trade_val": 106648.75, "order_id": "1000000007480578"}, {"date": "22/04/2021", "time": "01:04 PM", "segment": "NSE_CASH", "symbol": "ASTRAZEN", "type": "BUY", "qty": 10.0, "trade_price": 4321.15, "trade_val": 43211.5, "order_id": "1000000013783009"}, {"date": "22/04/2021", "time": "10:40 AM", "segment": "NSE_CASH", "symbol": "ASTRAZEN", "type": "BUY", "qty": 41.0, "trade_price": 4452.45, "trade_val": 182550.45, "order_id": "1000000002477973"}, {"date": "22/04/2021", "time": "10:40 AM", "segment": "NSE_CASH", "symbol": "ASTRAZEN", "type": "BUY", "qty": 2.0, "trade_price": 4452.45, "trade_val": 8904.9, "order_id": "1000000002477973"}, {"date": "22/04/2021", "time": "10:40 AM", "segment": "NSE_CASH", "symbol": "ASTRAZEN", "type": "BUY", "qty": 2.0, "trade_price": 4452.45, "trade_val": 8904.9, "order_id": "1000000002477973"}, {"date": "22/04/2021", "time": "11:20 AM", "segment": "NSE_CASH", "symbol": "MOREPENLAB", "type": "BUY", "qty": 100.0, "trade_price": 50.6, "trade_val": 5060.0, "order_id": "1200000004771620"}, {"date": "22/04/2021", "time": "12:44 PM", "segment": "NSE_CASH", "symbol": "ASTRAZEN", "type": "SELL", "qty": 25.0, "trade_price": 4406.0, "trade_val": 110150.0, "order_id": "1000000012877378"}, {"date": "22/04/2021", "time": "12:44 PM", "segment": "NSE_CASH", "symbol": "ASTRAZEN", "type": "SELL", "qty": 17.0, "trade_price": 4405.65, "trade_val": 74896.05, "order_id": "1000000012877378"}, {"date": "22/04/2021", "time": "12:44 PM", "segment": "NSE_CASH", "symbol": "ASTRAZEN", "type": "SELL", "qty": 2.0, "trade_price": 4406.0, "trade_val": 8812.0, "order_id": "1000000012877378"}, {"date": "22/04/2021", "time": "12:44 PM", "segment": "NSE_CASH", "symbol": "ASTRAZEN", "type": "SELL", "qty": 1.0, "trade_price": 4406.65, "trade_val": 4406.65, "order_id": "1000000012877378"}, {"date": "22/04/2021", "time": "01:04 PM", "segment": "NSE_CASH", "symbol": "ASTRAZEN", "type": "BUY", "qty": 35.0, "trade_price": 4321.15, "trade_val": 151240.25, "order_id": "1000000013783009"}, {"date": "22/04/2021", "time": "02:16 PM", "segment": "NSE_CASH", "symbol": "MOREPENLAB", "type": "SELL", "qty": 100.0, "trade_price": 51.3, "trade_val": 5130.0, "order_id": "1200000007590176"}, {"date": "22/04/2021", "time": "02:19 PM", "segment": "NSE_CASH", "symbol": "ASTRAZEN", "type": "SELL", "qty": 41.0, "trade_price": 4320.0, "trade_val": 177120.0, "order_id": "1000000014455358"}, {"date": "22/04/2021", "time": "02:19 PM", "segment": "NSE_CASH", "symbol": "ASTRAZEN", "type": "SELL", "qty": 4.0, "trade_price": 4320.0, "trade_val": 17280.0, "order_id": "1000000014455358"}, {"date": "22/04/2021", "time": "02:23 PM", "segment": "NSE_CASH", "symbol": "ASTRAZEN", "type": "BUY", "qty": 1.0, "trade_price": 4294.65, "trade_val": 4294.65, "order_id": "1000000017707125"}, {"date": "22/04/2021", "time": "02:23 PM", "segment": "NSE_CASH", "symbol": "ASTRAZEN", "type": "BUY", "qty": 44.0, "trade_price": 4294.65, "trade_val": 188964.6, "order_id": "1000000017707125"}, {"date": "22/04/2021", "time": "03:13 PM", "segment": "NSE_CASH", "symbol": "ASTRAZEN", "type": "SELL", "qty": 39.0, "trade_price": 4316.0, "trade_val": 168324.0, "order_id": "1000000020515399"}, {"date": "22/04/2021", "time": "03:13 PM", "segment": "NSE_CASH", "symbol": "ASTRAZEN", "type": "SELL", "qty": 6.0, "trade_price": 4316.1, "trade_val": 25896.6, "order_id": "1000000020515399"}, {"date": "20/04/2021", "time": "09:00 AM", "segment": "NSE_CASH", "symbol": "ACC", "type": "BUY", "qty": 48.0, "trade_price": 1871.0, "trade_val": 89808.0, "order_id": "1000000000010372"}, {"date": "20/04/2021", "time": "02:24 PM", "segment": "NSE_CASH", "symbol": "ACC", "type": "SELL", "qty": 2.0, "trade_price": 1853.0, "trade_val": 3706.0, "order_id": "1000000014564258"}, {"date": "20/04/2021", "time": "02:24 PM", "segment": "NSE_CASH", "symbol": "ACC", "type": "SELL", "qty": 122.0, "trade_price": 1853.0, "trade_val": 226066.0, "order_id": "1000000014564258"}, {"date": "20/04/2021", "time": "02:24 PM", "segment": "NSE_CASH", "symbol": "ACC", "type": "SELL", "qty": 2.0, "trade_price": 1853.0, "trade_val": 3706.0, "order_id": "1000000014564258"}, {"date": "20/04/2021", "time": "02:24 PM", "segment": "NSE_CASH", "symbol": "ACC", "type": "SELL", "qty": 5.0, "trade_price": 1853.0, "trade_val": 9265.0, "order_id": "1000000014564258"}, {"date": "20/04/2021", "time": "02:24 PM", "segment": "NSE_CASH", "symbol": "ACC", "type": "SELL", "qty": 3.0, "trade_price": 1853.0, "trade_val": 5559.0, "order_id": "1000000014564258"}, {"date": "20/04/2021", "time": "02:24 PM", "segment": "NSE_CASH", "symbol": "ACC", "type": "SELL", "qty": 2.0, "trade_price": 1853.0, "trade_val": 3706.0, "order_id": "1000000014564258"}, {"date": "20/04/2021", "time": "02:24 PM", "segment": "NSE_CASH", "symbol": "ACC", "type": "SELL", "qty": 3.0, "trade_price": 1853.0, "trade_val": 5559.0, "order_id": "1000000014564258"}, {"date": "20/04/2021", "time": "02:24 PM", "segment": "NSE_CASH", "symbol": "ACC", "type": "SELL", "qty": 3.0, "trade_price": 1853.0, "trade_val": 5559.0, "order_id": "1000000014564258"}, {"date": "20/04/2021", "time": "02:24 PM", "segment": "NSE_CASH", "symbol": "ACC", "type": "SELL", "qty": 3.0, "trade_price": 1853.0, "trade_val": 5559.0, "order_id": "1000000014564258"}, {"date": "20/04/2021", "time": "02:24 PM", "segment": "NSE_CASH", "symbol": "ACC", "type": "SELL", "qty": 3.0, "trade_price": 1853.0, "trade_val": 5559.0, "order_id": "1000000014564258"}, {"date": "20/04/2021", "time": "02:24 PM", "segment": "NSE_CASH", "symbol": "ACC", "type": "SELL", "qty": 2.0, "trade_price": 1853.0, "trade_val": 3706.0, "order_id": "1000000014564258"}, {"date": "20/04/2021", "time": "02:24 PM", "segment": "NSE_CASH", "symbol": "ACC", "type": "SELL", "qty": 10.0, "trade_price": 1853.0, "trade_val": 18530.0, "order_id": "1000000014564258"}, {"date": "20/04/2021", "time": "09:00 AM", "segment": "NSE_CASH", "symbol": "ACC", "type": "BUY", "qty": 112.0, "trade_price": 1871.0, "trade_val": 209552.0, "order_id": "1000000000010372"}, {"date": "16/04/2021", "time": "01:37 PM", "segment": "NSE_CASH", "symbol": "WIPRO", "type": "BUY", "qty": 100.0, "trade_price": 469.55, "trade_val": 46955.0, "order_id": "1300000013462573"}, {"date": "16/04/2021", "time": "02:50 PM", "segment": "NSE_CASH", "symbol": "WIPRO", "type": "SELL", "qty": 100.0, "trade_price": 470.0, "trade_val": 47000.0, "order_id": "1300000016236302"}, {"date": "15/04/2021", "time": "09:30 AM", "segment": "NSE_CASH", "symbol": "ABFRL", "type": "SELL", "qty": 190.0, "trade_price": 173.2, "trade_val": 32908.0, "order_id": "1000000000976684"}, {"date": "13/04/2021", "time": "11:10 AM", "segment": "NSE_CASH", "symbol": "MARICO", "type": "BUY", "qty": 10.0, "trade_price": 419.9, "trade_val": 4199.0, "order_id": "1200000006729541"}, {"date": "13/04/2021", "time": "03:12 PM", "segment": "NSE_CASH", "symbol": "MARICO", "type": "SELL", "qty": 10.0, "trade_price": 420.1, "trade_val": 4201.0, "order_id": "1200000016342859"}, {"date": "12/04/2021", "time": "03:27 PM", "segment": "NSE_CASH", "symbol": "ABFRL", "type": "BUY", "qty": 190.0, "trade_price": 172.0, "trade_val": 32680.0, "order_id": "1000000028069121"}, {"date": "09/04/2021", "time": "09:19 AM", "segment": "NSE_CASH", "symbol": "JSWSTEEL", "type": "BUY", "qty": 66.0, "trade_price": 618.0, "trade_val": 40788.0, "order_id": "1200000000010322"}, {"date": "09/04/2021", "time": "09:46 AM", "segment": "NSE_CASH", "symbol": "JSWSTEEL", "type": "SELL", "qty": 20.0, "trade_price": 612.1, "trade_val": 12242.0, "order_id": "1200000002434576"}, {"date": "09/04/2021", "time": "09:46 AM", "segment": "NSE_CASH", "symbol": "JSWSTEEL", "type": "SELL", "qty": 46.0, "trade_price": 612.1, "trade_val": 28156.6, "order_id": "1200000002434576"}, {"date": "09/04/2021", "time": "09:37 AM", "segment": "NSE_CASH", "symbol": "BARBEQUE", "type": "SELL", "qty": 32.0, "trade_price": 706.95, "trade_val": 22622.4, "order_id": "1000000003010832"}, {"date": "09/04/2021", "time": "09:37 AM", "segment": "NSE_CASH", "symbol": "BARBEQUE", "type": "SELL", "qty": 3.0, "trade_price": 706.95, "trade_val": 2120.85, "order_id": "1000000003010832"}, {"date": "09/04/2021", "time": "09:17 AM", "segment": "NSE_CASH", "symbol": "BARBEQUE", "type": "BUY", "qty": 35.0, "trade_price": 704.0, "trade_val": 24640.0, "order_id": "1000000000398183"}, {"date": "07/04/2021", "time": "01:15 PM", "segment": "NSE_CASH", "symbol": "RECLTD", "type": "SELL", "qty": 1.0, "trade_price": 133.3, "trade_val": 133.3, "order_id": "1300000011012800"}, {"date": "07/04/2021", "time": "12:49 PM", "segment": "NSE_CASH", "symbol": "RECLTD", "type": "BUY", "qty": 1.0, "trade_price": 133.6, "trade_val": 133.6, "order_id": "1300000011012798"}, {"date": "05/04/2021", "time": "02:00 PM", "segment": "NSE_CASH", "symbol": "HINDZINC", "type": "SELL", "qty": 60.0, "trade_price": 290.35, "trade_val": 17421.0, "order_id": "1100000014100279"}, {"date": "05/04/2021", "time": "02:12 PM", "segment": "NSE_CASH", "symbol": "HINDZINC", "type": "BUY", "qty": 7.0, "trade_price": 291.85, "trade_val": 2042.95, "order_id": "1100000014549009"}, {"date": "05/04/2021", "time": "02:12 PM", "segment": "NSE_CASH", "symbol": "HINDZINC", "type": "BUY", "qty": 93.0, "trade_price": 291.9, "trade_val": 27146.7, "order_id": "1100000014549009"}, {"date": "05/04/2021", "time": "01:56 PM", "segment": "NSE_CASH", "symbol": "HINDZINC", "type": "BUY", "qty": 44.0, "trade_price": 292.35, "trade_val": 12863.4, "order_id": "1100000014083962"}, {"date": "05/04/2021", "time": "02:00 PM", "segment": "NSE_CASH", "symbol": "HINDZINC", "type": "SELL", "qty": 68.0, "trade_price": 290.05, "trade_val": 19723.4, "order_id": "1100000014221815"}, {"date": "05/04/2021", "time": "02:00 PM", "segment": "NSE_CASH", "symbol": "HINDZINC", "type": "SELL", "qty": 5.0, "trade_price": 290.05, "trade_val": 1450.25, "order_id": "1100000014221815"}, {"date": "05/04/2021", "time": "02:00 PM", "segment": "NSE_CASH", "symbol": "HINDZINC", "type": "SELL", "qty": 10.0, "trade_price": 290.05, "trade_val": 2900.5, "order_id": "1100000014221815"}, {"date": "05/04/2021", "time": "02:00 PM", "segment": "NSE_CASH", "symbol": "HINDZINC", "type": "SELL", "qty": 17.0, "trade_price": 290.0, "trade_val": 4930.0, "order_id": "1100000014221815"}, {"date": "05/04/2021", "time": "02:00 PM", "segment": "NSE_CASH", "symbol": "HINDZINC", "type": "SELL", "qty": 38.0, "trade_price": 290.35, "trade_val": 11033.3, "order_id": "1100000014100279"}, {"date": "05/04/2021", "time": "02:00 PM", "segment": "NSE_CASH", "symbol": "HINDZINC", "type": "SELL", "qty": 2.0, "trade_price": 290.35, "trade_val": 580.7, "order_id": "1100000014100279"}, {"date": "05/04/2021", "time": "01:56 PM", "segment": "NSE_CASH", "symbol": "HINDZINC", "type": "BUY", "qty": 56.0, "trade_price": 292.35, "trade_val": 16371.6, "order_id": "1100000014083962"}], "total_res": 94.0}, "status_code": 200, "code": 200}