{"s": "ok", "message": "Success", "data": {"COLUMNS": [{"date": "Date", "time": "Time", "segment": "Segment", "symbol": "Symbol", "type": "Trade Type", "qty": "Quantity", "trade_price": "Trade Price (\u20b9)", "trade_val": "Trade Value  (\u20b9)", "order_id": "Order id"}], "DATA": [{"date": "23/09/2022", "time": "09:31 AM", "segment": "NSE_CASH", "symbol": "TATACHEM", "type": "BUY", "qty": 143.0, "trade_price": 1131.9, "trade_val": 161861.7, "order_id": "1300000002703657"}, {"date": "23/09/2022", "time": "09:40 AM", "segment": "NSE_CASH", "symbol": "TATACHEM", "type": "SELL", "qty": 296.0, "trade_price": 1134.95, "trade_val": 335945.2, "order_id": "1300000003815525"}, {"date": "23/09/2022", "time": "09:40 AM", "segment": "NSE_CASH", "symbol": "TATACHEM", "type": "SELL", "qty": 99.0, "trade_price": 1134.95, "trade_val": 112360.05, "order_id": "1300000003815525"}, {"date": "23/09/2022", "time": "09:40 AM", "segment": "NSE_CASH", "symbol": "TATACHEM", "type": "SELL", "qty": 25.0, "trade_price": 1134.95, "trade_val": 28373.75, "order_id": "1300000003815525"}, {"date": "23/09/2022", "time": "09:31 AM", "segment": "NSE_CASH", "symbol": "TATACHEM", "type": "BUY", "qty": 30.0, "trade_price": 1131.9, "trade_val": 33957.0, "order_id": "1300000002703657"}, {"date": "23/09/2022", "time": "09:31 AM", "segment": "NSE_CASH", "symbol": "TATACHEM", "type": "BUY", "qty": 50.0, "trade_price": 1131.9, "trade_val": 56595.0, "order_id": "1300000002703657"}, {"date": "23/09/2022", "time": "09:31 AM", "segment": "NSE_CASH", "symbol": "TATACHEM", "type": "BUY", "qty": 92.0, "trade_price": 1131.9, "trade_val": 104134.8, "order_id": "1300000002703657"}, {"date": "23/09/2022", "time": "09:31 AM", "segment": "NSE_CASH", "symbol": "TATACHEM", "type": "BUY", "qty": 80.0, "trade_price": 1131.9, "trade_val": 90552.0, "order_id": "1300000002703657"}, {"date": "23/09/2022", "time": "09:31 AM", "segment": "NSE_CASH", "symbol": "TATACHEM", "type": "BUY", "qty": 15.0, "trade_price": 1131.9, "trade_val": 16978.5, "order_id": "1300000002703657"}, {"date": "23/09/2022", "time": "09:31 AM", "segment": "NSE_CASH", "symbol": "TATACHEM", "type": "BUY", "qty": 10.0, "trade_price": 1131.9, "trade_val": 11319.0, "order_id": "1300000002703657"}, {"date": "21/09/2022", "time": "03:25 PM", "segment": "NSE_CASH", "symbol": "SUNPHARMA", "type": "SELL", "qty": 7.0, "trade_price": 903.85, "trade_val": 6326.95, "order_id": "1300000020325685"}, {"date": "21/09/2022", "time": "10:57 AM", "segment": "NSE_CASH", "symbol": "SUNPHARMA", "type": "BUY", "qty": 540.0, "trade_price": 909.4, "trade_val": 491076.0, "order_id": "1300000009660111"}, {"date": "21/09/2022", "time": "03:25 PM", "segment": "NSE_CASH", "symbol": "SUNPHARMA", "type": "SELL", "qty": 533.0, "trade_price": 903.85, "trade_val": 481752.05, "order_id": "1300000020325685"}, {"date": "16/09/2022", "time": "09:18 AM", "segment": "NSE_CASH", "symbol": "VEDL", "type": "SELL", "qty": 243.0, "trade_price": 288.35, "trade_val": 70069.05, "order_id": "1300000000946246"}, {"date": "16/09/2022", "time": "09:18 AM", "segment": "NSE_CASH", "symbol": "VEDL", "type": "SELL", "qty": 358.0, "trade_price": 288.35, "trade_val": 103229.3, "order_id": "1300000000946246"}, {"date": "16/09/2022", "time": "09:00 AM", "segment": "NSE_CASH", "symbol": "VEDL", "type": "BUY", "qty": 600.0, "trade_price": 296.15, "trade_val": 177690.0, "order_id": "1300000000086475"}, {"date": "16/09/2022", "time": "09:00 AM", "segment": "NSE_CASH", "symbol": "VEDL", "type": "BUY", "qty": 1.0, "trade_price": 296.15, "trade_val": 296.15, "order_id": "1300000000086436"}, {"date": "09/09/2022", "time": "09:00 AM", "segment": "NSE_CASH", "symbol": "RELIANCE", "type": "SELL", "qty": 1.0, "trade_price": 2610.0, "trade_val": 2610.0, "order_id": "1300000000056872"}, {"date": "09/09/2022", "time": "09:24 AM", "segment": "NSE_CASH", "symbol": "RELIANCE", "type": "BUY", "qty": 1.0, "trade_price": 2592.55, "trade_val": 2592.55, "order_id": "1300000001756017"}, {"date": "08/09/2022", "time": "11:15 AM", "segment": "NSE_CASH", "symbol": "BRITANNIA", "type": "BUY", "qty": 135.0, "trade_price": 3643.9, "trade_val": 491926.5, "order_id": "1000000009429265"}, {"date": "08/09/2022", "time": "11:27 AM", "segment": "NSE_CASH", "symbol": "BRITANNIA", "type": "SELL", "qty": 2.0, "trade_price": 3640.05, "trade_val": 7280.1, "order_id": "1000000010067025"}, {"date": "08/09/2022", "time": "11:24 AM", "segment": "NSE_CASH", "symbol": "BRITANNIA", "type": "SELL", "qty": 150.0, "trade_price": 3646.2, "trade_val": 546930.0, "order_id": "1000000009563932"}, {"date": "08/09/2022", "time": "11:15 AM", "segment": "NSE_CASH", "symbol": "BRITANNIA", "type": "BUY", "qty": 16.0, "trade_price": 3643.9, "trade_val": 58302.4, "order_id": "1000000009429265"}, {"date": "08/09/2022", "time": "11:15 AM", "segment": "NSE_CASH", "symbol": "BRITANNIA", "type": "BUY", "qty": 1.0, "trade_price": 3643.9, "trade_val": 3643.9, "order_id": "1000000009429265"}, {"date": "07/09/2022", "time": "12:07 PM", "segment": "NSE_CASH", "symbol": "ASHOKLEY", "type": "SELL", "qty": 115.0, "trade_price": 161.2, "trade_val": 18538.0, "order_id": "1000000009814430"}, {"date": "07/09/2022", "time": "12:07 PM", "segment": "NSE_CASH", "symbol": "ASHOKLEY", "type": "SELL", "qty": 46.0, "trade_price": 161.2, "trade_val": 7415.2, "order_id": "1000000009814430"}, {"date": "07/09/2022", "time": "10:00 AM", "segment": "NSE_CASH", "symbol": "RELIANCE", "type": "BUY", "qty": 40.0, "trade_price": 2575.0, "trade_val": 103000.0, "order_id": "1300000005416594"}, {"date": "07/09/2022", "time": "12:07 PM", "segment": "NSE_CASH", "symbol": "ASHOKLEY", "type": "SELL", "qty": 17.0, "trade_price": 161.2, "trade_val": 2740.4, "order_id": "1000000009814430"}, {"date": "07/09/2022", "time": "12:07 PM", "segment": "NSE_CASH", "symbol": "ASHOKLEY", "type": "SELL", "qty": 1.0, "trade_price": 161.2, "trade_val": 161.2, "order_id": "1000000009814430"}, {"date": "07/09/2022", "time": "12:07 PM", "segment": "NSE_CASH", "symbol": "ASHOKLEY", "type": "SELL", "qty": 500.0, "trade_price": 161.2, "trade_val": 80600.0, "order_id": "1000000009814430"}, {"date": "07/09/2022", "time": "10:00 AM", "segment": "NSE_CASH", "symbol": "RELIANCE", "type": "BUY", "qty": 14.0, "trade_price": 2575.0, "trade_val": 36050.0, "order_id": "1300000005416594"}, {"date": "07/09/2022", "time": "10:00 AM", "segment": "NSE_CASH", "symbol": "RELIANCE", "type": "BUY", "qty": 50.0, "trade_price": 2575.0, "trade_val": 128750.0, "order_id": "1300000005416594"}, {"date": "07/09/2022", "time": "10:00 AM", "segment": "NSE_CASH", "symbol": "RELIANCE", "type": "BUY", "qty": 93.0, "trade_price": 2575.0, "trade_val": 239475.0, "order_id": "1300000005416594"}, {"date": "07/09/2022", "time": "10:00 AM", "segment": "NSE_CASH", "symbol": "RELIANCE", "type": "BUY", "qty": 3.0, "trade_price": 2575.0, "trade_val": 7725.0, "order_id": "1300000005416594"}, {"date": "07/09/2022", "time": "10:00 AM", "segment": "NSE_CASH", "symbol": "RELIANCE", "type": "BUY", "qty": 3.0, "trade_price": 2575.0, "trade_val": 7725.0, "order_id": "1300000005416594"}, {"date": "07/09/2022", "time": "10:00 AM", "segment": "NSE_CASH", "symbol": "RELIANCE", "type": "BUY", "qty": 5.0, "trade_price": 2575.0, "trade_val": 12875.0, "order_id": "1300000005416594"}, {"date": "07/09/2022", "time": "10:00 AM", "segment": "NSE_CASH", "symbol": "RELIANCE", "type": "BUY", "qty": 4.0, "trade_price": 2575.0, "trade_val": 10300.0, "order_id": "1300000005416594"}, {"date": "07/09/2022", "time": "10:00 AM", "segment": "NSE_CASH", "symbol": "RELIANCE", "type": "BUY", "qty": 3.0, "trade_price": 2575.0, "trade_val": 7725.0, "order_id": "1300000005416594"}, {"date": "07/09/2022", "time": "10:00 AM", "segment": "NSE_CASH", "symbol": "RELIANCE", "type": "BUY", "qty": 3.0, "trade_price": 2575.0, "trade_val": 7725.0, "order_id": "1300000005416594"}, {"date": "07/09/2022", "time": "10:12 AM", "segment": "NSE_CASH", "symbol": "RELIANCE", "type": "SELL", "qty": 218.0, "trade_price": 2575.45, "trade_val": 561448.1, "order_id": "1300000006180878"}, {"date": "07/09/2022", "time": "10:35 AM", "segment": "NSE_CASH", "symbol": "ASHOKLEY", "type": "BUY", "qty": 3484.0, "trade_price": 161.1, "trade_val": 561272.4, "order_id": "1000000007871586"}, {"date": "07/09/2022", "time": "12:07 PM", "segment": "NSE_CASH", "symbol": "ASHOKLEY", "type": "SELL", "qty": 100.0, "trade_price": 161.2, "trade_val": 16120.0, "order_id": "1000000009814430"}, {"date": "07/09/2022", "time": "12:07 PM", "segment": "NSE_CASH", "symbol": "ASHOKLEY", "type": "SELL", "qty": 50.0, "trade_price": 161.2, "trade_val": 8060.0, "order_id": "1000000009814430"}, {"date": "07/09/2022", "time": "12:07 PM", "segment": "NSE_CASH", "symbol": "ASHOKLEY", "type": "SELL", "qty": 10.0, "trade_price": 161.2, "trade_val": 1612.0, "order_id": "1000000009814430"}, {"date": "07/09/2022", "time": "12:07 PM", "segment": "NSE_CASH", "symbol": "ASHOKLEY", "type": "SELL", "qty": 1.0, "trade_price": 161.2, "trade_val": 161.2, "order_id": "1000000009814430"}, {"date": "07/09/2022", "time": "12:07 PM", "segment": "NSE_CASH", "symbol": "ASHOKLEY", "type": "SELL", "qty": 1477.0, "trade_price": 161.2, "trade_val": 238092.4, "order_id": "1000000009814430"}, {"date": "07/09/2022", "time": "12:07 PM", "segment": "NSE_CASH", "symbol": "ASHOKLEY", "type": "SELL", "qty": 230.0, "trade_price": 161.2, "trade_val": 37076.0, "order_id": "1000000009814430"}, {"date": "07/09/2022", "time": "12:07 PM", "segment": "NSE_CASH", "symbol": "ASHOKLEY", "type": "SELL", "qty": 130.0, "trade_price": 161.2, "trade_val": 20956.0, "order_id": "1000000009814430"}, {"date": "07/09/2022", "time": "12:07 PM", "segment": "NSE_CASH", "symbol": "ASHOKLEY", "type": "SELL", "qty": 500.0, "trade_price": 161.2, "trade_val": 80600.0, "order_id": "1000000009814430"}, {"date": "07/09/2022", "time": "12:07 PM", "segment": "NSE_CASH", "symbol": "ASHOKLEY", "type": "SELL", "qty": 1.0, "trade_price": 161.2, "trade_val": 161.2, "order_id": "1000000009814430"}, {"date": "07/09/2022", "time": "12:07 PM", "segment": "NSE_CASH", "symbol": "ASHOKLEY", "type": "SELL", "qty": 228.0, "trade_price": 161.2, "trade_val": 36753.6, "order_id": "1000000009814430"}, {"date": "07/09/2022", "time": "12:07 PM", "segment": "NSE_CASH", "symbol": "ASHOKLEY", "type": "SELL", "qty": 50.0, "trade_price": 161.2, "trade_val": 8060.0, "order_id": "1000000009814430"}, {"date": "07/09/2022", "time": "12:07 PM", "segment": "NSE_CASH", "symbol": "ASHOKLEY", "type": "SELL", "qty": 28.0, "trade_price": 161.2, "trade_val": 4513.6, "order_id": "1000000009814430"}], "total_res": 53.0}, "status_code": 200, "code": 200}