{"s": "ok", "message": "Success", "data": {"COLUMNS": [{"date": "Date", "time": "Time", "segment": "Segment", "symbol": "Symbol", "type": "Trade Type", "qty": "Quantity", "trade_price": "Trade Price (\u20b9)", "trade_val": "Trade Value  (\u20b9)", "order_id": "Order id"}], "DATA": [{"date": "25/04/2023", "time": "10:26 AM", "segment": "NSE_CASH", "symbol": "INFY", "type": "SELL", "qty": 10.0, "trade_price": 1226.75, "trade_val": 12267.5, "order_id": "1100000007418218"}, {"date": "20/04/2023", "time": "11:30 AM", "segment": "NSE_CASH", "symbol": "INFY", "type": "BUY", "qty": 80.0, "trade_price": 1223.0, "trade_val": 97840.0, "order_id": "1100000010747694"}], "total_res": 2.0}, "status_code": 200, "code": 200}