{"s": "ok", "message": "Success", "data": {"COLUMNS": [{"date": "Date", "time": "Time", "segment": "Segment", "symbol": "Symbol", "type": "Trade Type", "qty": "Quantity", "trade_price": "Trade Price (\u20b9)", "trade_val": "Trade Value  (\u20b9)", "order_id": "Order id"}], "DATA": [{"date": "02/05/2022", "time": "01:10 PM", "segment": "NSE_CASH", "symbol": "DIXON", "type": "BUY", "qty": 21.0, "trade_price": 3999.95, "trade_val": 83998.95, "order_id": "1100000013937962"}], "total_res": 1.0}, "status_code": 200, "code": 200}