{"s": "ok", "message": "Success", "data": {"COLUMNS": [{"date": "Date", "time": "Time", "segment": "Segment", "symbol": "Symbol", "type": "Trade Type", "qty": "Quantity", "trade_price": "Trade Price (\u20b9)", "trade_val": "Trade Value  (\u20b9)", "order_id": "Order id"}], "DATA": [{"date": "31/12/2020", "time": "03:01 PM", "segment": "NSE_CASH", "symbol": "RAMCOCEM", "type": "SELL", "qty": 8.0, "trade_price": 794.0, "trade_val": 6352.0, "order_id": "1300000013844722"}, {"date": "31/12/2020", "time": "02:37 PM", "segment": "NSE_CASH", "symbol": "RAMCOCEM", "type": "BUY", "qty": 148.0, "trade_price": 798.15, "trade_val": 118126.2, "order_id": "1300000012904145"}, {"date": "31/12/2020", "time": "02:37 PM", "segment": "NSE_CASH", "symbol": "RAMCOCEM", "type": "BUY", "qty": 52.0, "trade_price": 798.15, "trade_val": 41503.8, "order_id": "1300000012904145"}, {"date": "31/12/2020", "time": "10:55 AM", "segment": "NSE_CASH", "symbol": "LUPIN", "type": "SELL", "qty": 150.0, "trade_price": 984.85, "trade_val": 147727.5, "order_id": "1200000003992243"}, {"date": "31/12/2020", "time": "10:33 AM", "segment": "NSE_CASH", "symbol": "LUPIN", "type": "BUY", "qty": 32.0, "trade_price": 987.45, "trade_val": 31598.4, "order_id": "1200000003840996"}, {"date": "31/12/2020", "time": "10:33 AM", "segment": "NSE_CASH", "symbol": "LUPIN", "type": "BUY", "qty": 118.0, "trade_price": 987.5, "trade_val": 116525.0, "order_id": "1200000003840996"}, {"date": "31/12/2020", "time": "09:54 AM", "segment": "NSE_CASH", "symbol": "UPL", "type": "SELL", "qty": 149.0, "trade_price": 463.35, "trade_val": 69039.15, "order_id": "1300000002859464"}, {"date": "31/12/2020", "time": "09:50 AM", "segment": "NSE_CASH", "symbol": "UPL", "type": "SELL", "qty": 1.0, "trade_price": 463.9, "trade_val": 463.9, "order_id": "1300000002381925"}, {"date": "31/12/2020", "time": "09:39 AM", "segment": "NSE_CASH", "symbol": "UPL", "type": "BUY", "qty": 24.0, "trade_price": 463.4, "trade_val": 11121.6, "order_id": "1300000002229785"}, {"date": "31/12/2020", "time": "09:39 AM", "segment": "NSE_CASH", "symbol": "UPL", "type": "BUY", "qty": 126.0, "trade_price": 463.4, "trade_val": 58388.4, "order_id": "1300000002229785"}, {"date": "31/12/2020", "time": "03:01 PM", "segment": "NSE_CASH", "symbol": "RAMCOCEM", "type": "SELL", "qty": 92.0, "trade_price": 794.0, "trade_val": 73048.0, "order_id": "1300000013844722"}, {"date": "31/12/2020", "time": "03:01 PM", "segment": "NSE_CASH", "symbol": "RAMCOCEM", "type": "SELL", "qty": 100.0, "trade_price": 794.0, "trade_val": 79400.0, "order_id": "1300000013844722"}, {"date": "30/12/2020", "time": "01:55 PM", "segment": "NSE_CASH", "symbol": "ADANIGAS", "type": "BUY", "qty": 10.0, "trade_price": 383.7, "trade_val": 3837.0, "order_id": "1000000012017371"}, {"date": "30/12/2020", "time": "09:15 AM", "segment": "NSE_CASH", "symbol": "JINDALSTEL", "type": "BUY", "qty": 88.0, "trade_price": 261.2, "trade_val": 22985.6, "order_id": "1200000000176287"}, {"date": "30/12/2020", "time": "09:21 AM", "segment": "NSE_CASH", "symbol": "JINDALSTEL", "type": "SELL", "qty": 88.0, "trade_price": 261.35, "trade_val": 22998.8, "order_id": "1200000000734023"}, {"date": "30/12/2020", "time": "01:55 PM", "segment": "NSE_CASH", "symbol": "ADANIGAS", "type": "BUY", "qty": 5.0, "trade_price": 384.0, "trade_val": 1920.0, "order_id": "1000000012017371"}, {"date": "30/12/2020", "time": "01:55 PM", "segment": "NSE_CASH", "symbol": "ADANIGAS", "type": "BUY", "qty": 2.0, "trade_price": 384.0, "trade_val": 768.0, "order_id": "1000000012017371"}, {"date": "30/12/2020", "time": "01:55 PM", "segment": "NSE_CASH", "symbol": "ADANIGAS", "type": "BUY", "qty": 26.0, "trade_price": 384.0, "trade_val": 9984.0, "order_id": "1000000012017371"}, {"date": "30/12/2020", "time": "01:55 PM", "segment": "NSE_CASH", "symbol": "ADANIGAS", "type": "BUY", "qty": 104.0, "trade_price": 384.0, "trade_val": 39936.0, "order_id": "1000000012017371"}, {"date": "30/12/2020", "time": "01:55 PM", "segment": "NSE_CASH", "symbol": "ADANIGAS", "type": "BUY", "qty": 3.0, "trade_price": 384.0, "trade_val": 1152.0, "order_id": "1000000012017371"}, {"date": "30/12/2020", "time": "11:38 AM", "segment": "NSE_CASH", "symbol": "SAIL", "type": "SELL", "qty": 200.0, "trade_price": 67.15, "trade_val": 13430.0, "order_id": "1300000006291841"}, {"date": "30/12/2020", "time": "11:17 AM", "segment": "NSE_CASH", "symbol": "SAIL", "type": "BUY", "qty": 129.0, "trade_price": 67.5, "trade_val": 8707.5, "order_id": "1300000006033085"}, {"date": "30/12/2020", "time": "11:17 AM", "segment": "NSE_CASH", "symbol": "SAIL", "type": "BUY", "qty": 71.0, "trade_price": 67.5, "trade_val": 4792.5, "order_id": "1300000006033085"}, {"date": "30/12/2020", "time": "09:29 AM", "segment": "NSE_CASH", "symbol": "UPL", "type": "BUY", "qty": 140.0, "trade_price": 470.5, "trade_val": 65870.0, "order_id": "1300000001595338"}, {"date": "30/12/2020", "time": "10:23 AM", "segment": "NSE_CASH", "symbol": "MOTHERSUMI", "type": "SELL", "qty": 24.0, "trade_price": 156.55, "trade_val": 3757.2, "order_id": "1200000002787571"}, {"date": "30/12/2020", "time": "10:23 AM", "segment": "NSE_CASH", "symbol": "MOTHERSUMI", "type": "SELL", "qty": 376.0, "trade_price": 156.55, "trade_val": 58862.8, "order_id": "1200000002787571"}, {"date": "30/12/2020", "time": "10:00 AM", "segment": "NSE_CASH", "symbol": "MOTHERSUMI", "type": "BUY", "qty": 400.0, "trade_price": 156.45, "trade_val": 62580.0, "order_id": "1200000002716484"}, {"date": "30/12/2020", "time": "09:31 AM", "segment": "NSE_CASH", "symbol": "UPL", "type": "SELL", "qty": 140.0, "trade_price": 470.8, "trade_val": 65912.0, "order_id": "1300000001768587"}, {"date": "30/12/2020", "time": "01:59 PM", "segment": "NSE_CASH", "symbol": "ADANIGAS", "type": "SELL", "qty": 150.0, "trade_price": 386.45, "trade_val": 57967.5, "order_id": "1000000012902559"}, {"date": "29/12/2020", "time": "09:48 AM", "segment": "NSE_CASH", "symbol": "NTPC", "type": "SELL", "qty": 71.0, "trade_price": 99.55, "trade_val": 7068.05, "order_id": "1200000001825743"}, {"date": "29/12/2020", "time": "09:15 AM", "segment": "NSE_CASH", "symbol": "BIOCON", "type": "BUY", "qty": 56.0, "trade_price": 472.5, "trade_val": 26460.0, "order_id": "1000000000195329"}, {"date": "29/12/2020", "time": "09:18 AM", "segment": "NSE_CASH", "symbol": "BIOCON", "type": "SELL", "qty": 46.0, "trade_price": 471.8, "trade_val": 21702.8, "order_id": "1000000000620739"}, {"date": "29/12/2020", "time": "09:18 AM", "segment": "NSE_CASH", "symbol": "BIOCON", "type": "SELL", "qty": 10.0, "trade_price": 471.8, "trade_val": 4718.0, "order_id": "1000000000620739"}, {"date": "29/12/2020", "time": "09:23 AM", "segment": "NSE_CASH", "symbol": "TATACHEM", "type": "BUY", "qty": 100.0, "trade_price": 500.5, "trade_val": 50050.0, "order_id": "1300000000927939"}, {"date": "29/12/2020", "time": "09:24 AM", "segment": "NSE_CASH", "symbol": "TATACHEM", "type": "SELL", "qty": 95.0, "trade_price": 498.65, "trade_val": 47371.75, "order_id": "1300000001173587"}, {"date": "29/12/2020", "time": "09:24 AM", "segment": "NSE_CASH", "symbol": "TATACHEM", "type": "SELL", "qty": 5.0, "trade_price": 498.65, "trade_val": 2493.25, "order_id": "1300000001173587"}, {"date": "29/12/2020", "time": "09:31 AM", "segment": "NSE_CASH", "symbol": "POWERGRID", "type": "BUY", "qty": 50.0, "trade_price": 190.25, "trade_val": 9512.5, "order_id": "1200000001387313"}, {"date": "29/12/2020", "time": "09:37 AM", "segment": "NSE_CASH", "symbol": "NTPC", "type": "BUY", "qty": 85.0, "trade_price": 99.75, "trade_val": 8478.75, "order_id": "1200000001625226"}, {"date": "29/12/2020", "time": "09:48 AM", "segment": "NSE_CASH", "symbol": "NTPC", "type": "SELL", "qty": 14.0, "trade_price": 99.5, "trade_val": 1393.0, "order_id": "1200000001825743"}, {"date": "29/12/2020", "time": "10:38 AM", "segment": "NSE_CASH", "symbol": "BPCL", "type": "BUY", "qty": 150.0, "trade_price": 379.25, "trade_val": 56887.5, "order_id": "1000000005129021"}, {"date": "29/12/2020", "time": "10:40 AM", "segment": "NSE_CASH", "symbol": "POWERGRID", "type": "SELL", "qty": 50.0, "trade_price": 190.35, "trade_val": 9517.5, "order_id": "1200000002197275"}, {"date": "29/12/2020", "time": "10:47 AM", "segment": "NSE_CASH", "symbol": "BPCL", "type": "SELL", "qty": 2.0, "trade_price": 378.65, "trade_val": 757.3, "order_id": "1000000005646435"}, {"date": "29/12/2020", "time": "10:47 AM", "segment": "NSE_CASH", "symbol": "BPCL", "type": "SELL", "qty": 147.0, "trade_price": 378.65, "trade_val": 55661.55, "order_id": "1000000005646435"}, {"date": "29/12/2020", "time": "10:47 AM", "segment": "NSE_CASH", "symbol": "BPCL", "type": "SELL", "qty": 1.0, "trade_price": 378.65, "trade_val": 378.65, "order_id": "1000000005646435"}, {"date": "28/12/2020", "time": "11:08 AM", "segment": "NSE_CASH", "symbol": "TATAMOTORS", "type": "SELL", "qty": 20.0, "trade_price": 182.55, "trade_val": 3651.0, "order_id": "1300000004012306"}, {"date": "28/12/2020", "time": "10:16 AM", "segment": "NSE_CASH", "symbol": "TATAMOTORS", "type": "BUY", "qty": 300.0, "trade_price": 183.45, "trade_val": 55035.0, "order_id": "1300000002141772"}, {"date": "28/12/2020", "time": "09:23 AM", "segment": "NSE_CASH", "symbol": "NESTLEIND", "type": "SELL", "qty": 2.0, "trade_price": 18637.0, "trade_val": 37274.0, "order_id": "1200000000907497"}, {"date": "28/12/2020", "time": "09:23 AM", "segment": "NSE_CASH", "symbol": "NESTLEIND", "type": "SELL", "qty": 1.0, "trade_price": 18637.05, "trade_val": 18637.05, "order_id": "1200000000907497"}, {"date": "28/12/2020", "time": "09:15 AM", "segment": "NSE_CASH", "symbol": "NESTLEIND", "type": "BUY", "qty": 3.0, "trade_price": 18746.25, "trade_val": 56238.75, "order_id": "1200000000172940"}, {"date": "28/12/2020", "time": "11:08 AM", "segment": "NSE_CASH", "symbol": "TATAMOTORS", "type": "SELL", "qty": 100.0, "trade_price": 182.55, "trade_val": 18255.0, "order_id": "1300000004012306"}, {"date": "28/12/2020", "time": "11:08 AM", "segment": "NSE_CASH", "symbol": "TATAMOTORS", "type": "SELL", "qty": 180.0, "trade_price": 182.55, "trade_val": 32859.0, "order_id": "1300000004012306"}, {"date": "23/12/2020", "time": "09:34 AM", "segment": "NSE_CASH", "symbol": "JUBLFOOD", "type": "SELL", "qty": 2.0, "trade_price": 2754.7, "trade_val": 5509.4, "order_id": "1200000001815150"}, {"date": "23/12/2020", "time": "09:34 AM", "segment": "NSE_CASH", "symbol": "JUBLFOOD", "type": "SELL", "qty": 6.0, "trade_price": 2754.8, "trade_val": 16528.8, "order_id": "1200000001815150"}, {"date": "23/12/2020", "time": "09:27 AM", "segment": "NSE_CASH", "symbol": "JUBLFOOD", "type": "BUY", "qty": 17.0, "trade_price": 2794.8, "trade_val": 47511.6, "order_id": "1200000001303103"}, {"date": "23/12/2020", "time": "09:34 AM", "segment": "NSE_CASH", "symbol": "JUBLFOOD", "type": "SELL", "qty": 9.0, "trade_price": 2754.6, "trade_val": 24791.4, "order_id": "1200000001815150"}, {"date": "23/12/2020", "time": "11:17 AM", "segment": "NSE_CASH", "symbol": "BSOFT", "type": "SELL", "qty": 99.0, "trade_price": 252.25, "trade_val": 24972.75, "order_id": "1200000006083106"}, {"date": "23/12/2020", "time": "11:17 AM", "segment": "NSE_CASH", "symbol": "BSOFT", "type": "SELL", "qty": 1.0, "trade_price": 252.25, "trade_val": 252.25, "order_id": "1200000006083106"}, {"date": "23/12/2020", "time": "11:07 AM", "segment": "NSE_CASH", "symbol": "BSOFT", "type": "BUY", "qty": 50.0, "trade_price": 251.8, "trade_val": 12590.0, "order_id": "1200000005189989"}, {"date": "23/12/2020", "time": "11:07 AM", "segment": "NSE_CASH", "symbol": "BSOFT", "type": "BUY", "qty": 50.0, "trade_price": 251.8, "trade_val": 12590.0, "order_id": "1200000005189989"}, {"date": "23/12/2020", "time": "11:04 AM", "segment": "NSE_CASH", "symbol": "VEDL", "type": "SELL", "qty": 70.0, "trade_price": 144.25, "trade_val": 10097.5, "order_id": "1300000005448465"}, {"date": "23/12/2020", "time": "10:54 AM", "segment": "NSE_CASH", "symbol": "VEDL", "type": "BUY", "qty": 70.0, "trade_price": 144.35, "trade_val": 10104.5, "order_id": "1300000005350351"}, {"date": "22/12/2020", "time": "03:14 PM", "segment": "NSE_CASH", "symbol": "BSOFT", "type": "SELL", "qty": 47.0, "trade_price": 233.5, "trade_val": 10974.5, "order_id": "1200000017193054"}, {"date": "22/12/2020", "time": "03:13 PM", "segment": "NSE_CASH", "symbol": "BSOFT", "type": "BUY", "qty": 47.0, "trade_price": 231.9, "trade_val": 10899.3, "order_id": "1200000016245082"}, {"date": "21/12/2020", "time": "01:29 PM", "segment": "NSE_CASH", "symbol": "TATAMOTORS", "type": "BUY", "qty": 39.0, "trade_price": 174.2, "trade_val": 6793.8, "order_id": "1300000011251068"}, {"date": "21/12/2020", "time": "02:37 PM", "segment": "NSE_CASH", "symbol": "VEDL", "type": "SELL", "qty": 20.0, "trade_price": 136.9, "trade_val": 2738.0, "order_id": "1300000016375343"}, {"date": "21/12/2020", "time": "02:36 PM", "segment": "NSE_CASH", "symbol": "VEDL", "type": "SELL", "qty": 40.0, "trade_price": 134.05, "trade_val": 5362.0, "order_id": "1300000016190611"}, {"date": "21/12/2020", "time": "02:28 PM", "segment": "NSE_CASH", "symbol": "VEDL", "type": "BUY", "qty": 60.0, "trade_price": 132.75, "trade_val": 7965.0, "order_id": "1300000014834708"}, {"date": "21/12/2020", "time": "02:19 PM", "segment": "NSE_CASH", "symbol": "BPCL", "type": "SELL", "qty": 11.0, "trade_price": 374.55, "trade_val": 4120.05, "order_id": "1000000015531127"}, {"date": "21/12/2020", "time": "02:19 PM", "segment": "NSE_CASH", "symbol": "BPCL", "type": "SELL", "qty": 5.0, "trade_price": 374.55, "trade_val": 1872.75, "order_id": "1000000015531127"}, {"date": "21/12/2020", "time": "02:19 PM", "segment": "NSE_CASH", "symbol": "TATAMOTORS", "type": "SELL", "qty": 39.0, "trade_price": 169.35, "trade_val": 6604.65, "order_id": "1300000014162440"}, {"date": "21/12/2020", "time": "01:27 PM", "segment": "NSE_CASH", "symbol": "BPCL", "type": "BUY", "qty": 16.0, "trade_price": 379.3, "trade_val": 6068.8, "order_id": "1000000011834535"}], "total_res": 71.0}, "status_code": 200, "code": 200}