{"s": "ok", "message": "Success", "data": {"COLUMNS": [{"date": "Date", "time": "Time", "segment": "Segment", "symbol": "Symbol", "type": "Trade Type", "qty": "Quantity", "trade_price": "Trade Price (\u20b9)", "trade_val": "Trade Value  (\u20b9)", "order_id": "Order id"}], "DATA": [{"date": "21/06/2022", "time": "02:18 PM", "segment": "NSE_CASH", "symbol": "MARICO", "type": "SELL", "qty": 20.0, "trade_price": 479.45, "trade_val": 9589.0, "order_id": "1200000013825902"}, {"date": "21/06/2022", "time": "02:18 PM", "segment": "NSE_CASH", "symbol": "MARICO", "type": "SELL", "qty": 20.0, "trade_price": 479.45, "trade_val": 9589.0, "order_id": "1200000013825902"}, {"date": "21/06/2022", "time": "02:18 PM", "segment": "NSE_CASH", "symbol": "MARICO", "type": "SELL", "qty": 20.0, "trade_price": 479.45, "trade_val": 9589.0, "order_id": "1200000013825902"}, {"date": "21/06/2022", "time": "02:18 PM", "segment": "NSE_CASH", "symbol": "MARICO", "type": "SELL", "qty": 20.0, "trade_price": 479.45, "trade_val": 9589.0, "order_id": "1200000013825902"}, {"date": "21/06/2022", "time": "02:18 PM", "segment": "NSE_CASH", "symbol": "MARICO", "type": "SELL", "qty": 20.0, "trade_price": 479.45, "trade_val": 9589.0, "order_id": "1200000013825902"}, {"date": "21/06/2022", "time": "02:00 PM", "segment": "NSE_CASH", "symbol": "MARICO", "type": "BUY", "qty": 573.0, "trade_price": 481.9, "trade_val": 276128.7, "order_id": "1200000013762851"}, {"date": "21/06/2022", "time": "02:18 PM", "segment": "NSE_CASH", "symbol": "MARICO", "type": "SELL", "qty": 20.0, "trade_price": 479.45, "trade_val": 9589.0, "order_id": "1200000013825902"}, {"date": "21/06/2022", "time": "02:18 PM", "segment": "NSE_CASH", "symbol": "MARICO", "type": "SELL", "qty": 20.0, "trade_price": 479.45, "trade_val": 9589.0, "order_id": "1200000013825902"}, {"date": "21/06/2022", "time": "02:18 PM", "segment": "NSE_CASH", "symbol": "MARICO", "type": "SELL", "qty": 20.0, "trade_price": 479.45, "trade_val": 9589.0, "order_id": "1200000013825902"}, {"date": "21/06/2022", "time": "02:18 PM", "segment": "NSE_CASH", "symbol": "MARICO", "type": "SELL", "qty": 20.0, "trade_price": 479.45, "trade_val": 9589.0, "order_id": "1200000013825902"}, {"date": "21/06/2022", "time": "02:18 PM", "segment": "NSE_CASH", "symbol": "MARICO", "type": "SELL", "qty": 9.0, "trade_price": 479.45, "trade_val": 4315.05, "order_id": "1200000013825902"}, {"date": "21/06/2022", "time": "02:18 PM", "segment": "NSE_CASH", "symbol": "MARICO", "type": "SELL", "qty": 1.0, "trade_price": 479.45, "trade_val": 479.45, "order_id": "1200000013825902"}, {"date": "21/06/2022", "time": "02:18 PM", "segment": "NSE_CASH", "symbol": "MARICO", "type": "SELL", "qty": 15.0, "trade_price": 479.4, "trade_val": 7191.0, "order_id": "1200000013825902"}, {"date": "21/06/2022", "time": "02:18 PM", "segment": "NSE_CASH", "symbol": "MARICO", "type": "SELL", "qty": 111.0, "trade_price": 479.45, "trade_val": 53218.95, "order_id": "1200000013825902"}, {"date": "21/06/2022", "time": "02:18 PM", "segment": "NSE_CASH", "symbol": "MARICO", "type": "SELL", "qty": 20.0, "trade_price": 479.45, "trade_val": 9589.0, "order_id": "1200000013825902"}, {"date": "21/06/2022", "time": "02:18 PM", "segment": "NSE_CASH", "symbol": "MARICO", "type": "SELL", "qty": 20.0, "trade_price": 479.45, "trade_val": 9589.0, "order_id": "1200000013825902"}, {"date": "21/06/2022", "time": "02:18 PM", "segment": "NSE_CASH", "symbol": "MARICO", "type": "SELL", "qty": 20.0, "trade_price": 479.45, "trade_val": 9589.0, "order_id": "1200000013825902"}, {"date": "21/06/2022", "time": "02:18 PM", "segment": "NSE_CASH", "symbol": "MARICO", "type": "SELL", "qty": 20.0, "trade_price": 479.45, "trade_val": 9589.0, "order_id": "1200000013825902"}, {"date": "21/06/2022", "time": "02:18 PM", "segment": "NSE_CASH", "symbol": "MARICO", "type": "SELL", "qty": 20.0, "trade_price": 479.45, "trade_val": 9589.0, "order_id": "1200000013825902"}, {"date": "21/06/2022", "time": "02:18 PM", "segment": "NSE_CASH", "symbol": "MARICO", "type": "SELL", "qty": 157.0, "trade_price": 479.4, "trade_val": 75265.8, "order_id": "1200000013825902"}, {"date": "01/06/2022", "time": "12:48 PM", "segment": "NSE_CASH", "symbol": "ITC", "type": "SELL", "qty": 1.0, "trade_price": 272.55, "trade_val": 272.55, "order_id": "1100000012124970"}, {"date": "01/06/2022", "time": "12:48 PM", "segment": "NSE_CASH", "symbol": "ITC", "type": "BUY", "qty": 121.0, "trade_price": 272.6, "trade_val": 32984.6, "order_id": "1100000012150637"}, {"date": "01/06/2022", "time": "12:49 PM", "segment": "NSE_CASH", "symbol": "ITC", "type": "SELL", "qty": 121.0, "trade_price": 272.55, "trade_val": 32978.55, "order_id": "1100000012162111"}, {"date": "01/06/2022", "time": "12:47 PM", "segment": "NSE_CASH", "symbol": "ITC", "type": "BUY", "qty": 1.0, "trade_price": 272.6, "trade_val": 272.6, "order_id": "1100000012112163"}], "total_res": 24.0}, "status_code": 200, "code": 200}