{"s": "ok", "message": "Success", "data": {"COLUMNS": [{"date": "Date", "time": "Time", "segment": "Segment", "symbol": "Symbol", "type": "Trade Type", "qty": "Quantity", "trade_price": "Trade Price (\u20b9)", "trade_val": "Trade Value  (\u20b9)", "order_id": "Order id"}], "DATA": [{"date": "11/08/2021", "time": "02:17 PM", "segment": "NSE_CASH", "symbol": "JINDALSTEL", "type": "BUY", "qty": 60.0, "trade_price": 422.0, "trade_val": 25320.0, "order_id": "1628666653262449703"}, {"date": "11/08/2021", "time": "02:30 PM", "segment": "NSE_CASH", "symbol": "JINDALSTEL", "type": "SELL", "qty": 60.0, "trade_price": 421.15, "trade_val": 25269.0, "order_id": "1628666653262453798"}], "total_res": 2.0}, "status_code": 200, "code": 200}