{
  "s": "ok",
  "message": "Success",
  "data": {
    "COLUMNS": [
      {
        "date": "Date",
        "time": "Time",
        "segment": "Segment",
        "symbol": "Symbol",
        "type": "Trade Type",
        "qty": "Quantity",
        "trade_price": "Trade Price (\u20b9)",
        "trade_val": "Trade Value  (\u20b9)",
        "order_id": "Order id"
      }
    ],
    "DATA": [
      {
        "date": "26/09/2025",
        "time": "01:27 PM",
        "segment": "NSE_FNO",
        "symbol": "IO CE NIFTY 30Sep2025 24900",
        "type": "BUY",
        "qty": 75.0,
        "trade_price": 34.6,
        "trade_val": 2595.0,
        "order_id": "1100000130150367"
      },
      {
        "date": "26/09/2025",
        "time": "01:27 PM",
        "segment": "NSE_FNO",
        "symbol": "IO CE NIFTY 30Sep2025 24900",
        "type": "BUY",
        "qty": 450.0,
        "trade_price": 34.6,
        "trade_val": 15570.0,
        "order_id": "1100000130149069"
      },
      {
        "date": "26/09/2025",
        "time": "01:27 PM",
        "segment": "NSE_FNO",
        "symbol": "IO CE NIFTY 30Sep2025 24900",
        "type": "BUY",
        "qty": 75.0,
        "trade_price": 34.6,
        "trade_val": 2595.0,
        "order_id": "1100000130150367"
      },
      {
        "date": "26/09/2025",
        "time": "01:33 PM",
        "segment": "NSE_FNO",
        "symbol": "IO CE NIFTY 30Sep2025 24900",
        "type": "SELL",
        "qty": 525.0,
        "trade_price": 34.6,
        "trade_val": 18165.0,
        "order_id": "1100000134311551"
      },
      {
        "date": "26/09/2025",
        "time": "01:33 PM",
        "segment": "NSE_FNO",
        "symbol": "IO CE NIFTY 30Sep2025 24900",
        "type": "SELL",
        "qty": 525.0,
        "trade_price": 34.6,
        "trade_val": 18165.0,
        "order_id": "1100000134311551"
      },
      {
        "date": "26/09/2025",
        "time": "01:33 PM",
        "segment": "NSE_FNO",
        "symbol": "IO CE NIFTY 30Sep2025 24900",
        "type": "SELL",
        "qty": 675.0,
        "trade_price": 34.6,
        "trade_val": 23355.0,
        "order_id": "1100000134311457"
      },
      {
        "date": "26/09/2025",
        "time": "01:33 PM",
        "segment": "NSE_FNO",
        "symbol": "IO CE NIFTY 30Sep2025 24900",
        "type": "SELL",
        "qty": 1050.0,
        "trade_price": 34.6,
        "trade_val": 36330.0,
        "order_id": "1100000134311457"
      },
      {
        "date": "26/09/2025",
        "time": "01:33 PM",
        "segment": "NSE_FNO",
        "symbol": "IO CE NIFTY 30Sep2025 24900",
        "type": "SELL",
        "qty": 75.0,
        "trade_price": 34.65,
        "trade_val": 2598.75,
        "order_id": "1100000134311457"
      },
      {
        "date": "26/09/2025",
        "time": "01:27 PM",
        "segment": "NSE_FNO",
        "symbol": "IO CE NIFTY 30Sep2025 24900",
        "type": "BUY",
        "qty": 900.0,
        "trade_price": 34.6,
        "trade_val": 31140.0,
        "order_id": "1100000130149069"
      },
      {
        "date": "26/09/2025",
        "time": "01:27 PM",
        "segment": "NSE_FNO",
        "symbol": "IO CE NIFTY 30Sep2025 24900",
        "type": "BUY",
        "qty": 75.0,
        "trade_price": 34.6,
        "trade_val": 2595.0,
        "order_id": "1100000130150367"
      },
      {
        "date": "26/09/2025",
        "time": "01:27 PM",
        "segment": "NSE_FNO",
        "symbol": "IO CE NIFTY 30Sep2025 24900",
        "type": "BUY",
        "qty": 300.0,
        "trade_price": 34.6,
        "trade_val": 10380.0,
        "order_id": "1100000130150367"
      },
      {
        "date": "26/09/2025",
        "time": "01:27 PM",
        "segment": "NSE_FNO",
        "symbol": "IO CE NIFTY 30Sep2025 24900",
        "type": "BUY",
        "qty": 75.0,
        "trade_price": 34.6,
        "trade_val": 2595.0,
        "order_id": "1100000130149069"
      },
      {
        "date": "26/09/2025",
        "time": "01:27 PM",
        "segment": "NSE_FNO",
        "symbol": "IO CE NIFTY 30Sep2025 24900",
        "type": "BUY",
        "qty": 150.0,
        "trade_price": 34.6,
        "trade_val": 5190.0,
        "order_id": "1100000130149069"
      },
      {
        "date": "26/09/2025",
        "time": "01:27 PM",
        "segment": "NSE_FNO",
        "symbol": "IO CE NIFTY 30Sep2025 24900",
        "type": "BUY",
        "qty": 75.0,
        "trade_price": 34.6,
        "trade_val": 2595.0,
        "order_id": "1100000130149069"
      },
      {
        "date": "26/09/2025",
        "time": "01:27 PM",
        "segment": "NSE_FNO",
        "symbol": "IO CE NIFTY 30Sep2025 24900",
        "type": "BUY",
        "qty": 525.0,
        "trade_price": 34.6,
        "trade_val": 18165.0,
        "order_id": "1100000130150367"
      },
      {
        "date": "26/09/2025",
        "time": "01:27 PM",
        "segment": "NSE_FNO",
        "symbol": "IO CE NIFTY 30Sep2025 24900",
        "type": "BUY",
        "qty": 75.0,
        "trade_price": 34.6,
        "trade_val": 2595.0,
        "order_id": "1100000130149069"
      },
      {
        "date": "26/09/2025",
        "time": "01:27 PM",
        "segment": "NSE_FNO",
        "symbol": "IO CE NIFTY 30Sep2025 24900",
        "type": "BUY",
        "qty": 75.0,
        "trade_price": 34.6,
        "trade_val": 2595.0,
        "order_id": "1100000130149069"
      },
      {
        "date": "17/09/2025",
        "time": "09:22 AM",
        "segment": "BSE_FNO",
        "symbol": "IO PE SENSEX 18Sep2025 82000",
        "type": "SELL",
        "qty": 300.0,
        "trade_price": 41.95,
        "trade_val": 12585.0,
        "order_id": "1758081027314234156"
      },
      {
        "date": "17/09/2025",
        "time": "09:20 AM",
        "segment": "BSE_FNO",
        "symbol": "IO PE SENSEX 18Sep2025 82000",
        "type": "BUY",
        "qty": 80.0,
        "trade_price": 45.1,
        "trade_val": 3608.0,
        "order_id": "1758081027314063432"
      },
      {
        "date": "17/09/2025",
        "time": "09:20 AM",
        "segment": "BSE_FNO",
        "symbol": "IO PE SENSEX 18Sep2025 82000",
        "type": "BUY",
        "qty": 380.0,
        "trade_price": 45.1,
        "trade_val": 17138.0,
        "order_id": "1758081027314063432"
      },
      {
        "date": "17/09/2025",
        "time": "09:20 AM",
        "segment": "BSE_FNO",
        "symbol": "IO PE SENSEX 18Sep2025 82000",
        "type": "BUY",
        "qty": 400.0,
        "trade_price": 45.1,
        "trade_val": 18040.0,
        "order_id": "1758081027314063432"
      },
      {
        "date": "17/09/2025",
        "time": "09:20 AM",
        "segment": "BSE_FNO",
        "symbol": "IO PE SENSEX 18Sep2025 82000",
        "type": "BUY",
        "qty": 140.0,
        "trade_price": 45.1,
        "trade_val": 6314.0,
        "order_id": "1758081027314063432"
      },
      {
        "date": "17/09/2025",
        "time": "09:20 AM",
        "segment": "BSE_FNO",
        "symbol": "IO PE SENSEX 18Sep2025 82000",
        "type": "BUY",
        "qty": 100.0,
        "trade_price": 45.1,
        "trade_val": 4510.0,
        "order_id": "1758081027314063913"
      },
      {
        "date": "17/09/2025",
        "time": "09:22 AM",
        "segment": "BSE_FNO",
        "symbol": "IO PE SENSEX 18Sep2025 82000",
        "type": "SELL",
        "qty": 100.0,
        "trade_price": 41.95,
        "trade_val": 4195.0,
        "order_id": "1758081027314234173"
      },
      {
        "date": "17/09/2025",
        "time": "09:22 AM",
        "segment": "BSE_FNO",
        "symbol": "IO PE SENSEX 18Sep2025 82000",
        "type": "SELL",
        "qty": 700.0,
        "trade_price": 42.0,
        "trade_val": 29400.0,
        "order_id": "1758081027314234156"
      },
      {
        "date": "11/09/2025",
        "time": "01:13 PM",
        "segment": "BSE_FNO",
        "symbol": "IO PE SENSEX 11Sep2025 81000",
        "type": "BUY",
        "qty": 20.0,
        "trade_price": 5.05,
        "trade_val": 101.0,
        "order_id": "1757576441282061848"
      },
      {
        "date": "11/09/2025",
        "time": "01:13 PM",
        "segment": "BSE_FNO",
        "symbol": "IO PE SENSEX 11Sep2025 81000",
        "type": "BUY",
        "qty": 20.0,
        "trade_price": 5.05,
        "trade_val": 101.0,
        "order_id": "1757576441282061848"
      },
      {
        "date": "11/09/2025",
        "time": "01:13 PM",
        "segment": "BSE_FNO",
        "symbol": "IO PE SENSEX 11Sep2025 81000",
        "type": "BUY",
        "qty": 20.0,
        "trade_price": 5.05,
        "trade_val": 101.0,
        "order_id": "1757576441282061848"
      },
      {
        "date": "11/09/2025",
        "time": "01:13 PM",
        "segment": "BSE_FNO",
        "symbol": "IO PE SENSEX 11Sep2025 81000",
        "type": "BUY",
        "qty": 100.0,
        "trade_price": 5.05,
        "trade_val": 505.0,
        "order_id": "1757576441282061848"
      },
      {
        "date": "11/09/2025",
        "time": "01:13 PM",
        "segment": "BSE_FNO",
        "symbol": "IO PE SENSEX 11Sep2025 81000",
        "type": "BUY",
        "qty": 400.0,
        "trade_price": 5.05,
        "trade_val": 2020.0,
        "order_id": "1757576441282061848"
      },
      {
        "date": "11/09/2025",
        "time": "01:13 PM",
        "segment": "BSE_FNO",
        "symbol": "IO PE SENSEX 11Sep2025 81000",
        "type": "BUY",
        "qty": 100.0,
        "trade_price": 5.05,
        "trade_val": 505.0,
        "order_id": "1757576441282061848"
      },
      {
        "date": "11/09/2025",
        "time": "01:13 PM",
        "segment": "BSE_FNO",
        "symbol": "IO PE SENSEX 11Sep2025 81000",
        "type": "BUY",
        "qty": 120.0,
        "trade_price": 5.05,
        "trade_val": 606.0,
        "order_id": "1757576441282061892"
      },
      {
        "date": "11/09/2025",
        "time": "01:13 PM",
        "segment": "BSE_FNO",
        "symbol": "IO PE SENSEX 11Sep2025 81000",
        "type": "BUY",
        "qty": 180.0,
        "trade_price": 5.05,
        "trade_val": 909.0,
        "order_id": "1757576441282061960"
      },
      {
        "date": "11/09/2025",
        "time": "01:13 PM",
        "segment": "BSE_FNO",
        "symbol": "IO PE SENSEX 11Sep2025 81000",
        "type": "BUY",
        "qty": 60.0,
        "trade_price": 5.05,
        "trade_val": 303.0,
        "order_id": "1757576441282061960"
      },
      {
        "date": "11/09/2025",
        "time": "01:13 PM",
        "segment": "BSE_FNO",
        "symbol": "IO PE SENSEX 11Sep2025 81000",
        "type": "BUY",
        "qty": 300.0,
        "trade_price": 5.05,
        "trade_val": 1515.0,
        "order_id": "1757576441282061892"
      },
      {
        "date": "11/09/2025",
        "time": "01:13 PM",
        "segment": "BSE_FNO",
        "symbol": "IO PE SENSEX 11Sep2025 81000",
        "type": "BUY",
        "qty": 20.0,
        "trade_price": 5.05,
        "trade_val": 101.0,
        "order_id": "1757576441282061848"
      },
      {
        "date": "11/09/2025",
        "time": "01:13 PM",
        "segment": "BSE_FNO",
        "symbol": "IO PE SENSEX 11Sep2025 81000",
        "type": "BUY",
        "qty": 40.0,
        "trade_price": 5.05,
        "trade_val": 202.0,
        "order_id": "1757576441282061848"
      },
      {
        "date": "11/09/2025",
        "time": "01:13 PM",
        "segment": "BSE_FNO",
        "symbol": "IO PE SENSEX 11Sep2025 81000",
        "type": "BUY",
        "qty": 60.0,
        "trade_price": 5.05,
        "trade_val": 303.0,
        "order_id": "1757576441282061960"
      },
      {
        "date": "11/09/2025",
        "time": "01:13 PM",
        "segment": "BSE_FNO",
        "symbol": "IO PE SENSEX 11Sep2025 81000",
        "type": "BUY",
        "qty": 100.0,
        "trade_price": 5.05,
        "trade_val": 505.0,
        "order_id": "1757576441282061960"
      },
      {
        "date": "11/09/2025",
        "time": "01:13 PM",
        "segment": "BSE_FNO",
        "symbol": "IO PE SENSEX 11Sep2025 81000",
        "type": "BUY",
        "qty": 60.0,
        "trade_price": 5.05,
        "trade_val": 303.0,
        "order_id": "1757576441282061960"
      },
      {
        "date": "11/09/2025",
        "time": "01:13 PM",
        "segment": "BSE_FNO",
        "symbol": "IO PE SENSEX 11Sep2025 81000",
        "type": "BUY",
        "qty": 360.0,
        "trade_price": 5.05,
        "trade_val": 1818.0,
        "order_id": "1757576441282061960"
      },
      {
        "date": "11/09/2025",
        "time": "01:13 PM",
        "segment": "BSE_FNO",
        "symbol": "IO PE SENSEX 11Sep2025 81000",
        "type": "BUY",
        "qty": 20.0,
        "trade_price": 5.05,
        "trade_val": 101.0,
        "order_id": "1757576441282061848"
      },
      {
        "date": "11/09/2025",
        "time": "01:13 PM",
        "segment": "BSE_FNO",
        "symbol": "IO PE SENSEX 11Sep2025 81000",
        "type": "BUY",
        "qty": 40.0,
        "trade_price": 5.05,
        "trade_val": 202.0,
        "order_id": "1757576441282061848"
      },
      {
        "date": "11/09/2025",
        "time": "01:13 PM",
        "segment": "BSE_FNO",
        "symbol": "IO PE SENSEX 11Sep2025 81000",
        "type": "BUY",
        "qty": 20.0,
        "trade_price": 5.05,
        "trade_val": 101.0,
        "order_id": "1757576441282061848"
      },
      {
        "date": "11/09/2025",
        "time": "01:13 PM",
        "segment": "BSE_FNO",
        "symbol": "IO PE SENSEX 11Sep2025 81000",
        "type": "BUY",
        "qty": 40.0,
        "trade_price": 5.05,
        "trade_val": 202.0,
        "order_id": "1757576441282061848"
      },
      {
        "date": "11/09/2025",
        "time": "01:20 PM",
        "segment": "BSE_FNO",
        "symbol": "IO PE SENSEX 11Sep2025 81000",
        "type": "SELL",
        "qty": 180.0,
        "trade_price": 5.6,
        "trade_val": 1008.0,
        "order_id": "1757576441282250344"
      },
      {
        "date": "11/09/2025",
        "time": "01:20 PM",
        "segment": "BSE_FNO",
        "symbol": "IO PE SENSEX 11Sep2025 81000",
        "type": "SELL",
        "qty": 440.0,
        "trade_price": 5.55,
        "trade_val": 2442.0,
        "order_id": "1757576441282250399"
      },
      {
        "date": "11/09/2025",
        "time": "01:20 PM",
        "segment": "BSE_FNO",
        "symbol": "IO PE SENSEX 11Sep2025 81000",
        "type": "SELL",
        "qty": 820.0,
        "trade_price": 5.55,
        "trade_val": 4551.0,
        "order_id": "1757576441282250344"
      },
      {
        "date": "11/09/2025",
        "time": "01:20 PM",
        "segment": "BSE_FNO",
        "symbol": "IO PE SENSEX 11Sep2025 81000",
        "type": "SELL",
        "qty": 1000.0,
        "trade_price": 5.6,
        "trade_val": 5600.0,
        "order_id": "1757576441282250300"
      },
      {
        "date": "11/09/2025",
        "time": "01:20 PM",
        "segment": "BSE_FNO",
        "symbol": "IO PE SENSEX 11Sep2025 81000",
        "type": "SELL",
        "qty": 1000.0,
        "trade_price": 5.55,
        "trade_val": 5550.0,
        "order_id": "1757576441282250364"
      },
      {
        "date": "11/09/2025",
        "time": "01:20 PM",
        "segment": "BSE_FNO",
        "symbol": "IO PE SENSEX 11Sep2025 81000",
        "type": "SELL",
        "qty": 1000.0,
        "trade_price": 5.6,
        "trade_val": 5600.0,
        "order_id": "1757576441282250317"
      },
      {
        "date": "11/09/2025",
        "time": "01:20 PM",
        "segment": "BSE_FNO",
        "symbol": "IO PE SENSEX 11Sep2025 81000",
        "type": "SELL",
        "qty": 1000.0,
        "trade_price": 5.6,
        "trade_val": 5600.0,
        "order_id": "1757576441282250284"
      },
      {
        "date": "11/09/2025",
        "time": "01:20 PM",
        "segment": "BSE_FNO",
        "symbol": "IO PE SENSEX 11Sep2025 81000",
        "type": "SELL",
        "qty": 1000.0,
        "trade_price": 5.55,
        "trade_val": 5550.0,
        "order_id": "1757576441282250356"
      },
      {
        "date": "11/09/2025",
        "time": "01:20 PM",
        "segment": "BSE_FNO",
        "symbol": "IO PE SENSEX 11Sep2025 81000",
        "type": "SELL",
        "qty": 1000.0,
        "trade_price": 5.6,
        "trade_val": 5600.0,
        "order_id": "1757576441282250333"
      },
      {
        "date": "11/09/2025",
        "time": "01:20 PM",
        "segment": "BSE_FNO",
        "symbol": "IO PE SENSEX 11Sep2025 81000",
        "type": "SELL",
        "qty": 380.0,
        "trade_price": 5.5,
        "trade_val": 2090.0,
        "order_id": "1757576441282250399"
      },
      {
        "date": "11/09/2025",
        "time": "01:20 PM",
        "segment": "BSE_FNO",
        "symbol": "IO PE SENSEX 11Sep2025 81000",
        "type": "SELL",
        "qty": 1000.0,
        "trade_price": 5.55,
        "trade_val": 5550.0,
        "order_id": "1757576441282250352"
      },
      {
        "date": "11/09/2025",
        "time": "02:32 PM",
        "segment": "BSE_FNO",
        "symbol": "IO PE SENSEX 11Sep2025 81300",
        "type": "BUY",
        "qty": 1000.0,
        "trade_price": 4.65,
        "trade_val": 4650.0,
        "order_id": "1757580736689864209"
      },
      {
        "date": "11/09/2025",
        "time": "02:32 PM",
        "segment": "BSE_FNO",
        "symbol": "IO PE SENSEX 11Sep2025 81300",
        "type": "BUY",
        "qty": 60.0,
        "trade_price": 4.65,
        "trade_val": 279.0,
        "order_id": "1757580736689865400"
      },
      {
        "date": "11/09/2025",
        "time": "02:45 PM",
        "segment": "BSE_FNO",
        "symbol": "IO PE SENSEX 11Sep2025 81300",
        "type": "SELL",
        "qty": 60.0,
        "trade_price": 5.25,
        "trade_val": 315.0,
        "order_id": "1757581739136521406"
      },
      {
        "date": "11/09/2025",
        "time": "02:45 PM",
        "segment": "BSE_FNO",
        "symbol": "IO PE SENSEX 11Sep2025 81300",
        "type": "SELL",
        "qty": 1000.0,
        "trade_price": 5.25,
        "trade_val": 5250.0,
        "order_id": "1757581739136521372"
      },
      {
        "date": "11/09/2025",
        "time": "01:20 PM",
        "segment": "BSE_FNO",
        "symbol": "IO PE SENSEX 11Sep2025 81000",
        "type": "SELL",
        "qty": 1000.0,
        "trade_price": 5.6,
        "trade_val": 5600.0,
        "order_id": "1757576441282250241"
      },
      {
        "date": "11/09/2025",
        "time": "01:13 PM",
        "segment": "BSE_FNO",
        "symbol": "IO PE SENSEX 11Sep2025 81000",
        "type": "BUY",
        "qty": 600.0,
        "trade_price": 5.05,
        "trade_val": 3030.0,
        "order_id": "1757576441282061027"
      },
      {
        "date": "11/09/2025",
        "time": "01:13 PM",
        "segment": "BSE_FNO",
        "symbol": "IO PE SENSEX 11Sep2025 81000",
        "type": "BUY",
        "qty": 280.0,
        "trade_price": 5.05,
        "trade_val": 1414.0,
        "order_id": "1757576441282060869"
      },
      {
        "date": "11/09/2025",
        "time": "01:13 PM",
        "segment": "BSE_FNO",
        "symbol": "IO PE SENSEX 11Sep2025 81000",
        "type": "BUY",
        "qty": 20.0,
        "trade_price": 5.05,
        "trade_val": 101.0,
        "order_id": "1757576441282060869"
      },
      {
        "date": "11/09/2025",
        "time": "01:13 PM",
        "segment": "BSE_FNO",
        "symbol": "IO PE SENSEX 11Sep2025 81000",
        "type": "BUY",
        "qty": 100.0,
        "trade_price": 5.05,
        "trade_val": 505.0,
        "order_id": "1757576441282060869"
      },
      {
        "date": "11/09/2025",
        "time": "01:13 PM",
        "segment": "BSE_FNO",
        "symbol": "IO PE SENSEX 11Sep2025 81000",
        "type": "BUY",
        "qty": 60.0,
        "trade_price": 5.05,
        "trade_val": 303.0,
        "order_id": "1757576441282060770"
      },
      {
        "date": "11/09/2025",
        "time": "01:13 PM",
        "segment": "BSE_FNO",
        "symbol": "IO PE SENSEX 11Sep2025 81000",
        "type": "BUY",
        "qty": 20.0,
        "trade_price": 5.05,
        "trade_val": 101.0,
        "order_id": "1757576441282060770"
      },
      {
        "date": "11/09/2025",
        "time": "01:13 PM",
        "segment": "BSE_FNO",
        "symbol": "IO PE SENSEX 11Sep2025 81000",
        "type": "BUY",
        "qty": 400.0,
        "trade_price": 5.05,
        "trade_val": 2020.0,
        "order_id": "1757576441282061027"
      },
      {
        "date": "11/09/2025",
        "time": "01:13 PM",
        "segment": "BSE_FNO",
        "symbol": "IO PE SENSEX 11Sep2025 81000",
        "type": "BUY",
        "qty": 300.0,
        "trade_price": 5.05,
        "trade_val": 1515.0,
        "order_id": "1757576441282060869"
      },
      {
        "date": "11/09/2025",
        "time": "01:13 PM",
        "segment": "BSE_FNO",
        "symbol": "IO PE SENSEX 11Sep2025 81000",
        "type": "BUY",
        "qty": 400.0,
        "trade_price": 5.05,
        "trade_val": 2020.0,
        "order_id": "1757576441282060935"
      },
      {
        "date": "11/09/2025",
        "time": "01:13 PM",
        "segment": "BSE_FNO",
        "symbol": "IO PE SENSEX 11Sep2025 81000",
        "type": "BUY",
        "qty": 900.0,
        "trade_price": 5.05,
        "trade_val": 4545.0,
        "order_id": "1757576441282060770"
      },
      {
        "date": "11/09/2025",
        "time": "01:13 PM",
        "segment": "BSE_FNO",
        "symbol": "IO PE SENSEX 11Sep2025 81000",
        "type": "BUY",
        "qty": 300.0,
        "trade_price": 5.05,
        "trade_val": 1515.0,
        "order_id": "1757576441282060869"
      },
      {
        "date": "11/09/2025",
        "time": "01:13 PM",
        "segment": "BSE_FNO",
        "symbol": "IO PE SENSEX 11Sep2025 81000",
        "type": "BUY",
        "qty": 20.0,
        "trade_price": 5.05,
        "trade_val": 101.0,
        "order_id": "1757576441282060770"
      },
      {
        "date": "11/09/2025",
        "time": "01:13 PM",
        "segment": "BSE_FNO",
        "symbol": "IO PE SENSEX 11Sep2025 81000",
        "type": "BUY",
        "qty": 200.0,
        "trade_price": 5.05,
        "trade_val": 1010.0,
        "order_id": "1757576441282060935"
      },
      {
        "date": "11/09/2025",
        "time": "01:13 PM",
        "segment": "BSE_FNO",
        "symbol": "IO PE SENSEX 11Sep2025 81000",
        "type": "BUY",
        "qty": 400.0,
        "trade_price": 5.05,
        "trade_val": 2020.0,
        "order_id": "1757576441282060935"
      },
      {
        "date": "11/09/2025",
        "time": "01:13 PM",
        "segment": "BSE_FNO",
        "symbol": "IO PE SENSEX 11Sep2025 81000",
        "type": "BUY",
        "qty": 1000.0,
        "trade_price": 5.05,
        "trade_val": 5050.0,
        "order_id": "1757576441282061318"
      },
      {
        "date": "11/09/2025",
        "time": "01:13 PM",
        "segment": "BSE_FNO",
        "symbol": "IO PE SENSEX 11Sep2025 81000",
        "type": "BUY",
        "qty": 400.0,
        "trade_price": 5.05,
        "trade_val": 2020.0,
        "order_id": "1757576441282061057"
      },
      {
        "date": "11/09/2025",
        "time": "01:13 PM",
        "segment": "BSE_FNO",
        "symbol": "IO PE SENSEX 11Sep2025 81000",
        "type": "BUY",
        "qty": 600.0,
        "trade_price": 5.05,
        "trade_val": 3030.0,
        "order_id": "1757576441282061057"
      },
      {
        "date": "11/09/2025",
        "time": "01:13 PM",
        "segment": "BSE_FNO",
        "symbol": "IO PE SENSEX 11Sep2025 81000",
        "type": "BUY",
        "qty": 1000.0,
        "trade_price": 5.05,
        "trade_val": 5050.0,
        "order_id": "1757576441282061397"
      },
      {
        "date": "11/09/2025",
        "time": "01:13 PM",
        "segment": "BSE_FNO",
        "symbol": "IO PE SENSEX 11Sep2025 81000",
        "type": "BUY",
        "qty": 20.0,
        "trade_price": 5.05,
        "trade_val": 101.0,
        "order_id": "1757576441282061848"
      },
      {
        "date": "11/09/2025",
        "time": "01:13 PM",
        "segment": "BSE_FNO",
        "symbol": "IO PE SENSEX 11Sep2025 81000",
        "type": "BUY",
        "qty": 140.0,
        "trade_price": 5.05,
        "trade_val": 707.0,
        "order_id": "1757576441282061848"
      },
      {
        "date": "11/09/2025",
        "time": "01:13 PM",
        "segment": "BSE_FNO",
        "symbol": "IO PE SENSEX 11Sep2025 81000",
        "type": "BUY",
        "qty": 60.0,
        "trade_price": 5.05,
        "trade_val": 303.0,
        "order_id": "1757576441282061892"
      },
      {
        "date": "11/09/2025",
        "time": "01:13 PM",
        "segment": "BSE_FNO",
        "symbol": "IO PE SENSEX 11Sep2025 81000",
        "type": "BUY",
        "qty": 20.0,
        "trade_price": 5.05,
        "trade_val": 101.0,
        "order_id": "1757576441282061892"
      },
      {
        "date": "11/09/2025",
        "time": "01:13 PM",
        "segment": "BSE_FNO",
        "symbol": "IO PE SENSEX 11Sep2025 81000",
        "type": "BUY",
        "qty": 400.0,
        "trade_price": 5.05,
        "trade_val": 2020.0,
        "order_id": "1757576441282061892"
      },
      {
        "date": "11/09/2025",
        "time": "01:13 PM",
        "segment": "BSE_FNO",
        "symbol": "IO PE SENSEX 11Sep2025 81000",
        "type": "BUY",
        "qty": 100.0,
        "trade_price": 5.05,
        "trade_val": 505.0,
        "order_id": "1757576441282061892"
      },
      {
        "date": "09/09/2025",
        "time": "02:20 PM",
        "segment": "NSE_FNO",
        "symbol": "IO CE NIFTY 09Sep2025 25000",
        "type": "BUY",
        "qty": 525.0,
        "trade_price": 1.2,
        "trade_val": 630.0,
        "order_id": "1300000152925019"
      },
      {
        "date": "09/09/2025",
        "time": "02:25 PM",
        "segment": "NSE_FNO",
        "symbol": "IO CE NIFTY 09Sep2025 25000",
        "type": "SELL",
        "qty": 600.0,
        "trade_price": 1.25,
        "trade_val": 750.0,
        "order_id": "1300000155121894"
      },
      {
        "date": "09/09/2025",
        "time": "02:25 PM",
        "segment": "NSE_FNO",
        "symbol": "IO CE NIFTY 09Sep2025 25000",
        "type": "SELL",
        "qty": 1500.0,
        "trade_price": 1.25,
        "trade_val": 1875.0,
        "order_id": "1300000155122623"
      },
      {
        "date": "09/09/2025",
        "time": "02:25 PM",
        "segment": "NSE_FNO",
        "symbol": "IO CE NIFTY 09Sep2025 25000",
        "type": "SELL",
        "qty": 300.0,
        "trade_price": 1.25,
        "trade_val": 375.0,
        "order_id": "1300000155122623"
      },
      {
        "date": "09/09/2025",
        "time": "02:25 PM",
        "segment": "NSE_FNO",
        "symbol": "IO CE NIFTY 09Sep2025 25000",
        "type": "SELL",
        "qty": 1500.0,
        "trade_price": 1.25,
        "trade_val": 1875.0,
        "order_id": "1300000155122282"
      },
      {
        "date": "09/09/2025",
        "time": "02:25 PM",
        "segment": "NSE_FNO",
        "symbol": "IO CE NIFTY 09Sep2025 25000",
        "type": "SELL",
        "qty": 300.0,
        "trade_price": 1.25,
        "trade_val": 375.0,
        "order_id": "1300000155122282"
      },
      {
        "date": "09/09/2025",
        "time": "02:25 PM",
        "segment": "NSE_FNO",
        "symbol": "IO CE NIFTY 09Sep2025 25000",
        "type": "SELL",
        "qty": 1200.0,
        "trade_price": 1.25,
        "trade_val": 1500.0,
        "order_id": "1300000155122098"
      },
      {
        "date": "09/09/2025",
        "time": "02:25 PM",
        "segment": "NSE_FNO",
        "symbol": "IO CE NIFTY 09Sep2025 25000",
        "type": "SELL",
        "qty": 600.0,
        "trade_price": 1.25,
        "trade_val": 750.0,
        "order_id": "1300000155122098"
      },
      {
        "date": "09/09/2025",
        "time": "02:25 PM",
        "segment": "NSE_FNO",
        "symbol": "IO CE NIFTY 09Sep2025 25000",
        "type": "SELL",
        "qty": 1200.0,
        "trade_price": 1.25,
        "trade_val": 1500.0,
        "order_id": "1300000155121894"
      },
      {
        "date": "09/09/2025",
        "time": "02:25 PM",
        "segment": "NSE_FNO",
        "symbol": "IO CE NIFTY 09Sep2025 25000",
        "type": "SELL",
        "qty": 300.0,
        "trade_price": 1.25,
        "trade_val": 375.0,
        "order_id": "1300000155122943"
      },
      {
        "date": "09/09/2025",
        "time": "02:20 PM",
        "segment": "NSE_FNO",
        "symbol": "IO CE NIFTY 09Sep2025 25000",
        "type": "BUY",
        "qty": 300.0,
        "trade_price": 1.2,
        "trade_val": 360.0,
        "order_id": "1300000152925693"
      },
      {
        "date": "09/09/2025",
        "time": "02:20 PM",
        "segment": "NSE_FNO",
        "symbol": "IO CE NIFTY 09Sep2025 25000",
        "type": "BUY",
        "qty": 1275.0,
        "trade_price": 1.2,
        "trade_val": 1530.0,
        "order_id": "1300000152925397"
      },
      {
        "date": "09/09/2025",
        "time": "02:20 PM",
        "segment": "NSE_FNO",
        "symbol": "IO CE NIFTY 09Sep2025 25000",
        "type": "BUY",
        "qty": 525.0,
        "trade_price": 1.2,
        "trade_val": 630.0,
        "order_id": "1300000152925397"
      },
      {
        "date": "09/09/2025",
        "time": "02:20 PM",
        "segment": "NSE_FNO",
        "symbol": "IO CE NIFTY 09Sep2025 25000",
        "type": "BUY",
        "qty": 1275.0,
        "trade_price": 1.2,
        "trade_val": 1530.0,
        "order_id": "1300000152925214"
      },
      {
        "date": "09/09/2025",
        "time": "02:20 PM",
        "segment": "NSE_FNO",
        "symbol": "IO CE NIFTY 09Sep2025 25000",
        "type": "BUY",
        "qty": 525.0,
        "trade_price": 1.2,
        "trade_val": 630.0,
        "order_id": "1300000152925214"
      },
      {
        "date": "09/09/2025",
        "time": "02:20 PM",
        "segment": "NSE_FNO",
        "symbol": "IO CE NIFTY 09Sep2025 25000",
        "type": "BUY",
        "qty": 1275.0,
        "trade_price": 1.2,
        "trade_val": 1530.0,
        "order_id": "1300000152925019"
      },
      {
        "date": "09/09/2025",
        "time": "02:20 PM",
        "segment": "NSE_FNO",
        "symbol": "IO CE NIFTY 09Sep2025 25000",
        "type": "BUY",
        "qty": 1275.0,
        "trade_price": 1.2,
        "trade_val": 1530.0,
        "order_id": "1300000152924904"
      },
      {
        "date": "09/09/2025",
        "time": "02:20 PM",
        "segment": "NSE_FNO",
        "symbol": "IO CE NIFTY 09Sep2025 25000",
        "type": "BUY",
        "qty": 525.0,
        "trade_price": 1.2,
        "trade_val": 630.0,
        "order_id": "1300000152924904"
      }
    ],
    "total_res": 103.0
  },
  "status_code": 200,
  "code": 200
}