{"s": "ok", "message": "Success", "data": {"COLUMNS": [{"date": "Date", "time": "Time", "segment": "Segment", "symbol": "Symbol", "type": "Trade Type", "qty": "Quantity", "trade_price": "Trade Price (\u20b9)", "trade_val": "Trade Value  (\u20b9)", "order_id": "Order id"}], "DATA": [{"date": "29/08/2022", "time": "09:28 AM", "segment": "NSE_CASH", "symbol": "DIXON", "type": "SELL", "qty": 21.0, "trade_price": 3999.9, "trade_val": 83997.9, "order_id": "1100000002428591"}, {"date": "19/08/2022", "time": "10:31 AM", "segment": "NSE_CASH", "symbol": "JUBLFOOD", "type": "SELL", "qty": 1.0, "trade_price": 613.05, "trade_val": 613.05, "order_id": "1200000006358930"}, {"date": "19/08/2022", "time": "10:31 AM", "segment": "NSE_CASH", "symbol": "JUBLFOOD", "type": "SELL", "qty": 31.0, "trade_price": 613.05, "trade_val": 19004.55, "order_id": "1200000006358930"}, {"date": "19/08/2022", "time": "10:31 AM", "segment": "NSE_CASH", "symbol": "JUBLFOOD", "type": "SELL", "qty": 25.0, "trade_price": 613.05, "trade_val": 15326.25, "order_id": "1200000006358930"}, {"date": "19/08/2022", "time": "10:31 AM", "segment": "NSE_CASH", "symbol": "JUBLFOOD", "type": "SELL", "qty": 89.0, "trade_price": 613.05, "trade_val": 54561.45, "order_id": "1200000006358930"}, {"date": "19/08/2022", "time": "10:31 AM", "segment": "NSE_CASH", "symbol": "JUBLFOOD", "type": "SELL", "qty": 281.0, "trade_price": 613.05, "trade_val": 172267.05, "order_id": "1200000006358930"}, {"date": "19/08/2022", "time": "10:31 AM", "segment": "NSE_CASH", "symbol": "JUBLFOOD", "type": "SELL", "qty": 98.0, "trade_price": 613.05, "trade_val": 60078.9, "order_id": "1200000006358930"}, {"date": "19/08/2022", "time": "10:31 AM", "segment": "NSE_CASH", "symbol": "JUBLFOOD", "type": "SELL", "qty": 12.0, "trade_price": 613.05, "trade_val": 7356.6, "order_id": "1200000006358930"}, {"date": "19/08/2022", "time": "10:23 AM", "segment": "NSE_CASH", "symbol": "JUBLFOOD", "type": "BUY", "qty": 67.0, "trade_price": 612.45, "trade_val": 41034.15, "order_id": "1200000006128624"}, {"date": "19/08/2022", "time": "10:23 AM", "segment": "NSE_CASH", "symbol": "JUBLFOOD", "type": "BUY", "qty": 470.0, "trade_price": 612.45, "trade_val": 287851.5, "order_id": "1200000006128624"}, {"date": "18/08/2022", "time": "01:43 PM", "segment": "NSE_CASH", "symbol": "NATIONALUM", "type": "SELL", "qty": 3272.0, "trade_price": 81.0, "trade_val": 265032.0, "order_id": "1200000014994716"}, {"date": "18/08/2022", "time": "12:16 PM", "segment": "NSE_CASH", "symbol": "NATIONALUM", "type": "BUY", "qty": 3999.0, "trade_price": 80.8, "trade_val": 323119.2, "order_id": "1200000011498726"}, {"date": "18/08/2022", "time": "01:43 PM", "segment": "NSE_CASH", "symbol": "NATIONALUM", "type": "SELL", "qty": 727.0, "trade_price": 81.0, "trade_val": 58887.0, "order_id": "1200000014994716"}, {"date": "03/08/2022", "time": "09:38 AM", "segment": "NSE_CASH", "symbol": "INDUSTOWER", "type": "BUY", "qty": 50.0, "trade_price": 201.4, "trade_val": 10070.0, "order_id": "1100000003078456"}, {"date": "03/08/2022", "time": "12:51 PM", "segment": "NSE_CASH", "symbol": "INDUSTOWER", "type": "SELL", "qty": 10.0, "trade_price": 203.5, "trade_val": 2035.0, "order_id": "1100000013785977"}, {"date": "03/08/2022", "time": "12:51 PM", "segment": "NSE_CASH", "symbol": "INDUSTOWER", "type": "SELL", "qty": 80.0, "trade_price": 203.45, "trade_val": 16276.0, "order_id": "1100000013785977"}, {"date": "03/08/2022", "time": "12:51 PM", "segment": "NSE_CASH", "symbol": "INDUSTOWER", "type": "SELL", "qty": 40.0, "trade_price": 203.5, "trade_val": 8140.0, "order_id": "1100000013785977"}, {"date": "03/08/2022", "time": "12:51 PM", "segment": "NSE_CASH", "symbol": "INDUSTOWER", "type": "SELL", "qty": 2.0, "trade_price": 203.5, "trade_val": 407.0, "order_id": "1100000013785977"}, {"date": "03/08/2022", "time": "12:51 PM", "segment": "NSE_CASH", "symbol": "INDUSTOWER", "type": "SELL", "qty": 16.0, "trade_price": 203.55, "trade_val": 3256.8, "order_id": "1100000013785977"}, {"date": "03/08/2022", "time": "12:51 PM", "segment": "NSE_CASH", "symbol": "INDUSTOWER", "type": "SELL", "qty": 120.0, "trade_price": 203.45, "trade_val": 24414.0, "order_id": "1100000013785977"}, {"date": "03/08/2022", "time": "12:51 PM", "segment": "NSE_CASH", "symbol": "INDUSTOWER", "type": "SELL", "qty": 25.0, "trade_price": 203.5, "trade_val": 5087.5, "order_id": "1100000013785977"}, {"date": "03/08/2022", "time": "09:38 AM", "segment": "NSE_CASH", "symbol": "INDUSTOWER", "type": "BUY", "qty": 100.0, "trade_price": 201.4, "trade_val": 20140.0, "order_id": "1100000003078456"}, {"date": "03/08/2022", "time": "09:38 AM", "segment": "NSE_CASH", "symbol": "INDUSTOWER", "type": "BUY", "qty": 110.0, "trade_price": 201.4, "trade_val": 22154.0, "order_id": "1100000003078456"}, {"date": "03/08/2022", "time": "09:38 AM", "segment": "NSE_CASH", "symbol": "INDUSTOWER", "type": "BUY", "qty": 33.0, "trade_price": 201.4, "trade_val": 6646.2, "order_id": "1100000003078456"}], "total_res": 24.0}, "status_code": 200, "code": 200}