{"s": "ok", "message": "Success", "data": {"COLUMNS": [{"date": "Date", "time": "Time", "segment": "Segment", "symbol": "Symbol", "type": "Trade Type", "qty": "Quantity", "trade_price": "Trade Price (\u20b9)", "trade_val": "Trade Value  (\u20b9)", "order_id": "Order id"}], "DATA": [{"date": "26/05/2025", "time": "09:18 AM", "segment": "NSE_CASH", "symbol": "ABFRL", "type": "BUY", "qty": 1539.0, "trade_price": 88.4, "trade_val": 136047.6, "order_id": "1000000001836354"}, {"date": "26/05/2025", "time": "09:21 AM", "segment": "NSE_CASH", "symbol": "ABFRL", "type": "SELL", "qty": 1539.0, "trade_price": 88.45, "trade_val": 136124.55, "order_id": "1000000002582577"}], "total_res": 2.0}, "status_code": 200, "code": 200}