{"s": "ok", "message": "Success", "data": {"COLUMNS": [{"date": "Date", "time": "Time", "segment": "Segment", "symbol": "Symbol", "type": "Trade Type", "qty": "Quantity", "trade_price": "Trade Price (\u20b9)", "trade_val": "Trade Value  (\u20b9)", "order_id": "Order id"}], "DATA": [{"date": "29/07/2021", "time": "09:52 AM", "segment": "NSE_CASH", "symbol": "SUPPETRO", "type": "SELL", "qty": 12.0, "trade_price": 715.0, "trade_val": 8580.0, "order_id": "1300000000253179"}, {"date": "26/07/2021", "time": "01:15 PM", "segment": "NSE_CASH", "symbol": "SUPPETRO", "type": "BUY", "qty": 12.0, "trade_price": 741.0, "trade_val": 8892.0, "order_id": "1300000012997548"}, {"date": "05/07/2021", "time": "09:15 AM", "segment": "NSE_CASH", "symbol": "MANGLMCEM", "type": "BUY", "qty": 1.0, "trade_price": 369.4, "trade_val": 369.4, "order_id": "1200000000225065"}, {"date": "05/07/2021", "time": "09:28 AM", "segment": "NSE_CASH", "symbol": "MANGLMCEM", "type": "SELL", "qty": 1.0, "trade_price": 370.0, "trade_val": 370.0, "order_id": "1200000000963073"}, {"date": "05/07/2021", "time": "09:21 AM", "segment": "NSE_CASH", "symbol": "INDOCO", "type": "SELL", "qty": 1.0, "trade_price": 473.15, "trade_val": 473.15, "order_id": "1100000001152859"}, {"date": "05/07/2021", "time": "09:15 AM", "segment": "NSE_CASH", "symbol": "INDOCO", "type": "BUY", "qty": 1.0, "trade_price": 481.25, "trade_val": 481.25, "order_id": "1100000000281416"}, {"date": "01/07/2021", "time": "10:11 AM", "segment": "NSE_CASH", "symbol": "AARTIIND", "type": "SELL", "qty": 10.0, "trade_price": 868.05, "trade_val": 8680.5, "order_id": "1000000003380879"}], "total_res": 7.0}, "status_code": 200, "code": 200}