{"s": "ok", "message": "Success", "data": {"COLUMNS": [{"date": "Date", "time": "Time", "segment": "Segment", "symbol": "Symbol", "type": "Trade Type", "qty": "Quantity", "trade_price": "Trade Price (\u20b9)", "trade_val": "Trade Value  (\u20b9)", "order_id": "Order id"}], "DATA": [{"date": "28/02/2024", "time": "10:34 AM", "segment": "NSE_CASH", "symbol": "MARUTI", "type": "BUY", "qty": 21.0, "trade_price": 11241.25, "trade_val": 236066.25, "order_id": "1200000012739394"}, {"date": "28/02/2024", "time": "12:46 PM", "segment": "NSE_CASH", "symbol": "MARUTI", "type": "SELL", "qty": 21.0, "trade_price": 11253.55, "trade_val": 236324.55, "order_id": "1200000029637902"}, {"date": "12/02/2024", "time": "11:11 AM", "segment": "NSE_CASH", "symbol": "HCLTECH", "type": "BUY", "qty": 28.0, "trade_price": 1671.65, "trade_val": 46806.2, "order_id": "1100000023149419"}, {"date": "12/02/2024", "time": "12:06 PM", "segment": "NSE_CASH", "symbol": "HCLTECH", "type": "SELL", "qty": 5.0, "trade_price": 1673.1, "trade_val": 8365.5, "order_id": "1100000025419888"}, {"date": "12/02/2024", "time": "12:06 PM", "segment": "NSE_CASH", "symbol": "HCLTECH", "type": "SELL", "qty": 5.0, "trade_price": 1673.1, "trade_val": 8365.5, "order_id": "1100000025419888"}, {"date": "12/02/2024", "time": "12:06 PM", "segment": "NSE_CASH", "symbol": "HCLTECH", "type": "SELL", "qty": 18.0, "trade_price": 1673.1, "trade_val": 30115.8, "order_id": "1100000025419888"}], "total_res": 6.0}, "status_code": 200, "code": 200}