{"s": "ok", "message": "Success", "data": {"COLUMNS": [{"date": "Date", "time": "Time", "segment": "Segment", "symbol": "Symbol", "type": "Trade Type", "qty": "Quantity", "trade_price": "Trade Price (\u20b9)", "trade_val": "Trade Value  (\u20b9)", "order_id": "Order id"}], "DATA": [{"date": "08/12/2022", "time": "02:46 PM", "segment": "NSE_CASH", "symbol": "DHARMAJ", "type": "SELL", "qty": 32.0, "trade_price": 266.3, "trade_val": 8521.6, "order_id": "1100000019656529"}, {"date": "08/12/2022", "time": "02:46 PM", "segment": "NSE_CASH", "symbol": "DHARMAJ", "type": "SELL", "qty": 50.0, "trade_price": 266.3, "trade_val": 13315.0, "order_id": "1100000019656529"}, {"date": "08/12/2022", "time": "02:46 PM", "segment": "NSE_CASH", "symbol": "DHARMAJ", "type": "SELL", "qty": 150.0, "trade_price": 266.3, "trade_val": 39945.0, "order_id": "1100000019656529"}, {"date": "08/12/2022", "time": "02:46 PM", "segment": "NSE_CASH", "symbol": "DHARMAJ", "type": "SELL", "qty": 150.0, "trade_price": 266.3, "trade_val": 39945.0, "order_id": "1100000019656529"}, {"date": "08/12/2022", "time": "02:46 PM", "segment": "NSE_CASH", "symbol": "DHARMAJ", "type": "SELL", "qty": 150.0, "trade_price": 266.3, "trade_val": 39945.0, "order_id": "1100000019656529"}, {"date": "08/12/2022", "time": "02:46 PM", "segment": "NSE_CASH", "symbol": "DHARMAJ", "type": "SELL", "qty": 10.0, "trade_price": 266.3, "trade_val": 2663.0, "order_id": "1100000019656529"}, {"date": "08/12/2022", "time": "10:01 AM", "segment": "NSE_CASH", "symbol": "DHARMAJ", "type": "BUY", "qty": 100.0, "trade_price": 278.0, "trade_val": 27800.0, "order_id": "1100000004830029"}, {"date": "08/12/2022", "time": "10:02 AM", "segment": "NSE_CASH", "symbol": "DHARMAJ", "type": "SELL", "qty": 5.0, "trade_price": 275.4, "trade_val": 1377.0, "order_id": "1100000004890761"}, {"date": "08/12/2022", "time": "10:02 AM", "segment": "NSE_CASH", "symbol": "DHARMAJ", "type": "SELL", "qty": 95.0, "trade_price": 275.4, "trade_val": 26163.0, "order_id": "1100000004890761"}, {"date": "08/12/2022", "time": "12:22 PM", "segment": "NSE_CASH", "symbol": "DHARMAJ", "type": "BUY", "qty": 465.0, "trade_price": 272.75, "trade_val": 126828.75, "order_id": "1100000011746064"}, {"date": "08/12/2022", "time": "12:22 PM", "segment": "NSE_CASH", "symbol": "DHARMAJ", "type": "BUY", "qty": 472.0, "trade_price": 272.75, "trade_val": 128738.0, "order_id": "1100000011746064"}, {"date": "08/12/2022", "time": "12:22 PM", "segment": "NSE_CASH", "symbol": "DHARMAJ", "type": "BUY", "qty": 45.0, "trade_price": 272.75, "trade_val": 12273.75, "order_id": "1100000011746064"}, {"date": "08/12/2022", "time": "12:22 PM", "segment": "NSE_CASH", "symbol": "DHARMAJ", "type": "BUY", "qty": 18.0, "trade_price": 272.75, "trade_val": 4909.5, "order_id": "1100000011746064"}, {"date": "08/12/2022", "time": "02:46 PM", "segment": "NSE_CASH", "symbol": "DHARMAJ", "type": "SELL", "qty": 1.0, "trade_price": 266.5, "trade_val": 266.5, "order_id": "1100000019656529"}, {"date": "08/12/2022", "time": "02:46 PM", "segment": "NSE_CASH", "symbol": "DHARMAJ", "type": "SELL", "qty": 25.0, "trade_price": 266.4, "trade_val": 6660.0, "order_id": "1100000019656529"}, {"date": "08/12/2022", "time": "02:46 PM", "segment": "NSE_CASH", "symbol": "DHARMAJ", "type": "SELL", "qty": 382.0, "trade_price": 266.35, "trade_val": 101745.7, "order_id": "1100000019656529"}, {"date": "08/12/2022", "time": "02:46 PM", "segment": "NSE_CASH", "symbol": "DHARMAJ", "type": "SELL", "qty": 45.0, "trade_price": 266.35, "trade_val": 11985.75, "order_id": "1100000019656529"}, {"date": "08/12/2022", "time": "02:46 PM", "segment": "NSE_CASH", "symbol": "DHARMAJ", "type": "SELL", "qty": 5.0, "trade_price": 266.35, "trade_val": 1331.75, "order_id": "1100000019656529"}, {"date": "07/12/2022", "time": "10:48 AM", "segment": "NSE_CASH", "symbol": "TATAPOWER", "type": "BUY", "qty": 1865.0, "trade_price": 226.5, "trade_val": 422422.5, "order_id": "1300000007068688"}, {"date": "07/12/2022", "time": "11:56 AM", "segment": "NSE_CASH", "symbol": "TATAPOWER", "type": "SELL", "qty": 1865.0, "trade_price": 226.2, "trade_val": 421863.0, "order_id": "1300000007366891"}, {"date": "05/12/2022", "time": "10:37 AM", "segment": "NSE_CASH", "symbol": "EICHERMOT", "type": "BUY", "qty": 55.0, "trade_price": 3347.85, "trade_val": 184131.75, "order_id": "1100000007145316"}, {"date": "05/12/2022", "time": "10:55 AM", "segment": "NSE_CASH", "symbol": "EICHERMOT", "type": "SELL", "qty": 127.0, "trade_price": 3343.3, "trade_val": 424599.1, "order_id": "1100000007225063"}, {"date": "05/12/2022", "time": "10:37 AM", "segment": "NSE_CASH", "symbol": "EICHERMOT", "type": "BUY", "qty": 72.0, "trade_price": 3347.85, "trade_val": 241045.2, "order_id": "1100000007145316"}], "total_res": 23.0}, "status_code": 200, "code": 200}