{"s": "ok", "message": "Success", "data": {"COLUMNS": [{"date": "Date", "time": "Time", "segment": "Segment", "symbol": "Symbol", "type": "Trade Type", "qty": "Quantity", "trade_price": "Trade Price (\u20b9)", "trade_val": "Trade Value  (\u20b9)", "order_id": "Order id"}], "DATA": [{"date": "27/06/2025", "time": "02:52 PM", "segment": "NSE_CASH", "symbol": "JINDALSTEL", "type": "SELL", "qty": 277.0, "trade_price": 940.0, "trade_val": 260380.0, "order_id": "1100000079731306"}, {"date": "27/06/2025", "time": "02:52 PM", "segment": "NSE_CASH", "symbol": "JINDALSTEL", "type": "SELL", "qty": 608.0, "trade_price": 940.0, "trade_val": 571520.0, "order_id": "1100000079731306"}, {"date": "27/06/2025", "time": "02:37 PM", "segment": "NSE_CASH", "symbol": "JINDALSTEL", "type": "BUY", "qty": 100.0, "trade_price": 939.85, "trade_val": 93985.0, "order_id": "1100000079644381"}, {"date": "27/06/2025", "time": "02:37 PM", "segment": "NSE_CASH", "symbol": "JINDALSTEL", "type": "BUY", "qty": 200.0, "trade_price": 939.85, "trade_val": 187970.0, "order_id": "1100000079644381"}, {"date": "27/06/2025", "time": "02:37 PM", "segment": "NSE_CASH", "symbol": "JINDALSTEL", "type": "BUY", "qty": 12.0, "trade_price": 939.85, "trade_val": 11278.2, "order_id": "1100000079644381"}, {"date": "27/06/2025", "time": "02:37 PM", "segment": "NSE_CASH", "symbol": "JINDALSTEL", "type": "BUY", "qty": 709.0, "trade_price": 939.85, "trade_val": 666353.65, "order_id": "1100000079644381"}, {"date": "27/06/2025", "time": "02:52 PM", "segment": "NSE_CASH", "symbol": "JINDALSTEL", "type": "SELL", "qty": 136.0, "trade_price": 940.0, "trade_val": 127840.0, "order_id": "1100000079731306"}, {"date": "13/06/2025", "time": "09:31 AM", "segment": "NSE_CASH", "symbol": "IGL", "type": "BUY", "qty": 55.0, "trade_price": 195.01, "trade_val": 10725.55, "order_id": "1100000010355266"}, {"date": "13/06/2025", "time": "09:31 AM", "segment": "NSE_CASH", "symbol": "IGL", "type": "BUY", "qty": 840.0, "trade_price": 195.01, "trade_val": 163808.4, "order_id": "1100000010355266"}, {"date": "13/06/2025", "time": "09:31 AM", "segment": "NSE_CASH", "symbol": "IGL", "type": "BUY", "qty": 4032.0, "trade_price": 195.01, "trade_val": 786280.32, "order_id": "1100000010355266"}, {"date": "13/06/2025", "time": "09:34 AM", "segment": "NSE_CASH", "symbol": "IGL", "type": "SELL", "qty": 4461.0, "trade_price": 195.04, "trade_val": 870073.44, "order_id": "1100000010983989"}, {"date": "13/06/2025", "time": "09:34 AM", "segment": "NSE_CASH", "symbol": "IGL", "type": "SELL", "qty": 466.0, "trade_price": 195.04, "trade_val": 90888.64, "order_id": "1100000010983989"}, {"date": "12/06/2025", "time": "01:33 PM", "segment": "NSE_CASH", "symbol": "HINDUNILVR", "type": "SELL", "qty": 5.0, "trade_price": 2340.1, "trade_val": 11700.5, "order_id": "1100000055099775"}, {"date": "12/06/2025", "time": "01:33 PM", "segment": "NSE_CASH", "symbol": "HINDUNILVR", "type": "SELL", "qty": 50.0, "trade_price": 2340.1, "trade_val": 117005.0, "order_id": "1100000055099775"}, {"date": "12/06/2025", "time": "01:33 PM", "segment": "NSE_CASH", "symbol": "HINDUNILVR", "type": "SELL", "qty": 1.0, "trade_price": 2340.1, "trade_val": 2340.1, "order_id": "1100000055099775"}, {"date": "12/06/2025", "time": "01:33 PM", "segment": "NSE_CASH", "symbol": "HINDUNILVR", "type": "SELL", "qty": 17.0, "trade_price": 2340.2, "trade_val": 39783.4, "order_id": "1100000055099775"}, {"date": "12/06/2025", "time": "01:33 PM", "segment": "NSE_CASH", "symbol": "HINDUNILVR", "type": "SELL", "qty": 192.0, "trade_price": 2340.0, "trade_val": 449280.0, "order_id": "1100000055099775"}, {"date": "12/06/2025", "time": "01:07 PM", "segment": "NSE_CASH", "symbol": "HINDUNILVR", "type": "BUY", "qty": 3.0, "trade_price": 2339.1, "trade_val": 7017.3, "order_id": "1100000050531018"}, {"date": "12/06/2025", "time": "01:07 PM", "segment": "NSE_CASH", "symbol": "HINDUNILVR", "type": "BUY", "qty": 198.0, "trade_price": 2339.1, "trade_val": 463141.8, "order_id": "1100000050531018"}, {"date": "12/06/2025", "time": "01:07 PM", "segment": "NSE_CASH", "symbol": "HINDUNILVR", "type": "BUY", "qty": 44.0, "trade_price": 2339.1, "trade_val": 102920.4, "order_id": "1100000050531018"}, {"date": "12/06/2025", "time": "01:07 PM", "segment": "NSE_CASH", "symbol": "HINDUNILVR", "type": "BUY", "qty": 61.0, "trade_price": 2339.1, "trade_val": 142685.1, "order_id": "1100000050531018"}, {"date": "12/06/2025", "time": "01:31 PM", "segment": "NSE_CASH", "symbol": "HINDUNILVR", "type": "SELL", "qty": 1.0, "trade_price": 2340.5, "trade_val": 2340.5, "order_id": "1100000054580984"}, {"date": "12/06/2025", "time": "01:07 PM", "segment": "NSE_CASH", "symbol": "HINDUNILVR", "type": "BUY", "qty": 104.0, "trade_price": 2339.1, "trade_val": 243266.4, "order_id": "1100000050531018"}, {"date": "12/06/2025", "time": "01:33 PM", "segment": "NSE_CASH", "symbol": "HINDUNILVR", "type": "SELL", "qty": 1.0, "trade_price": 2340.1, "trade_val": 2340.1, "order_id": "1100000055099775"}, {"date": "12/06/2025", "time": "01:33 PM", "segment": "NSE_CASH", "symbol": "HINDUNILVR", "type": "SELL", "qty": 40.0, "trade_price": 2340.2, "trade_val": 93608.0, "order_id": "1100000055099775"}, {"date": "12/06/2025", "time": "01:33 PM", "segment": "NSE_CASH", "symbol": "HINDUNILVR", "type": "SELL", "qty": 93.0, "trade_price": 2340.2, "trade_val": 217638.6, "order_id": "1100000055099775"}, {"date": "12/06/2025", "time": "01:33 PM", "segment": "NSE_CASH", "symbol": "HINDUNILVR", "type": "SELL", "qty": 10.0, "trade_price": 2340.1, "trade_val": 23401.0, "order_id": "1100000055099775"}, {"date": "10/06/2025", "time": "12:41 PM", "segment": "NSE_CASH", "symbol": "MOTHERSON", "type": "SELL", "qty": 217.0, "trade_price": 159.61, "trade_val": 34635.37, "order_id": "1200000035182427"}, {"date": "10/06/2025", "time": "12:41 PM", "segment": "NSE_CASH", "symbol": "MOTHERSON", "type": "SELL", "qty": 30.0, "trade_price": 159.61, "trade_val": 4788.3, "order_id": "1200000035182427"}, {"date": "10/06/2025", "time": "12:41 PM", "segment": "NSE_CASH", "symbol": "MOTHERSON", "type": "SELL", "qty": 20.0, "trade_price": 159.67, "trade_val": 3193.4, "order_id": "1200000035182427"}, {"date": "10/06/2025", "time": "12:41 PM", "segment": "NSE_CASH", "symbol": "MOTHERSON", "type": "SELL", "qty": 105.0, "trade_price": 159.65, "trade_val": 16763.25, "order_id": "1200000035182427"}, {"date": "10/06/2025", "time": "03:17 PM", "segment": "NSE_CASH", "symbol": "BHARATFORG", "type": "SELL", "qty": 226.0, "trade_price": 1338.3, "trade_val": 302455.8, "order_id": "1000000058051081"}, {"date": "10/06/2025", "time": "03:17 PM", "segment": "NSE_CASH", "symbol": "BHARATFORG", "type": "SELL", "qty": 23.0, "trade_price": 1338.8, "trade_val": 30792.4, "order_id": "1000000058051081"}, {"date": "10/06/2025", "time": "03:17 PM", "segment": "NSE_CASH", "symbol": "BHARATFORG", "type": "SELL", "qty": 12.0, "trade_price": 1338.8, "trade_val": 16065.6, "order_id": "1000000058051081"}, {"date": "10/06/2025", "time": "03:17 PM", "segment": "NSE_CASH", "symbol": "BHARATFORG", "type": "SELL", "qty": 292.0, "trade_price": 1338.5, "trade_val": 390842.0, "order_id": "1000000058051081"}, {"date": "10/06/2025", "time": "02:06 PM", "segment": "NSE_CASH", "symbol": "BHARATFORG", "type": "BUY", "qty": 553.0, "trade_price": 1332.8, "trade_val": 737038.4, "order_id": "1000000048456148"}, {"date": "10/06/2025", "time": "11:28 AM", "segment": "NSE_CASH", "symbol": "MOTHERSON", "type": "BUY", "qty": 5809.0, "trade_price": 158.6, "trade_val": 921307.4, "order_id": "1200000029625804"}, {"date": "10/06/2025", "time": "12:41 PM", "segment": "NSE_CASH", "symbol": "MOTHERSON", "type": "SELL", "qty": 54.0, "trade_price": 159.64, "trade_val": 8620.56, "order_id": "1200000035182427"}, {"date": "10/06/2025", "time": "12:41 PM", "segment": "NSE_CASH", "symbol": "MOTHERSON", "type": "SELL", "qty": 150.0, "trade_price": 159.64, "trade_val": 23946.0, "order_id": "1200000035182427"}, {"date": "10/06/2025", "time": "12:41 PM", "segment": "NSE_CASH", "symbol": "MOTHERSON", "type": "SELL", "qty": 434.0, "trade_price": 159.64, "trade_val": 69283.76, "order_id": "1200000035182427"}, {"date": "10/06/2025", "time": "12:41 PM", "segment": "NSE_CASH", "symbol": "MOTHERSON", "type": "SELL", "qty": 435.0, "trade_price": 159.63, "trade_val": 69439.05, "order_id": "1200000035182427"}, {"date": "10/06/2025", "time": "12:41 PM", "segment": "NSE_CASH", "symbol": "MOTHERSON", "type": "SELL", "qty": 223.0, "trade_price": 159.63, "trade_val": 35597.49, "order_id": "1200000035182427"}, {"date": "10/06/2025", "time": "12:41 PM", "segment": "NSE_CASH", "symbol": "MOTHERSON", "type": "SELL", "qty": 283.0, "trade_price": 159.62, "trade_val": 45172.46, "order_id": "1200000035182427"}, {"date": "10/06/2025", "time": "12:41 PM", "segment": "NSE_CASH", "symbol": "MOTHERSON", "type": "SELL", "qty": 200.0, "trade_price": 159.62, "trade_val": 31924.0, "order_id": "1200000035182427"}, {"date": "10/06/2025", "time": "12:41 PM", "segment": "NSE_CASH", "symbol": "MOTHERSON", "type": "SELL", "qty": 2.0, "trade_price": 159.62, "trade_val": 319.24, "order_id": "1200000035182427"}, {"date": "10/06/2025", "time": "12:41 PM", "segment": "NSE_CASH", "symbol": "MOTHERSON", "type": "SELL", "qty": 198.0, "trade_price": 159.66, "trade_val": 31612.68, "order_id": "1200000035182427"}, {"date": "10/06/2025", "time": "12:41 PM", "segment": "NSE_CASH", "symbol": "MOTHERSON", "type": "SELL", "qty": 411.0, "trade_price": 159.65, "trade_val": 65616.15, "order_id": "1200000035182427"}, {"date": "10/06/2025", "time": "12:41 PM", "segment": "NSE_CASH", "symbol": "MOTHERSON", "type": "SELL", "qty": 54.0, "trade_price": 159.62, "trade_val": 8619.48, "order_id": "1200000035182427"}, {"date": "10/06/2025", "time": "12:41 PM", "segment": "NSE_CASH", "symbol": "MOTHERSON", "type": "SELL", "qty": 5.0, "trade_price": 159.62, "trade_val": 798.1, "order_id": "1200000035182427"}, {"date": "10/06/2025", "time": "12:41 PM", "segment": "NSE_CASH", "symbol": "MOTHERSON", "type": "SELL", "qty": 869.0, "trade_price": 159.62, "trade_val": 138709.78, "order_id": "1200000035182427"}, {"date": "10/06/2025", "time": "12:41 PM", "segment": "NSE_CASH", "symbol": "MOTHERSON", "type": "SELL", "qty": 246.0, "trade_price": 159.62, "trade_val": 39266.52, "order_id": "1200000035182427"}, {"date": "10/06/2025", "time": "12:41 PM", "segment": "NSE_CASH", "symbol": "MOTHERSON", "type": "SELL", "qty": 174.0, "trade_price": 159.61, "trade_val": 27772.14, "order_id": "1200000035182427"}, {"date": "10/06/2025", "time": "12:41 PM", "segment": "NSE_CASH", "symbol": "MOTHERSON", "type": "SELL", "qty": 434.0, "trade_price": 159.61, "trade_val": 69270.74, "order_id": "1200000035182427"}, {"date": "10/06/2025", "time": "12:41 PM", "segment": "NSE_CASH", "symbol": "MOTHERSON", "type": "SELL", "qty": 284.0, "trade_price": 159.61, "trade_val": 45329.24, "order_id": "1200000035182427"}, {"date": "10/06/2025", "time": "12:41 PM", "segment": "NSE_CASH", "symbol": "MOTHERSON", "type": "SELL", "qty": 209.0, "trade_price": 159.61, "trade_val": 33358.49, "order_id": "1200000035182427"}, {"date": "10/06/2025", "time": "12:41 PM", "segment": "NSE_CASH", "symbol": "MOTHERSON", "type": "SELL", "qty": 100.0, "trade_price": 159.61, "trade_val": 15961.0, "order_id": "1200000035182427"}, {"date": "10/06/2025", "time": "12:41 PM", "segment": "NSE_CASH", "symbol": "MOTHERSON", "type": "SELL", "qty": 2.0, "trade_price": 159.61, "trade_val": 319.22, "order_id": "1200000035182427"}, {"date": "10/06/2025", "time": "12:41 PM", "segment": "NSE_CASH", "symbol": "MOTHERSON", "type": "SELL", "qty": 403.0, "trade_price": 159.61, "trade_val": 64322.83, "order_id": "1200000035182427"}, {"date": "10/06/2025", "time": "12:41 PM", "segment": "NSE_CASH", "symbol": "MOTHERSON", "type": "SELL", "qty": 110.0, "trade_price": 159.6, "trade_val": 17556.0, "order_id": "1200000035182427"}, {"date": "10/06/2025", "time": "12:41 PM", "segment": "NSE_CASH", "symbol": "MOTHERSON", "type": "SELL", "qty": 13.0, "trade_price": 159.6, "trade_val": 2074.8, "order_id": "1200000035182427"}, {"date": "10/06/2025", "time": "12:41 PM", "segment": "NSE_CASH", "symbol": "MOTHERSON", "type": "SELL", "qty": 54.0, "trade_price": 159.6, "trade_val": 8618.4, "order_id": "1200000035182427"}, {"date": "10/06/2025", "time": "12:41 PM", "segment": "NSE_CASH", "symbol": "MOTHERSON", "type": "SELL", "qty": 90.0, "trade_price": 159.6, "trade_val": 14364.0, "order_id": "1200000035182427"}, {"date": "04/06/2025", "time": "09:15 AM", "segment": "NSE_CASH", "symbol": "DEEPAKNTR", "type": "BUY", "qty": 1.0, "trade_price": 2029.0, "trade_val": 2029.0, "order_id": "1100000000263942"}, {"date": "04/06/2025", "time": "03:17 PM", "segment": "NSE_CASH", "symbol": "DEEPAKNTR", "type": "SELL", "qty": 1.0, "trade_price": 1986.9, "trade_val": 1986.9, "order_id": "1100000069607725"}], "total_res": 64.0}, "status_code": 200, "code": 200}