{"s": "ok", "message": "Success", "data": {"COLUMNS": [{"date": "Date", "time": "Time", "segment": "Segment", "symbol": "Symbol", "type": "Trade Type", "qty": "Quantity", "trade_price": "Trade Price (\u20b9)", "trade_val": "Trade Value  (\u20b9)", "order_id": "Order id"}], "DATA": [{"date": "08/11/2023", "time": "09:23 AM", "segment": "NSE_CASH", "symbol": "BSE", "type": "BUY", "qty": 115.0, "trade_price": 2050.3, "trade_val": 235784.5, "order_id": "1000000002170017"}, {"date": "08/11/2023", "time": "10:41 AM", "segment": "NSE_CASH", "symbol": "BSE", "type": "SELL", "qty": 7.0, "trade_price": 2047.3, "trade_val": 14331.1, "order_id": "1000000011018086"}, {"date": "08/11/2023", "time": "10:41 AM", "segment": "NSE_CASH", "symbol": "BSE", "type": "SELL", "qty": 8.0, "trade_price": 2047.15, "trade_val": 16377.2, "order_id": "1000000011018086"}, {"date": "08/11/2023", "time": "10:41 AM", "segment": "NSE_CASH", "symbol": "BSE", "type": "SELL", "qty": 14.0, "trade_price": 2047.3, "trade_val": 28662.2, "order_id": "1000000011018086"}, {"date": "08/11/2023", "time": "10:41 AM", "segment": "NSE_CASH", "symbol": "BSE", "type": "SELL", "qty": 50.0, "trade_price": 2047.0, "trade_val": 102350.0, "order_id": "1000000011018086"}, {"date": "08/11/2023", "time": "10:41 AM", "segment": "NSE_CASH", "symbol": "BSE", "type": "SELL", "qty": 23.0, "trade_price": 2047.0, "trade_val": 47081.0, "order_id": "1000000011018086"}, {"date": "08/11/2023", "time": "10:41 AM", "segment": "NSE_CASH", "symbol": "BSE", "type": "SELL", "qty": 13.0, "trade_price": 2047.0, "trade_val": 26611.0, "order_id": "1000000011018086"}], "total_res": 7.0}, "status_code": 200, "code": 200}