{"s": "ok", "message": "Success", "data": {"COLUMNS": [{"date": "Date", "time": "Time", "segment": "Segment", "symbol": "Symbol", "type": "Trade Type", "qty": "Quantity", "trade_price": "Trade Price (\u20b9)", "trade_val": "Trade Value  (\u20b9)", "order_id": "Order id"}], "DATA": [{"date": "23/11/2021", "time": "02:43 PM", "segment": "NSE_CASH", "symbol": "VEDL", "type": "SELL", "qty": 19.0, "trade_price": 359.95, "trade_val": 6839.05, "order_id": "1300000019793312"}, {"date": "18/11/2021", "time": "02:52 PM", "segment": "NSE_CASH", "symbol": "VEDL", "type": "BUY", "qty": 19.0, "trade_price": 308.8, "trade_val": 5867.2, "order_id": "1300000019823392"}, {"date": "03/11/2021", "time": "09:34 AM", "segment": "NSE_CASH", "symbol": "BHARTIARTL", "type": "BUY", "qty": 43.0, "trade_price": 712.5, "trade_val": 30637.5, "order_id": "1000000002059763"}, {"date": "03/11/2021", "time": "03:13 PM", "segment": "NSE_CASH", "symbol": "BHARTIARTL", "type": "SELL", "qty": 43.0, "trade_price": 699.0, "trade_val": 30057.0, "order_id": "1000000002645783"}, {"date": "01/11/2021", "time": "09:18 AM", "segment": "NSE_CASH", "symbol": "NMDC", "type": "BUY", "qty": 60.0, "trade_price": 146.0, "trade_val": 8760.0, "order_id": "1200000000645836"}, {"date": "01/11/2021", "time": "09:18 AM", "segment": "NSE_CASH", "symbol": "NMDC", "type": "BUY", "qty": 140.0, "trade_price": 146.0, "trade_val": 20440.0, "order_id": "1200000000645836"}, {"date": "01/11/2021", "time": "09:17 AM", "segment": "NSE_CASH", "symbol": "NMDC", "type": "SELL", "qty": 200.0, "trade_price": 145.4, "trade_val": 29080.0, "order_id": "1200000000517303"}], "total_res": 7.0}, "status_code": 200, "code": 200}