{"s": "ok", "message": "Success", "data": {"COLUMNS": [{"date": "Date", "time": "Time", "segment": "Segment", "symbol": "Symbol", "type": "Trade Type", "qty": "Quantity", "trade_price": "Trade Price (\u20b9)", "trade_val": "Trade Value  (\u20b9)", "order_id": "Order id"}], "DATA": [{"date": "28/04/2022", "time": "02:39 PM", "segment": "NSE_CASH", "symbol": "AWL", "type": "BUY", "qty": 105.0, "trade_price": 798.5, "trade_val": 83842.5, "order_id": "1651130258097689119"}, {"date": "28/04/2022", "time": "02:46 PM", "segment": "NSE_CASH", "symbol": "AWL", "type": "SELL", "qty": 5.0, "trade_price": 798.5, "trade_val": 3992.5, "order_id": "1651130258097689480"}, {"date": "28/04/2022", "time": "02:46 PM", "segment": "NSE_CASH", "symbol": "AWL", "type": "SELL", "qty": 70.0, "trade_price": 798.5, "trade_val": 55895.0, "order_id": "1651130258097689480"}, {"date": "28/04/2022", "time": "02:46 PM", "segment": "NSE_CASH", "symbol": "AWL", "type": "SELL", "qty": 2.0, "trade_price": 798.5, "trade_val": 1597.0, "order_id": "1651130258097689480"}, {"date": "28/04/2022", "time": "02:46 PM", "segment": "NSE_CASH", "symbol": "AWL", "type": "SELL", "qty": 8.0, "trade_price": 798.5, "trade_val": 6388.0, "order_id": "1651130258097689480"}, {"date": "28/04/2022", "time": "02:46 PM", "segment": "NSE_CASH", "symbol": "AWL", "type": "SELL", "qty": 3.0, "trade_price": 798.5, "trade_val": 2395.5, "order_id": "1651130258097689480"}, {"date": "28/04/2022", "time": "02:46 PM", "segment": "NSE_CASH", "symbol": "AWL", "type": "SELL", "qty": 14.0, "trade_price": 798.5, "trade_val": 11179.0, "order_id": "1651130258097689480"}, {"date": "28/04/2022", "time": "02:46 PM", "segment": "NSE_CASH", "symbol": "AWL", "type": "SELL", "qty": 1.0, "trade_price": 798.5, "trade_val": 798.5, "order_id": "1651130258097689480"}, {"date": "28/04/2022", "time": "02:46 PM", "segment": "NSE_CASH", "symbol": "AWL", "type": "SELL", "qty": 2.0, "trade_price": 798.5, "trade_val": 1597.0, "order_id": "1651130258097689480"}, {"date": "13/04/2022", "time": "11:09 AM", "segment": "NSE_CASH", "symbol": "POWERGRID", "type": "BUY", "qty": 1.0, "trade_price": 229.95, "trade_val": 229.95, "order_id": "1200000008495354"}, {"date": "13/04/2022", "time": "11:09 AM", "segment": "NSE_CASH", "symbol": "POWERGRID", "type": "BUY", "qty": 10.0, "trade_price": 229.95, "trade_val": 2299.5, "order_id": "1200000008495354"}, {"date": "13/04/2022", "time": "11:17 AM", "segment": "NSE_CASH", "symbol": "POWERGRID", "type": "SELL", "qty": 786.0, "trade_price": 230.15, "trade_val": 180897.9, "order_id": "1200000008867114"}, {"date": "13/04/2022", "time": "11:17 AM", "segment": "NSE_CASH", "symbol": "POWERGRID", "type": "SELL", "qty": 80.0, "trade_price": 230.15, "trade_val": 18412.0, "order_id": "1200000008867114"}, {"date": "13/04/2022", "time": "11:09 AM", "segment": "NSE_CASH", "symbol": "POWERGRID", "type": "BUY", "qty": 200.0, "trade_price": 229.95, "trade_val": 45990.0, "order_id": "1200000008495354"}, {"date": "13/04/2022", "time": "11:17 AM", "segment": "NSE_CASH", "symbol": "POWERGRID", "type": "SELL", "qty": 1.0, "trade_price": 230.15, "trade_val": 230.15, "order_id": "1200000008867114"}, {"date": "13/04/2022", "time": "11:17 AM", "segment": "NSE_CASH", "symbol": "POWERGRID", "type": "SELL", "qty": 1.0, "trade_price": 230.15, "trade_val": 230.15, "order_id": "1200000008867114"}, {"date": "13/04/2022", "time": "11:17 AM", "segment": "NSE_CASH", "symbol": "POWERGRID", "type": "SELL", "qty": 33.0, "trade_price": 230.15, "trade_val": 7594.95, "order_id": "1200000008867114"}, {"date": "13/04/2022", "time": "11:17 AM", "segment": "NSE_CASH", "symbol": "POWERGRID", "type": "SELL", "qty": 854.0, "trade_price": 230.15, "trade_val": 196548.1, "order_id": "1200000008867114"}, {"date": "13/04/2022", "time": "11:09 AM", "segment": "NSE_CASH", "symbol": "POWERGRID", "type": "BUY", "qty": 100.0, "trade_price": 229.95, "trade_val": 22995.0, "order_id": "1200000008495354"}, {"date": "13/04/2022", "time": "11:09 AM", "segment": "NSE_CASH", "symbol": "POWERGRID", "type": "BUY", "qty": 50.0, "trade_price": 229.95, "trade_val": 11497.5, "order_id": "1200000008495354"}, {"date": "13/04/2022", "time": "11:09 AM", "segment": "NSE_CASH", "symbol": "POWERGRID", "type": "BUY", "qty": 500.0, "trade_price": 229.95, "trade_val": 114975.0, "order_id": "1200000008495354"}, {"date": "13/04/2022", "time": "11:09 AM", "segment": "NSE_CASH", "symbol": "POWERGRID", "type": "BUY", "qty": 250.0, "trade_price": 229.95, "trade_val": 57487.5, "order_id": "1200000008495354"}, {"date": "13/04/2022", "time": "11:09 AM", "segment": "NSE_CASH", "symbol": "POWERGRID", "type": "BUY", "qty": 162.0, "trade_price": 229.95, "trade_val": 37251.9, "order_id": "1200000008495354"}, {"date": "13/04/2022", "time": "11:09 AM", "segment": "NSE_CASH", "symbol": "POWERGRID", "type": "BUY", "qty": 100.0, "trade_price": 229.95, "trade_val": 22995.0, "order_id": "1200000008495354"}, {"date": "13/04/2022", "time": "11:09 AM", "segment": "NSE_CASH", "symbol": "POWERGRID", "type": "BUY", "qty": 32.0, "trade_price": 229.95, "trade_val": 7358.4, "order_id": "1200000008495354"}, {"date": "13/04/2022", "time": "11:09 AM", "segment": "NSE_CASH", "symbol": "POWERGRID", "type": "BUY", "qty": 350.0, "trade_price": 229.95, "trade_val": 80482.5, "order_id": "1200000008495354"}], "total_res": 26.0}, "status_code": 200, "code": 200}