{"s": "ok", "message": "Success", "data": {"COLUMNS": [{"date": "Date", "time": "Time", "segment": "Segment", "symbol": "Symbol", "type": "Trade Type", "qty": "Quantity", "trade_price": "Trade Price (\u20b9)", "trade_val": "Trade Value  (\u20b9)", "order_id": "Order id"}], "DATA": [{"date": "25/06/2021", "time": "09:34 AM", "segment": "NSE_CASH", "symbol": "TATAMOTORS", "type": "BUY", "qty": 12.0, "trade_price": 340.95, "trade_val": 4091.4, "order_id": "1300000002787939"}, {"date": "25/06/2021", "time": "10:00 AM", "segment": "NSE_CASH", "symbol": "TATAMOTORS", "type": "SELL", "qty": 9.0, "trade_price": 339.55, "trade_val": 3055.95, "order_id": "1300000002804513"}, {"date": "25/06/2021", "time": "10:00 AM", "segment": "NSE_CASH", "symbol": "TATAMOTORS", "type": "SELL", "qty": 3.0, "trade_price": 339.55, "trade_val": 1018.65, "order_id": "1300000002804513"}, {"date": "22/06/2021", "time": "11:46 AM", "segment": "NSE_CASH", "symbol": "AARTIIND", "type": "SELL", "qty": 1.0, "trade_price": 884.1, "trade_val": 884.1, "order_id": "1000000004617027"}, {"date": "22/06/2021", "time": "09:30 AM", "segment": "NSE_CASH", "symbol": "AARTIIND", "type": "SELL", "qty": 4.0, "trade_price": 882.9, "trade_val": 3531.6, "order_id": "1000000002214404"}, {"date": "22/06/2021", "time": "09:24 AM", "segment": "NSE_CASH", "symbol": "AARTIIND", "type": "BUY", "qty": 5.0, "trade_price": 889.85, "trade_val": 4449.25, "order_id": "1000000001813216"}, {"date": "21/06/2021", "time": "03:25 PM", "segment": "NSE_CASH", "symbol": "AARTIIND", "type": "BUY", "qty": 5.0, "trade_price": 1769.95, "trade_val": 8849.75, "order_id": "1000000022346009"}, {"date": "11/06/2021", "time": "02:17 PM", "segment": "NSE_CASH", "symbol": "DGCONTENT", "type": "SELL", "qty": 11.0, "trade_price": 11.55, "trade_val": 127.05, "order_id": "1000000018848451"}, {"date": "11/06/2021", "time": "02:17 PM", "segment": "NSE_CASH", "symbol": "DGCONTENT", "type": "SELL", "qty": 1.0, "trade_price": 11.55, "trade_val": 11.55, "order_id": "1000000018848451"}, {"date": "11/06/2021", "time": "02:17 PM", "segment": "NSE_CASH", "symbol": "DGCONTENT", "type": "SELL", "qty": 100.0, "trade_price": 11.55, "trade_val": 1155.0, "order_id": "1000000018848451"}, {"date": "11/06/2021", "time": "02:17 PM", "segment": "NSE_CASH", "symbol": "DGCONTENT", "type": "SELL", "qty": 200.0, "trade_price": 11.55, "trade_val": 2310.0, "order_id": "1000000018848451"}, {"date": "11/06/2021", "time": "02:17 PM", "segment": "NSE_CASH", "symbol": "DGCONTENT", "type": "SELL", "qty": 1.0, "trade_price": 11.55, "trade_val": 11.55, "order_id": "1000000018848451"}, {"date": "11/06/2021", "time": "02:17 PM", "segment": "NSE_CASH", "symbol": "DGCONTENT", "type": "SELL", "qty": 2.0, "trade_price": 11.55, "trade_val": 23.1, "order_id": "1000000018848451"}, {"date": "11/06/2021", "time": "02:17 PM", "segment": "NSE_CASH", "symbol": "DGCONTENT", "type": "SELL", "qty": 585.0, "trade_price": 11.55, "trade_val": 6756.75, "order_id": "1000000018848451"}, {"date": "11/06/2021", "time": "02:17 PM", "segment": "NSE_CASH", "symbol": "DGCONTENT", "type": "SELL", "qty": 1.0, "trade_price": 11.55, "trade_val": 11.55, "order_id": "1000000018848451"}, {"date": "11/06/2021", "time": "02:17 PM", "segment": "NSE_CASH", "symbol": "DGCONTENT", "type": "SELL", "qty": 1899.0, "trade_price": 11.55, "trade_val": 21933.45, "order_id": "1000000018848451"}, {"date": "11/06/2021", "time": "02:18 PM", "segment": "NSE_CASH", "symbol": "DGCONTENT", "type": "BUY", "qty": 15.0, "trade_price": 11.55, "trade_val": 173.25, "order_id": "1000000018887004"}, {"date": "11/06/2021", "time": "02:18 PM", "segment": "NSE_CASH", "symbol": "DGCONTENT", "type": "BUY", "qty": 500.0, "trade_price": 11.55, "trade_val": 5775.0, "order_id": "1000000018887004"}, {"date": "11/06/2021", "time": "02:18 PM", "segment": "NSE_CASH", "symbol": "DGCONTENT", "type": "BUY", "qty": 12.0, "trade_price": 11.55, "trade_val": 138.6, "order_id": "1000000018887004"}, {"date": "11/06/2021", "time": "02:18 PM", "segment": "NSE_CASH", "symbol": "DGCONTENT", "type": "BUY", "qty": 156.0, "trade_price": 11.55, "trade_val": 1801.8, "order_id": "1000000018887004"}, {"date": "11/06/2021", "time": "02:18 PM", "segment": "NSE_CASH", "symbol": "DGCONTENT", "type": "BUY", "qty": 470.0, "trade_price": 11.55, "trade_val": 5428.5, "order_id": "1000000018887004"}, {"date": "11/06/2021", "time": "02:18 PM", "segment": "NSE_CASH", "symbol": "DGCONTENT", "type": "BUY", "qty": 1357.0, "trade_price": 11.55, "trade_val": 15673.35, "order_id": "1000000018887004"}, {"date": "11/06/2021", "time": "02:18 PM", "segment": "NSE_CASH", "symbol": "DGCONTENT", "type": "BUY", "qty": 100.0, "trade_price": 11.55, "trade_val": 1155.0, "order_id": "1000000018887004"}, {"date": "11/06/2021", "time": "02:18 PM", "segment": "NSE_CASH", "symbol": "DGCONTENT", "type": "BUY", "qty": 190.0, "trade_price": 11.55, "trade_val": 2194.5, "order_id": "1000000018887004"}, {"date": "10/06/2021", "time": "09:36 AM", "segment": "NSE_CASH", "symbol": "TEAMLEASE", "type": "BUY", "qty": 17.0, "trade_price": 3810.0, "trade_val": 64770.0, "order_id": "1300000001577270"}, {"date": "10/06/2021", "time": "09:20 AM", "segment": "NSE_CASH", "symbol": "TEAMLEASE", "type": "SELL", "qty": 17.0, "trade_price": 3797.0, "trade_val": 64549.0, "order_id": "1300000001255135"}, {"date": "03/06/2021", "time": "09:48 AM", "segment": "NSE_CASH", "symbol": "MOTHERSUMI", "type": "SELL", "qty": 1.0, "trade_price": 253.5, "trade_val": 253.5, "order_id": "1200000002511064"}, {"date": "03/06/2021", "time": "09:29 AM", "segment": "NSE_CASH", "symbol": "MOTHERSUMI", "type": "BUY", "qty": 200.0, "trade_price": 257.35, "trade_val": 51470.0, "order_id": "1200000002286831"}, {"date": "03/06/2021", "time": "09:48 AM", "segment": "NSE_CASH", "symbol": "MOTHERSUMI", "type": "SELL", "qty": 99.0, "trade_price": 253.5, "trade_val": 25096.5, "order_id": "1200000002511064"}, {"date": "03/06/2021", "time": "10:51 AM", "segment": "NSE_CASH", "symbol": "AWHCL", "type": "BUY", "qty": 130.0, "trade_price": 344.9, "trade_val": 44837.0, "order_id": "1000000006927801"}, {"date": "03/06/2021", "time": "10:51 AM", "segment": "NSE_CASH", "symbol": "AWHCL", "type": "BUY", "qty": 2.0, "trade_price": 344.95, "trade_val": 689.9, "order_id": "1000000006927801"}, {"date": "03/06/2021", "time": "12:42 PM", "segment": "NSE_CASH", "symbol": "AWHCL", "type": "SELL", "qty": 98.0, "trade_price": 336.65, "trade_val": 32991.7, "order_id": "1000000010055104"}, {"date": "03/06/2021", "time": "12:42 PM", "segment": "NSE_CASH", "symbol": "AWHCL", "type": "SELL", "qty": 74.0, "trade_price": 336.7, "trade_val": 24915.8, "order_id": "1000000010055104"}, {"date": "03/06/2021", "time": "12:42 PM", "segment": "NSE_CASH", "symbol": "AWHCL", "type": "SELL", "qty": 48.0, "trade_price": 336.65, "trade_val": 16159.2, "order_id": "1000000010055104"}, {"date": "03/06/2021", "time": "02:07 PM", "segment": "NSE_CASH", "symbol": "VOLTAS", "type": "BUY", "qty": 54.0, "trade_price": 1095.7, "trade_val": 59167.8, "order_id": "1300000013847096"}, {"date": "03/06/2021", "time": "02:45 PM", "segment": "NSE_CASH", "symbol": "VOLTAS", "type": "SELL", "qty": 1.0, "trade_price": 1111.0, "trade_val": 1111.0, "order_id": "1300000015662034"}, {"date": "03/06/2021", "time": "02:45 PM", "segment": "NSE_CASH", "symbol": "VOLTAS", "type": "SELL", "qty": 1.0, "trade_price": 1111.0, "trade_val": 1111.0, "order_id": "1300000015662034"}, {"date": "03/06/2021", "time": "02:45 PM", "segment": "NSE_CASH", "symbol": "VOLTAS", "type": "SELL", "qty": 1.0, "trade_price": 1111.0, "trade_val": 1111.0, "order_id": "1300000015662034"}, {"date": "03/06/2021", "time": "02:45 PM", "segment": "NSE_CASH", "symbol": "VOLTAS", "type": "SELL", "qty": 1.0, "trade_price": 1111.0, "trade_val": 1111.0, "order_id": "1300000015662034"}, {"date": "03/06/2021", "time": "02:45 PM", "segment": "NSE_CASH", "symbol": "VOLTAS", "type": "SELL", "qty": 50.0, "trade_price": 1111.0, "trade_val": 55550.0, "order_id": "1300000015662034"}, {"date": "03/06/2021", "time": "09:48 AM", "segment": "NSE_CASH", "symbol": "MOTHERSUMI", "type": "SELL", "qty": 50.0, "trade_price": 253.5, "trade_val": 12675.0, "order_id": "1200000002511064"}, {"date": "03/06/2021", "time": "09:48 AM", "segment": "NSE_CASH", "symbol": "MOTHERSUMI", "type": "SELL", "qty": 50.0, "trade_price": 253.5, "trade_val": 12675.0, "order_id": "1200000002511064"}, {"date": "03/06/2021", "time": "10:51 AM", "segment": "NSE_CASH", "symbol": "AWHCL", "type": "BUY", "qty": 23.0, "trade_price": 344.95, "trade_val": 7933.85, "order_id": "1000000006927801"}, {"date": "03/06/2021", "time": "10:51 AM", "segment": "NSE_CASH", "symbol": "AWHCL", "type": "BUY", "qty": 25.0, "trade_price": 344.95, "trade_val": 8623.75, "order_id": "1000000006927801"}, {"date": "03/06/2021", "time": "10:51 AM", "segment": "NSE_CASH", "symbol": "AWHCL", "type": "BUY", "qty": 40.0, "trade_price": 344.9, "trade_val": 13796.0, "order_id": "1000000006927801"}], "total_res": 45.0}, "status_code": 200, "code": 200}