{
  "s": "ok",
  "message": "Success",
  "data": {
    "COLUMNS": [
      {
        "date": "Date",
        "time": "Time",
        "segment": "Segment",
        "symbol": "Symbol",
        "type": "Trade Type",
        "qty": "Quantity",
        "trade_price": "Trade Price (\u20b9)",
        "trade_val": "Trade Value  (\u20b9)",
        "order_id": "Order id"
      }
    ],
    "DATA": [
      {
        "date": "29/10/2025",
        "time": "11:36 AM",
        "segment": "BSE_FNO",
        "symbol": "IO PE SENSEX 30Oct2025 84400",
        "type": "BUY",
        "qty": 20.0,
        "trade_price": 59.9,
        "trade_val": 1198.0,
        "order_id": "1761717969774044311"
      },
      {
        "date": "29/10/2025",
        "time": "12:30 PM",
        "segment": "BSE_FNO",
        "symbol": "IO PE SENSEX 30Oct2025 84400",
        "type": "SELL",
        "qty": 1000.0,
        "trade_price": 50.0,
        "trade_val": 50000.0,
        "order_id": "1761721059628182458"
      },
      {
        "date": "29/10/2025",
        "time": "12:05 PM",
        "segment": "BSE_FNO",
        "symbol": "IO PE SENSEX 30Oct2025 84400",
        "type": "BUY",
        "qty": 20.0,
        "trade_price": 50.0,
        "trade_val": 1000.0,
        "order_id": "1761718781634807238"
      },
      {
        "date": "29/10/2025",
        "time": "12:05 PM",
        "segment": "BSE_FNO",
        "symbol": "IO PE SENSEX 30Oct2025 84400",
        "type": "BUY",
        "qty": 40.0,
        "trade_price": 50.0,
        "trade_val": 2000.0,
        "order_id": "1761718781634807238"
      },
      {
        "date": "29/10/2025",
        "time": "12:05 PM",
        "segment": "BSE_FNO",
        "symbol": "IO PE SENSEX 30Oct2025 84400",
        "type": "BUY",
        "qty": 40.0,
        "trade_price": 50.0,
        "trade_val": 2000.0,
        "order_id": "1761718781634807238"
      },
      {
        "date": "29/10/2025",
        "time": "12:05 PM",
        "segment": "BSE_FNO",
        "symbol": "IO PE SENSEX 30Oct2025 84400",
        "type": "BUY",
        "qty": 100.0,
        "trade_price": 50.0,
        "trade_val": 5000.0,
        "order_id": "1761718781634807238"
      },
      {
        "date": "29/10/2025",
        "time": "12:05 PM",
        "segment": "BSE_FNO",
        "symbol": "IO PE SENSEX 30Oct2025 84400",
        "type": "BUY",
        "qty": 20.0,
        "trade_price": 50.0,
        "trade_val": 1000.0,
        "order_id": "1761718781634807238"
      },
      {
        "date": "29/10/2025",
        "time": "12:05 PM",
        "segment": "BSE_FNO",
        "symbol": "IO PE SENSEX 30Oct2025 84400",
        "type": "BUY",
        "qty": 20.0,
        "trade_price": 50.0,
        "trade_val": 1000.0,
        "order_id": "1761718781634807238"
      },
      {
        "date": "29/10/2025",
        "time": "12:05 PM",
        "segment": "BSE_FNO",
        "symbol": "IO PE SENSEX 30Oct2025 84400",
        "type": "BUY",
        "qty": 20.0,
        "trade_price": 50.0,
        "trade_val": 1000.0,
        "order_id": "1761718781634807238"
      },
      {
        "date": "29/10/2025",
        "time": "12:05 PM",
        "segment": "BSE_FNO",
        "symbol": "IO PE SENSEX 30Oct2025 84400",
        "type": "BUY",
        "qty": 100.0,
        "trade_price": 50.0,
        "trade_val": 5000.0,
        "order_id": "1761718781634807238"
      },
      {
        "date": "29/10/2025",
        "time": "12:05 PM",
        "segment": "BSE_FNO",
        "symbol": "IO PE SENSEX 30Oct2025 84400",
        "type": "BUY",
        "qty": 100.0,
        "trade_price": 50.0,
        "trade_val": 5000.0,
        "order_id": "1761718781634807238"
      },
      {
        "date": "29/10/2025",
        "time": "12:05 PM",
        "segment": "BSE_FNO",
        "symbol": "IO PE SENSEX 30Oct2025 84400",
        "type": "BUY",
        "qty": 100.0,
        "trade_price": 50.0,
        "trade_val": 5000.0,
        "order_id": "1761718781634807238"
      },
      {
        "date": "29/10/2025",
        "time": "12:05 PM",
        "segment": "BSE_FNO",
        "symbol": "IO PE SENSEX 30Oct2025 84400",
        "type": "BUY",
        "qty": 20.0,
        "trade_price": 50.0,
        "trade_val": 1000.0,
        "order_id": "1761718781634807238"
      },
      {
        "date": "29/10/2025",
        "time": "12:05 PM",
        "segment": "BSE_FNO",
        "symbol": "IO PE SENSEX 30Oct2025 84400",
        "type": "BUY",
        "qty": 180.0,
        "trade_price": 50.0,
        "trade_val": 9000.0,
        "order_id": "1761718781634807238"
      },
      {
        "date": "29/10/2025",
        "time": "12:05 PM",
        "segment": "BSE_FNO",
        "symbol": "IO PE SENSEX 30Oct2025 84400",
        "type": "BUY",
        "qty": 60.0,
        "trade_price": 50.0,
        "trade_val": 3000.0,
        "order_id": "1761718781634807238"
      },
      {
        "date": "29/10/2025",
        "time": "12:05 PM",
        "segment": "BSE_FNO",
        "symbol": "IO PE SENSEX 30Oct2025 84400",
        "type": "BUY",
        "qty": 60.0,
        "trade_price": 50.0,
        "trade_val": 3000.0,
        "order_id": "1761718781634807238"
      },
      {
        "date": "29/10/2025",
        "time": "12:05 PM",
        "segment": "BSE_FNO",
        "symbol": "IO PE SENSEX 30Oct2025 84400",
        "type": "BUY",
        "qty": 20.0,
        "trade_price": 50.0,
        "trade_val": 1000.0,
        "order_id": "1761718781634807238"
      },
      {
        "date": "29/10/2025",
        "time": "12:05 PM",
        "segment": "BSE_FNO",
        "symbol": "IO PE SENSEX 30Oct2025 84400",
        "type": "BUY",
        "qty": 40.0,
        "trade_price": 50.0,
        "trade_val": 2000.0,
        "order_id": "1761718781634807238"
      },
      {
        "date": "29/10/2025",
        "time": "12:05 PM",
        "segment": "BSE_FNO",
        "symbol": "IO PE SENSEX 30Oct2025 84400",
        "type": "BUY",
        "qty": 20.0,
        "trade_price": 50.0,
        "trade_val": 1000.0,
        "order_id": "1761718781634807238"
      },
      {
        "date": "29/10/2025",
        "time": "12:05 PM",
        "segment": "BSE_FNO",
        "symbol": "IO PE SENSEX 30Oct2025 84400",
        "type": "BUY",
        "qty": 40.0,
        "trade_price": 50.0,
        "trade_val": 2000.0,
        "order_id": "1761718781634807238"
      },
      {
        "date": "29/10/2025",
        "time": "11:56 AM",
        "segment": "BSE_FNO",
        "symbol": "IO PE SENSEX 30Oct2025 84400",
        "type": "SELL",
        "qty": 60.0,
        "trade_price": 60.8,
        "trade_val": 3648.0,
        "order_id": "1761718781634343240"
      },
      {
        "date": "29/10/2025",
        "time": "11:56 AM",
        "segment": "BSE_FNO",
        "symbol": "IO PE SENSEX 30Oct2025 84400",
        "type": "SELL",
        "qty": 60.0,
        "trade_price": 60.75,
        "trade_val": 3645.0,
        "order_id": "1761718781634343240"
      },
      {
        "date": "29/10/2025",
        "time": "11:56 AM",
        "segment": "BSE_FNO",
        "symbol": "IO PE SENSEX 30Oct2025 84400",
        "type": "SELL",
        "qty": 60.0,
        "trade_price": 60.75,
        "trade_val": 3645.0,
        "order_id": "1761718781634343240"
      },
      {
        "date": "29/10/2025",
        "time": "11:56 AM",
        "segment": "BSE_FNO",
        "symbol": "IO PE SENSEX 30Oct2025 84400",
        "type": "SELL",
        "qty": 20.0,
        "trade_price": 60.75,
        "trade_val": 1215.0,
        "order_id": "1761718781634343240"
      },
      {
        "date": "29/10/2025",
        "time": "11:56 AM",
        "segment": "BSE_FNO",
        "symbol": "IO PE SENSEX 30Oct2025 84400",
        "type": "SELL",
        "qty": 20.0,
        "trade_price": 60.75,
        "trade_val": 1215.0,
        "order_id": "1761718781634343240"
      },
      {
        "date": "29/10/2025",
        "time": "11:56 AM",
        "segment": "BSE_FNO",
        "symbol": "IO PE SENSEX 30Oct2025 84400",
        "type": "SELL",
        "qty": 600.0,
        "trade_price": 60.75,
        "trade_val": 36450.0,
        "order_id": "1761718781634343240"
      },
      {
        "date": "29/10/2025",
        "time": "11:36 AM",
        "segment": "BSE_FNO",
        "symbol": "IO PE SENSEX 30Oct2025 84400",
        "type": "BUY",
        "qty": 680.0,
        "trade_price": 59.9,
        "trade_val": 40732.0,
        "order_id": "1761717969774044311"
      },
      {
        "date": "29/10/2025",
        "time": "11:36 AM",
        "segment": "BSE_FNO",
        "symbol": "IO PE SENSEX 30Oct2025 84400",
        "type": "BUY",
        "qty": 60.0,
        "trade_price": 59.9,
        "trade_val": 3594.0,
        "order_id": "1761717969774044311"
      },
      {
        "date": "29/10/2025",
        "time": "11:36 AM",
        "segment": "BSE_FNO",
        "symbol": "IO PE SENSEX 30Oct2025 84400",
        "type": "BUY",
        "qty": 60.0,
        "trade_price": 59.9,
        "trade_val": 3594.0,
        "order_id": "1761717969774044311"
      },
      {
        "date": "28/10/2025",
        "time": "01:21 PM",
        "segment": "NSE_FNO",
        "symbol": "IO PE NIFTY 28Oct2025 25850",
        "type": "BUY",
        "qty": 225.0,
        "trade_price": 6.3,
        "trade_val": 1417.5,
        "order_id": "1600000212460226"
      },
      {
        "date": "28/10/2025",
        "time": "01:25 PM",
        "segment": "NSE_FNO",
        "symbol": "IO PE NIFTY 28Oct2025 25850",
        "type": "SELL",
        "qty": 1575.0,
        "trade_price": 6.45,
        "trade_val": 10158.75,
        "order_id": "1600000215409380"
      },
      {
        "date": "28/10/2025",
        "time": "01:25 PM",
        "segment": "NSE_FNO",
        "symbol": "IO PE NIFTY 28Oct2025 25850",
        "type": "SELL",
        "qty": 75.0,
        "trade_price": 6.45,
        "trade_val": 483.75,
        "order_id": "1600000215409393"
      },
      {
        "date": "28/10/2025",
        "time": "01:25 PM",
        "segment": "NSE_FNO",
        "symbol": "IO PE NIFTY 28Oct2025 25850",
        "type": "SELL",
        "qty": 75.0,
        "trade_price": 6.45,
        "trade_val": 483.75,
        "order_id": "1600000215409393"
      },
      {
        "date": "28/10/2025",
        "time": "01:25 PM",
        "segment": "NSE_FNO",
        "symbol": "IO PE NIFTY 28Oct2025 25850",
        "type": "SELL",
        "qty": 525.0,
        "trade_price": 6.45,
        "trade_val": 3386.25,
        "order_id": "1600000215409491"
      },
      {
        "date": "28/10/2025",
        "time": "01:25 PM",
        "segment": "NSE_FNO",
        "symbol": "IO PE NIFTY 28Oct2025 25850",
        "type": "SELL",
        "qty": 150.0,
        "trade_price": 6.45,
        "trade_val": 967.5,
        "order_id": "1600000215409491"
      },
      {
        "date": "28/10/2025",
        "time": "01:25 PM",
        "segment": "NSE_FNO",
        "symbol": "IO PE NIFTY 28Oct2025 25850",
        "type": "SELL",
        "qty": 1800.0,
        "trade_price": 6.45,
        "trade_val": 11610.0,
        "order_id": "1600000215409356"
      },
      {
        "date": "28/10/2025",
        "time": "01:25 PM",
        "segment": "NSE_FNO",
        "symbol": "IO PE NIFTY 28Oct2025 25850",
        "type": "SELL",
        "qty": 1800.0,
        "trade_price": 6.45,
        "trade_val": 11610.0,
        "order_id": "1600000215409310"
      },
      {
        "date": "28/10/2025",
        "time": "01:25 PM",
        "segment": "NSE_FNO",
        "symbol": "IO PE NIFTY 28Oct2025 25850",
        "type": "SELL",
        "qty": 1650.0,
        "trade_price": 6.45,
        "trade_val": 10642.5,
        "order_id": "1600000215409393"
      },
      {
        "date": "28/10/2025",
        "time": "01:25 PM",
        "segment": "NSE_FNO",
        "symbol": "IO PE NIFTY 28Oct2025 25850",
        "type": "SELL",
        "qty": 225.0,
        "trade_price": 6.45,
        "trade_val": 1451.25,
        "order_id": "1600000215409380"
      },
      {
        "date": "28/10/2025",
        "time": "01:21 PM",
        "segment": "NSE_FNO",
        "symbol": "IO PE NIFTY 28Oct2025 25850",
        "type": "BUY",
        "qty": 825.0,
        "trade_price": 6.3,
        "trade_val": 5197.5,
        "order_id": "1600000212460226"
      },
      {
        "date": "28/10/2025",
        "time": "01:21 PM",
        "segment": "NSE_FNO",
        "symbol": "IO PE NIFTY 28Oct2025 25850",
        "type": "BUY",
        "qty": 150.0,
        "trade_price": 6.3,
        "trade_val": 945.0,
        "order_id": "1600000212460226"
      },
      {
        "date": "28/10/2025",
        "time": "01:21 PM",
        "segment": "NSE_FNO",
        "symbol": "IO PE NIFTY 28Oct2025 25850",
        "type": "BUY",
        "qty": 75.0,
        "trade_price": 6.3,
        "trade_val": 472.5,
        "order_id": "1600000212460226"
      },
      {
        "date": "28/10/2025",
        "time": "01:21 PM",
        "segment": "NSE_FNO",
        "symbol": "IO PE NIFTY 28Oct2025 25850",
        "type": "BUY",
        "qty": 525.0,
        "trade_price": 6.3,
        "trade_val": 3307.5,
        "order_id": "1600000212460226"
      },
      {
        "date": "28/10/2025",
        "time": "01:21 PM",
        "segment": "NSE_FNO",
        "symbol": "IO PE NIFTY 28Oct2025 25850",
        "type": "BUY",
        "qty": 675.0,
        "trade_price": 6.3,
        "trade_val": 4252.5,
        "order_id": "1600000212461116"
      },
      {
        "date": "28/10/2025",
        "time": "01:21 PM",
        "segment": "NSE_FNO",
        "symbol": "IO PE NIFTY 28Oct2025 25850",
        "type": "BUY",
        "qty": 900.0,
        "trade_price": 6.3,
        "trade_val": 5670.0,
        "order_id": "1600000212458260"
      },
      {
        "date": "28/10/2025",
        "time": "01:21 PM",
        "segment": "NSE_FNO",
        "symbol": "IO PE NIFTY 28Oct2025 25850",
        "type": "BUY",
        "qty": 75.0,
        "trade_price": 6.3,
        "trade_val": 472.5,
        "order_id": "1600000212458260"
      },
      {
        "date": "28/10/2025",
        "time": "01:21 PM",
        "segment": "NSE_FNO",
        "symbol": "IO PE NIFTY 28Oct2025 25850",
        "type": "BUY",
        "qty": 1725.0,
        "trade_price": 6.3,
        "trade_val": 10867.5,
        "order_id": "1600000212456933"
      },
      {
        "date": "28/10/2025",
        "time": "01:21 PM",
        "segment": "NSE_FNO",
        "symbol": "IO PE NIFTY 28Oct2025 25850",
        "type": "BUY",
        "qty": 225.0,
        "trade_price": 6.3,
        "trade_val": 1417.5,
        "order_id": "1600000212459196"
      },
      {
        "date": "28/10/2025",
        "time": "01:21 PM",
        "segment": "NSE_FNO",
        "symbol": "IO PE NIFTY 28Oct2025 25850",
        "type": "BUY",
        "qty": 1200.0,
        "trade_price": 6.3,
        "trade_val": 7560.0,
        "order_id": "1600000212459196"
      },
      {
        "date": "28/10/2025",
        "time": "01:21 PM",
        "segment": "NSE_FNO",
        "symbol": "IO PE NIFTY 28Oct2025 25850",
        "type": "BUY",
        "qty": 375.0,
        "trade_price": 6.3,
        "trade_val": 2362.5,
        "order_id": "1600000212459196"
      },
      {
        "date": "28/10/2025",
        "time": "01:21 PM",
        "segment": "NSE_FNO",
        "symbol": "IO PE NIFTY 28Oct2025 25850",
        "type": "BUY",
        "qty": 825.0,
        "trade_price": 6.3,
        "trade_val": 5197.5,
        "order_id": "1600000212458260"
      },
      {
        "date": "28/10/2025",
        "time": "01:21 PM",
        "segment": "NSE_FNO",
        "symbol": "IO PE NIFTY 28Oct2025 25850",
        "type": "BUY",
        "qty": 75.0,
        "trade_price": 6.3,
        "trade_val": 472.5,
        "order_id": "1600000212456933"
      },
      {
        "date": "27/10/2025",
        "time": "09:23 AM",
        "segment": "NSE_FNO",
        "symbol": "IO PE NIFTY 28Oct2025 25700",
        "type": "BUY",
        "qty": 75.0,
        "trade_price": 15.3,
        "trade_val": 1147.5,
        "order_id": "1300000006363098"
      },
      {
        "date": "27/10/2025",
        "time": "09:23 AM",
        "segment": "NSE_FNO",
        "symbol": "IO PE NIFTY 28Oct2025 25700",
        "type": "BUY",
        "qty": 150.0,
        "trade_price": 15.3,
        "trade_val": 2295.0,
        "order_id": "1300000006363098"
      },
      {
        "date": "27/10/2025",
        "time": "09:34 AM",
        "segment": "NSE_FNO",
        "symbol": "IO PE NIFTY 28Oct2025 25700",
        "type": "SELL",
        "qty": 900.0,
        "trade_price": 15.4,
        "trade_val": 13860.0,
        "order_id": "1300000013338258"
      },
      {
        "date": "27/10/2025",
        "time": "09:34 AM",
        "segment": "NSE_FNO",
        "symbol": "IO PE NIFTY 28Oct2025 25700",
        "type": "SELL",
        "qty": 150.0,
        "trade_price": 15.4,
        "trade_val": 2310.0,
        "order_id": "1300000013338140"
      },
      {
        "date": "27/10/2025",
        "time": "09:34 AM",
        "segment": "NSE_FNO",
        "symbol": "IO PE NIFTY 28Oct2025 25700",
        "type": "SELL",
        "qty": 750.0,
        "trade_price": 15.4,
        "trade_val": 11550.0,
        "order_id": "1300000013338140"
      },
      {
        "date": "27/10/2025",
        "time": "09:34 AM",
        "segment": "NSE_FNO",
        "symbol": "IO PE NIFTY 28Oct2025 25700",
        "type": "SELL",
        "qty": 150.0,
        "trade_price": 15.4,
        "trade_val": 2310.0,
        "order_id": "1300000013338258"
      },
      {
        "date": "27/10/2025",
        "time": "09:34 AM",
        "segment": "NSE_FNO",
        "symbol": "IO PE NIFTY 28Oct2025 25700",
        "type": "SELL",
        "qty": 900.0,
        "trade_price": 15.4,
        "trade_val": 13860.0,
        "order_id": "1300000013338140"
      },
      {
        "date": "27/10/2025",
        "time": "09:34 AM",
        "segment": "NSE_FNO",
        "symbol": "IO PE NIFTY 28Oct2025 25700",
        "type": "SELL",
        "qty": 375.0,
        "trade_price": 15.4,
        "trade_val": 5775.0,
        "order_id": "1300000013338258"
      },
      {
        "date": "27/10/2025",
        "time": "09:23 AM",
        "segment": "NSE_FNO",
        "symbol": "IO PE NIFTY 28Oct2025 25700",
        "type": "BUY",
        "qty": 1575.0,
        "trade_price": 15.3,
        "trade_val": 24097.5,
        "order_id": "1300000006363098"
      },
      {
        "date": "27/10/2025",
        "time": "09:23 AM",
        "segment": "NSE_FNO",
        "symbol": "IO PE NIFTY 28Oct2025 25700",
        "type": "BUY",
        "qty": 150.0,
        "trade_price": 15.3,
        "trade_val": 2295.0,
        "order_id": "1300000006364356"
      },
      {
        "date": "27/10/2025",
        "time": "09:23 AM",
        "segment": "NSE_FNO",
        "symbol": "IO PE NIFTY 28Oct2025 25700",
        "type": "BUY",
        "qty": 225.0,
        "trade_price": 15.3,
        "trade_val": 3442.5,
        "order_id": "1300000006364356"
      },
      {
        "date": "27/10/2025",
        "time": "09:23 AM",
        "segment": "NSE_FNO",
        "symbol": "IO PE NIFTY 28Oct2025 25700",
        "type": "BUY",
        "qty": 1050.0,
        "trade_price": 15.3,
        "trade_val": 16065.0,
        "order_id": "1300000006364356"
      },
      {
        "date": "21/10/2025",
        "time": "02:08 PM",
        "segment": "BSE_FNO",
        "symbol": "IO CE SENSEX 23Oct2025 85000",
        "type": "BUY",
        "qty": 300.0,
        "trade_price": 77.05,
        "trade_val": 23115.0,
        "order_id": "1761035379853725421"
      },
      {
        "date": "21/10/2025",
        "time": "02:08 PM",
        "segment": "BSE_FNO",
        "symbol": "IO CE SENSEX 23Oct2025 85000",
        "type": "BUY",
        "qty": 320.0,
        "trade_price": 77.05,
        "trade_val": 24656.0,
        "order_id": "1761035379853725421"
      },
      {
        "date": "21/10/2025",
        "time": "02:08 PM",
        "segment": "BSE_FNO",
        "symbol": "IO CE SENSEX 23Oct2025 85000",
        "type": "BUY",
        "qty": 20.0,
        "trade_price": 77.05,
        "trade_val": 1541.0,
        "order_id": "1761035379853725421"
      },
      {
        "date": "21/10/2025",
        "time": "02:17 PM",
        "segment": "BSE_FNO",
        "symbol": "IO CE SENSEX 23Oct2025 85000",
        "type": "SELL",
        "qty": 460.0,
        "trade_price": 73.7,
        "trade_val": 33902.0,
        "order_id": "1761036094095487217"
      },
      {
        "date": "21/10/2025",
        "time": "02:17 PM",
        "segment": "BSE_FNO",
        "symbol": "IO CE SENSEX 23Oct2025 85000",
        "type": "SELL",
        "qty": 40.0,
        "trade_price": 73.7,
        "trade_val": 2948.0,
        "order_id": "1761036094095487217"
      },
      {
        "date": "21/10/2025",
        "time": "02:17 PM",
        "segment": "BSE_FNO",
        "symbol": "IO CE SENSEX 23Oct2025 85000",
        "type": "SELL",
        "qty": 120.0,
        "trade_price": 73.7,
        "trade_val": 8844.0,
        "order_id": "1761036094095487217"
      },
      {
        "date": "21/10/2025",
        "time": "02:17 PM",
        "segment": "BSE_FNO",
        "symbol": "IO CE SENSEX 23Oct2025 85000",
        "type": "SELL",
        "qty": 20.0,
        "trade_price": 73.75,
        "trade_val": 1475.0,
        "order_id": "1761036094095487217"
      },
      {
        "date": "17/10/2025",
        "time": "03:02 PM",
        "segment": "NSE_FNO",
        "symbol": "IO PE NIFTY 20Oct2025 25600",
        "type": "SELL",
        "qty": 150.0,
        "trade_price": 35.7,
        "trade_val": 5355.0,
        "order_id": "1100000236087580"
      },
      {
        "date": "17/10/2025",
        "time": "03:02 PM",
        "segment": "NSE_FNO",
        "symbol": "IO PE NIFTY 20Oct2025 25600",
        "type": "SELL",
        "qty": 150.0,
        "trade_price": 35.7,
        "trade_val": 5355.0,
        "order_id": "1100000236087580"
      },
      {
        "date": "17/10/2025",
        "time": "02:47 PM",
        "segment": "NSE_FNO",
        "symbol": "IO PE NIFTY 20Oct2025 25600",
        "type": "BUY",
        "qty": 75.0,
        "trade_price": 28.35,
        "trade_val": 2126.25,
        "order_id": "1100000234058528"
      },
      {
        "date": "17/10/2025",
        "time": "02:47 PM",
        "segment": "NSE_FNO",
        "symbol": "IO PE NIFTY 20Oct2025 25600",
        "type": "BUY",
        "qty": 150.0,
        "trade_price": 28.35,
        "trade_val": 4252.5,
        "order_id": "1100000234058528"
      },
      {
        "date": "17/10/2025",
        "time": "02:47 PM",
        "segment": "NSE_FNO",
        "symbol": "IO PE NIFTY 20Oct2025 25600",
        "type": "BUY",
        "qty": 75.0,
        "trade_price": 28.35,
        "trade_val": 2126.25,
        "order_id": "1100000234058528"
      },
      {
        "date": "15/10/2025",
        "time": "10:13 AM",
        "segment": "BSE_FNO",
        "symbol": "IO PE SENSEX 16Oct2025 81800",
        "type": "BUY",
        "qty": 100.0,
        "trade_price": 42.95,
        "trade_val": 4295.0,
        "order_id": "1760502927329907858"
      },
      {
        "date": "15/10/2025",
        "time": "10:13 AM",
        "segment": "BSE_FNO",
        "symbol": "IO PE SENSEX 16Oct2025 81800",
        "type": "BUY",
        "qty": 600.0,
        "trade_price": 42.95,
        "trade_val": 25770.0,
        "order_id": "1760502927329907858"
      },
      {
        "date": "15/10/2025",
        "time": "10:13 AM",
        "segment": "BSE_FNO",
        "symbol": "IO PE SENSEX 16Oct2025 81800",
        "type": "BUY",
        "qty": 20.0,
        "trade_price": 42.95,
        "trade_val": 859.0,
        "order_id": "1760502927329907985"
      },
      {
        "date": "15/10/2025",
        "time": "10:13 AM",
        "segment": "BSE_FNO",
        "symbol": "IO PE SENSEX 16Oct2025 81800",
        "type": "BUY",
        "qty": 140.0,
        "trade_price": 42.95,
        "trade_val": 6013.0,
        "order_id": "1760502927329907985"
      },
      {
        "date": "15/10/2025",
        "time": "10:13 AM",
        "segment": "BSE_FNO",
        "symbol": "IO PE SENSEX 16Oct2025 81800",
        "type": "BUY",
        "qty": 300.0,
        "trade_price": 42.95,
        "trade_val": 12885.0,
        "order_id": "1760502927329907858"
      },
      {
        "date": "15/10/2025",
        "time": "10:18 AM",
        "segment": "BSE_FNO",
        "symbol": "IO PE SENSEX 16Oct2025 81800",
        "type": "SELL",
        "qty": 160.0,
        "trade_price": 34.25,
        "trade_val": 5480.0,
        "order_id": "1760503472979357968"
      },
      {
        "date": "15/10/2025",
        "time": "10:18 AM",
        "segment": "BSE_FNO",
        "symbol": "IO PE SENSEX 16Oct2025 81800",
        "type": "SELL",
        "qty": 1000.0,
        "trade_price": 34.25,
        "trade_val": 34250.0,
        "order_id": "1760503472979357966"
      },
      {
        "date": "14/10/2025",
        "time": "01:25 PM",
        "segment": "NSE_FNO",
        "symbol": "IO CE NIFTY 14Oct2025 25300",
        "type": "SELL",
        "qty": 1350.0,
        "trade_price": 2.45,
        "trade_val": 3307.5,
        "order_id": "1200000206317259"
      },
      {
        "date": "14/10/2025",
        "time": "01:25 PM",
        "segment": "NSE_FNO",
        "symbol": "IO CE NIFTY 14Oct2025 25300",
        "type": "SELL",
        "qty": 75.0,
        "trade_price": 2.45,
        "trade_val": 183.75,
        "order_id": "1200000206317275"
      },
      {
        "date": "14/10/2025",
        "time": "01:25 PM",
        "segment": "NSE_FNO",
        "symbol": "IO CE NIFTY 14Oct2025 25300",
        "type": "SELL",
        "qty": 450.0,
        "trade_price": 2.45,
        "trade_val": 1102.5,
        "order_id": "1200000206317259"
      },
      {
        "date": "14/10/2025",
        "time": "01:20 PM",
        "segment": "NSE_FNO",
        "symbol": "IO CE NIFTY 14Oct2025 25300",
        "type": "BUY",
        "qty": 1725.0,
        "trade_price": 2.4,
        "trade_val": 4140.0,
        "order_id": "1200000202298150"
      },
      {
        "date": "14/10/2025",
        "time": "01:20 PM",
        "segment": "NSE_FNO",
        "symbol": "IO CE NIFTY 14Oct2025 25300",
        "type": "BUY",
        "qty": 150.0,
        "trade_price": 2.4,
        "trade_val": 360.0,
        "order_id": "1200000202299167"
      },
      {
        "date": "14/10/2025",
        "time": "01:20 PM",
        "segment": "NSE_FNO",
        "symbol": "IO CE NIFTY 14Oct2025 25300",
        "type": "BUY",
        "qty": 75.0,
        "trade_price": 2.4,
        "trade_val": 180.0,
        "order_id": "1200000202298150"
      },
      {
        "date": "14/10/2025",
        "time": "01:20 PM",
        "segment": "NSE_FNO",
        "symbol": "IO CE NIFTY 14Oct2025 25300",
        "type": "BUY",
        "qty": 75.0,
        "trade_price": 2.4,
        "trade_val": 180.0,
        "order_id": "1200000202299167"
      },
      {
        "date": "14/10/2025",
        "time": "01:17 PM",
        "segment": "NSE_FNO",
        "symbol": "IO CE NIFTY 14Oct2025 25300",
        "type": "BUY",
        "qty": 75.0,
        "trade_price": 2.35,
        "trade_val": 176.25,
        "order_id": "1200000200634768"
      },
      {
        "date": "14/10/2025",
        "time": "12:00 AM",
        "segment": "NSE_FNO",
        "symbol": "IO CE NIFTY 14Oct2025 25200 ",
        "type": "SELL",
        "qty": 3000.0,
        "trade_price": 0.0,
        "trade_val": 0.0,
        "order_id": ""
      },
      {
        "date": "14/10/2025",
        "time": "12:00 AM",
        "segment": "NSE_FNO",
        "symbol": "IO CE NIFTY 14Oct2025 25200",
        "type": "SELL",
        "qty": 3000.0,
        "trade_price": 0.0,
        "trade_val": 0.0,
        "order_id": ""
      },
      {
        "date": "14/10/2025",
        "time": "02:56 PM",
        "segment": "NSE_FNO",
        "symbol": "IO CE NIFTY 14Oct2025 25200",
        "type": "BUY",
        "qty": 1200.0,
        "trade_price": 3.3,
        "trade_val": 3960.0,
        "order_id": "1000000312498319"
      },
      {
        "date": "14/10/2025",
        "time": "02:56 PM",
        "segment": "NSE_FNO",
        "symbol": "IO CE NIFTY 14Oct2025 25200",
        "type": "BUY",
        "qty": 150.0,
        "trade_price": 3.3,
        "trade_val": 495.0,
        "order_id": "1000000312497093"
      },
      {
        "date": "14/10/2025",
        "time": "02:56 PM",
        "segment": "NSE_FNO",
        "symbol": "IO CE NIFTY 14Oct2025 25200",
        "type": "BUY",
        "qty": 1650.0,
        "trade_price": 3.3,
        "trade_val": 5445.0,
        "order_id": "1000000312497093"
      },
      {
        "date": "14/10/2025",
        "time": "01:25 PM",
        "segment": "NSE_FNO",
        "symbol": "IO CE NIFTY 14Oct2025 25300",
        "type": "SELL",
        "qty": 225.0,
        "trade_price": 2.45,
        "trade_val": 551.25,
        "order_id": "1200000206317275"
      },
      {
        "date": "13/10/2025",
        "time": "09:20 AM",
        "segment": "NSE_FNO",
        "symbol": "IO CE NIFTY 14Oct2025 25500",
        "type": "SELL",
        "qty": 1125.0,
        "trade_price": 7.0,
        "trade_val": 7875.0,
        "order_id": "1600000006345796"
      },
      {
        "date": "13/10/2025",
        "time": "09:20 AM",
        "segment": "NSE_FNO",
        "symbol": "IO CE NIFTY 14Oct2025 25500",
        "type": "SELL",
        "qty": 225.0,
        "trade_price": 7.0,
        "trade_val": 1575.0,
        "order_id": "1600000006345796"
      },
      {
        "date": "13/10/2025",
        "time": "09:20 AM",
        "segment": "NSE_FNO",
        "symbol": "IO CE NIFTY 14Oct2025 25500",
        "type": "SELL",
        "qty": 375.0,
        "trade_price": 7.0,
        "trade_val": 2625.0,
        "order_id": "1600000006346006"
      },
      {
        "date": "13/10/2025",
        "time": "09:20 AM",
        "segment": "NSE_FNO",
        "symbol": "IO CE NIFTY 14Oct2025 25500",
        "type": "SELL",
        "qty": 225.0,
        "trade_price": 7.0,
        "trade_val": 1575.0,
        "order_id": "1600000006346006"
      },
      {
        "date": "13/10/2025",
        "time": "09:20 AM",
        "segment": "NSE_FNO",
        "symbol": "IO CE NIFTY 14Oct2025 25500",
        "type": "SELL",
        "qty": 750.0,
        "trade_price": 7.0,
        "trade_val": 5250.0,
        "order_id": "1600000006346006"
      },
      {
        "date": "13/10/2025",
        "time": "09:20 AM",
        "segment": "NSE_FNO",
        "symbol": "IO CE NIFTY 14Oct2025 25500",
        "type": "SELL",
        "qty": 675.0,
        "trade_price": 7.0,
        "trade_val": 4725.0,
        "order_id": "1600000006345972"
      },
      {
        "date": "13/10/2025",
        "time": "09:19 AM",
        "segment": "BSE_FNO",
        "symbol": "IO CE SENSEX 16Oct2025 83000",
        "type": "SELL",
        "qty": 40.0,
        "trade_price": 114.9,
        "trade_val": 4596.0,
        "order_id": "1760327100001841098"
      },
      {
        "date": "13/10/2025",
        "time": "09:19 AM",
        "segment": "BSE_FNO",
        "symbol": "IO CE SENSEX 16Oct2025 83000",
        "type": "SELL",
        "qty": 380.0,
        "trade_price": 114.95,
        "trade_val": 43681.0,
        "order_id": "1760327100001841098"
      },
      {
        "date": "13/10/2025",
        "time": "09:15 AM",
        "segment": "BSE_FNO",
        "symbol": "IO CE SENSEX 16Oct2025 83000",
        "type": "BUY",
        "qty": 20.0,
        "trade_price": 117.1,
        "trade_val": 2342.0,
        "order_id": "1760327100001002111"
      },
      {
        "date": "13/10/2025",
        "time": "09:15 AM",
        "segment": "NSE_FNO",
        "symbol": "IO CE NIFTY 14Oct2025 25500",
        "type": "BUY",
        "qty": 75.0,
        "trade_price": 8.95,
        "trade_val": 671.25,
        "order_id": "1600000000002404"
      },
      {
        "date": "13/10/2025",
        "time": "09:15 AM",
        "segment": "NSE_FNO",
        "symbol": "IO CE NIFTY 14Oct2025 25500",
        "type": "BUY",
        "qty": 900.0,
        "trade_price": 9.0,
        "trade_val": 8100.0,
        "order_id": "1600000000002404"
      },
      {
        "date": "13/10/2025",
        "time": "09:15 AM",
        "segment": "NSE_FNO",
        "symbol": "IO CE NIFTY 14Oct2025 25500",
        "type": "BUY",
        "qty": 375.0,
        "trade_price": 9.0,
        "trade_val": 3375.0,
        "order_id": "1600000000002404"
      },
      {
        "date": "13/10/2025",
        "time": "09:15 AM",
        "segment": "NSE_FNO",
        "symbol": "IO CE NIFTY 14Oct2025 25500",
        "type": "BUY",
        "qty": 1425.0,
        "trade_price": 9.0,
        "trade_val": 12825.0,
        "order_id": "1600000000002406"
      },
      {
        "date": "13/10/2025",
        "time": "09:15 AM",
        "segment": "NSE_FNO",
        "symbol": "IO CE NIFTY 14Oct2025 25500",
        "type": "BUY",
        "qty": 375.0,
        "trade_price": 9.0,
        "trade_val": 3375.0,
        "order_id": "1600000000002406"
      },
      {
        "date": "13/10/2025",
        "time": "09:15 AM",
        "segment": "NSE_FNO",
        "symbol": "IO CE NIFTY 14Oct2025 25500",
        "type": "BUY",
        "qty": 450.0,
        "trade_price": 8.95,
        "trade_val": 4027.5,
        "order_id": "1600000000002404"
      },
      {
        "date": "13/10/2025",
        "time": "09:15 AM",
        "segment": "BSE_FNO",
        "symbol": "IO CE SENSEX 16Oct2025 83000",
        "type": "BUY",
        "qty": 20.0,
        "trade_price": 117.1,
        "trade_val": 2342.0,
        "order_id": "1760327100001002111"
      },
      {
        "date": "13/10/2025",
        "time": "09:15 AM",
        "segment": "NSE_FNO",
        "symbol": "IO CE NIFTY 14Oct2025 25500",
        "type": "BUY",
        "qty": 1350.0,
        "trade_price": 9.0,
        "trade_val": 12150.0,
        "order_id": "1600000000002407"
      },
      {
        "date": "13/10/2025",
        "time": "09:15 AM",
        "segment": "BSE_FNO",
        "symbol": "IO CE SENSEX 16Oct2025 83000",
        "type": "BUY",
        "qty": 20.0,
        "trade_price": 117.1,
        "trade_val": 2342.0,
        "order_id": "1760327100001002111"
      },
      {
        "date": "13/10/2025",
        "time": "09:15 AM",
        "segment": "BSE_FNO",
        "symbol": "IO CE SENSEX 16Oct2025 83000",
        "type": "BUY",
        "qty": 260.0,
        "trade_price": 117.1,
        "trade_val": 30446.0,
        "order_id": "1760327100001002111"
      },
      {
        "date": "13/10/2025",
        "time": "09:15 AM",
        "segment": "BSE_FNO",
        "symbol": "IO CE SENSEX 16Oct2025 83000",
        "type": "BUY",
        "qty": 100.0,
        "trade_price": 117.1,
        "trade_val": 11710.0,
        "order_id": "1760327100001002111"
      },
      {
        "date": "13/10/2025",
        "time": "02:06 PM",
        "segment": "NSE_FNO",
        "symbol": "IO PE NIFTY 14Oct2025 25050",
        "type": "SELL",
        "qty": 1125.0,
        "trade_price": 15.55,
        "trade_val": 17493.75,
        "order_id": "1400000166941847"
      },
      {
        "date": "13/10/2025",
        "time": "02:06 PM",
        "segment": "NSE_FNO",
        "symbol": "IO PE NIFTY 14Oct2025 25050",
        "type": "SELL",
        "qty": 75.0,
        "trade_price": 15.55,
        "trade_val": 1166.25,
        "order_id": "1400000166941847"
      },
      {
        "date": "13/10/2025",
        "time": "02:06 PM",
        "segment": "NSE_FNO",
        "symbol": "IO PE NIFTY 14Oct2025 25050",
        "type": "SELL",
        "qty": 75.0,
        "trade_price": 15.55,
        "trade_val": 1166.25,
        "order_id": "1400000166941918"
      },
      {
        "date": "13/10/2025",
        "time": "02:06 PM",
        "segment": "NSE_FNO",
        "symbol": "IO PE NIFTY 14Oct2025 25050",
        "type": "SELL",
        "qty": 1050.0,
        "trade_price": 15.55,
        "trade_val": 16327.5,
        "order_id": "1400000166941918"
      },
      {
        "date": "13/10/2025",
        "time": "02:06 PM",
        "segment": "NSE_FNO",
        "symbol": "IO PE NIFTY 14Oct2025 25050",
        "type": "SELL",
        "qty": 75.0,
        "trade_price": 15.55,
        "trade_val": 1166.25,
        "order_id": "1400000166941918"
      },
      {
        "date": "13/10/2025",
        "time": "02:06 PM",
        "segment": "NSE_FNO",
        "symbol": "IO PE NIFTY 14Oct2025 25050",
        "type": "SELL",
        "qty": 150.0,
        "trade_price": 15.55,
        "trade_val": 2332.5,
        "order_id": "1400000166941918"
      },
      {
        "date": "13/10/2025",
        "time": "02:06 PM",
        "segment": "NSE_FNO",
        "symbol": "IO PE NIFTY 14Oct2025 25050",
        "type": "SELL",
        "qty": 600.0,
        "trade_price": 15.55,
        "trade_val": 9330.0,
        "order_id": "1400000166941847"
      },
      {
        "date": "13/10/2025",
        "time": "02:03 PM",
        "segment": "NSE_FNO",
        "symbol": "IO PE NIFTY 14Oct2025 25050",
        "type": "BUY",
        "qty": 75.0,
        "trade_price": 15.65,
        "trade_val": 1173.75,
        "order_id": "1400000165519555"
      },
      {
        "date": "13/10/2025",
        "time": "02:03 PM",
        "segment": "NSE_FNO",
        "symbol": "IO PE NIFTY 14Oct2025 25050",
        "type": "BUY",
        "qty": 75.0,
        "trade_price": 15.65,
        "trade_val": 1173.75,
        "order_id": "1400000165519555"
      },
      {
        "date": "13/10/2025",
        "time": "02:03 PM",
        "segment": "NSE_FNO",
        "symbol": "IO PE NIFTY 14Oct2025 25050",
        "type": "BUY",
        "qty": 75.0,
        "trade_price": 15.65,
        "trade_val": 1173.75,
        "order_id": "1400000165519555"
      },
      {
        "date": "13/10/2025",
        "time": "02:03 PM",
        "segment": "NSE_FNO",
        "symbol": "IO PE NIFTY 14Oct2025 25050",
        "type": "BUY",
        "qty": 150.0,
        "trade_price": 15.65,
        "trade_val": 2347.5,
        "order_id": "1400000165519555"
      },
      {
        "date": "13/10/2025",
        "time": "02:03 PM",
        "segment": "NSE_FNO",
        "symbol": "IO PE NIFTY 14Oct2025 25050",
        "type": "BUY",
        "qty": 75.0,
        "trade_price": 15.65,
        "trade_val": 1173.75,
        "order_id": "1400000165519555"
      },
      {
        "date": "13/10/2025",
        "time": "02:03 PM",
        "segment": "NSE_FNO",
        "symbol": "IO PE NIFTY 14Oct2025 25050",
        "type": "BUY",
        "qty": 450.0,
        "trade_price": 15.65,
        "trade_val": 7042.5,
        "order_id": "1400000165519555"
      },
      {
        "date": "13/10/2025",
        "time": "02:03 PM",
        "segment": "NSE_FNO",
        "symbol": "IO PE NIFTY 14Oct2025 25050",
        "type": "BUY",
        "qty": 75.0,
        "trade_price": 15.65,
        "trade_val": 1173.75,
        "order_id": "1400000165519555"
      },
      {
        "date": "13/10/2025",
        "time": "02:03 PM",
        "segment": "NSE_FNO",
        "symbol": "IO PE NIFTY 14Oct2025 25050",
        "type": "BUY",
        "qty": 75.0,
        "trade_price": 15.65,
        "trade_val": 1173.75,
        "order_id": "1400000165519555"
      },
      {
        "date": "13/10/2025",
        "time": "02:03 PM",
        "segment": "NSE_FNO",
        "symbol": "IO PE NIFTY 14Oct2025 25050",
        "type": "BUY",
        "qty": 150.0,
        "trade_price": 15.65,
        "trade_val": 2347.5,
        "order_id": "1400000165519555"
      },
      {
        "date": "13/10/2025",
        "time": "02:03 PM",
        "segment": "NSE_FNO",
        "symbol": "IO PE NIFTY 14Oct2025 25050",
        "type": "BUY",
        "qty": 375.0,
        "trade_price": 15.65,
        "trade_val": 5868.75,
        "order_id": "1400000165518562"
      },
      {
        "date": "13/10/2025",
        "time": "02:03 PM",
        "segment": "NSE_FNO",
        "symbol": "IO PE NIFTY 14Oct2025 25050",
        "type": "BUY",
        "qty": 150.0,
        "trade_price": 15.65,
        "trade_val": 2347.5,
        "order_id": "1400000165518562"
      },
      {
        "date": "13/10/2025",
        "time": "02:03 PM",
        "segment": "NSE_FNO",
        "symbol": "IO PE NIFTY 14Oct2025 25050",
        "type": "BUY",
        "qty": 1275.0,
        "trade_price": 15.65,
        "trade_val": 19953.75,
        "order_id": "1400000165518562"
      },
      {
        "date": "13/10/2025",
        "time": "02:03 PM",
        "segment": "NSE_FNO",
        "symbol": "IO PE NIFTY 14Oct2025 25050",
        "type": "BUY",
        "qty": 150.0,
        "trade_price": 15.65,
        "trade_val": 2347.5,
        "order_id": "1400000165519555"
      },
      {
        "date": "13/10/2025",
        "time": "09:20 AM",
        "segment": "NSE_FNO",
        "symbol": "IO CE NIFTY 14Oct2025 25500",
        "type": "SELL",
        "qty": 1125.0,
        "trade_price": 7.0,
        "trade_val": 7875.0,
        "order_id": "1600000006345972"
      },
      {
        "date": "13/10/2025",
        "time": "09:20 AM",
        "segment": "NSE_FNO",
        "symbol": "IO CE NIFTY 14Oct2025 25500",
        "type": "SELL",
        "qty": 450.0,
        "trade_price": 7.0,
        "trade_val": 3150.0,
        "order_id": "1600000006345796"
      }
    ],
    "total_res": 139.0
  },
  "status_code": 200,
  "code": 200
}