{"s": "ok", "message": "Success", "data": {"COLUMNS": [{"date": "Date", "time": "Time", "segment": "Segment", "symbol": "Symbol", "type": "Trade Type", "qty": "Quantity", "trade_price": "Trade Price (\u20b9)", "trade_val": "Trade Value  (\u20b9)", "order_id": "Order id"}], "DATA": [{"date": "23/01/2025", "time": "02:05 PM", "segment": "NSE_CASH", "symbol": "BPCL", "type": "SELL", "qty": 1.0, "trade_price": 271.25, "trade_val": 271.25, "order_id": "1000000045544659"}, {"date": "23/01/2025", "time": "02:05 PM", "segment": "NSE_CASH", "symbol": "BPCL", "type": "SELL", "qty": 2.0, "trade_price": 271.25, "trade_val": 542.5, "order_id": "1000000045544659"}, {"date": "23/01/2025", "time": "02:05 PM", "segment": "NSE_CASH", "symbol": "BPCL", "type": "SELL", "qty": 10.0, "trade_price": 271.25, "trade_val": 2712.5, "order_id": "1000000045544659"}, {"date": "23/01/2025", "time": "02:05 PM", "segment": "NSE_CASH", "symbol": "BPCL", "type": "SELL", "qty": 1.0, "trade_price": 271.25, "trade_val": 271.25, "order_id": "1000000045544659"}, {"date": "23/01/2025", "time": "02:05 PM", "segment": "NSE_CASH", "symbol": "BPCL", "type": "SELL", "qty": 1.0, "trade_price": 271.25, "trade_val": 271.25, "order_id": "1000000045544659"}, {"date": "23/01/2025", "time": "02:05 PM", "segment": "NSE_CASH", "symbol": "BPCL", "type": "SELL", "qty": 2.0, "trade_price": 271.25, "trade_val": 542.5, "order_id": "1000000045544659"}, {"date": "23/01/2025", "time": "02:05 PM", "segment": "NSE_CASH", "symbol": "BPCL", "type": "SELL", "qty": 9.0, "trade_price": 271.25, "trade_val": 2441.25, "order_id": "1000000045544659"}, {"date": "23/01/2025", "time": "02:05 PM", "segment": "NSE_CASH", "symbol": "BPCL", "type": "SELL", "qty": 10.0, "trade_price": 271.25, "trade_val": 2712.5, "order_id": "1000000045544659"}, {"date": "23/01/2025", "time": "02:05 PM", "segment": "NSE_CASH", "symbol": "BPCL", "type": "SELL", "qty": 1.0, "trade_price": 271.25, "trade_val": 271.25, "order_id": "1000000045544659"}, {"date": "23/01/2025", "time": "02:05 PM", "segment": "NSE_CASH", "symbol": "BPCL", "type": "SELL", "qty": 2.0, "trade_price": 271.25, "trade_val": 542.5, "order_id": "1000000045544659"}, {"date": "23/01/2025", "time": "02:05 PM", "segment": "NSE_CASH", "symbol": "BPCL", "type": "SELL", "qty": 1.0, "trade_price": 271.25, "trade_val": 271.25, "order_id": "1000000045544659"}, {"date": "23/01/2025", "time": "02:05 PM", "segment": "NSE_CASH", "symbol": "BPCL", "type": "SELL", "qty": 266.0, "trade_price": 271.25, "trade_val": 72152.5, "order_id": "1000000045544659"}, {"date": "23/01/2025", "time": "02:05 PM", "segment": "NSE_CASH", "symbol": "BPCL", "type": "SELL", "qty": 10.0, "trade_price": 271.25, "trade_val": 2712.5, "order_id": "1000000045544659"}, {"date": "23/01/2025", "time": "02:05 PM", "segment": "NSE_CASH", "symbol": "BPCL", "type": "SELL", "qty": 1.0, "trade_price": 271.25, "trade_val": 271.25, "order_id": "1000000045544659"}, {"date": "23/01/2025", "time": "02:05 PM", "segment": "NSE_CASH", "symbol": "BPCL", "type": "SELL", "qty": 2.0, "trade_price": 271.25, "trade_val": 542.5, "order_id": "1000000045544659"}, {"date": "23/01/2025", "time": "02:05 PM", "segment": "NSE_CASH", "symbol": "BPCL", "type": "SELL", "qty": 266.0, "trade_price": 271.25, "trade_val": 72152.5, "order_id": "1000000045544659"}, {"date": "23/01/2025", "time": "02:05 PM", "segment": "NSE_CASH", "symbol": "BPCL", "type": "SELL", "qty": 505.0, "trade_price": 271.25, "trade_val": 136981.25, "order_id": "1000000045544659"}, {"date": "23/01/2025", "time": "02:05 PM", "segment": "NSE_CASH", "symbol": "BPCL", "type": "SELL", "qty": 166.0, "trade_price": 271.2, "trade_val": 45019.2, "order_id": "1000000045544659"}, {"date": "23/01/2025", "time": "02:05 PM", "segment": "NSE_CASH", "symbol": "BPCL", "type": "SELL", "qty": 5.0, "trade_price": 271.2, "trade_val": 1356.0, "order_id": "1000000045544659"}, {"date": "23/01/2025", "time": "02:05 PM", "segment": "NSE_CASH", "symbol": "BPCL", "type": "SELL", "qty": 2.0, "trade_price": 271.25, "trade_val": 542.5, "order_id": "1000000045544659"}, {"date": "23/01/2025", "time": "02:05 PM", "segment": "NSE_CASH", "symbol": "BPCL", "type": "SELL", "qty": 1.0, "trade_price": 271.2, "trade_val": 271.2, "order_id": "1000000045544659"}, {"date": "23/01/2025", "time": "02:05 PM", "segment": "NSE_CASH", "symbol": "BPCL", "type": "SELL", "qty": 10.0, "trade_price": 271.2, "trade_val": 2712.0, "order_id": "1000000045544659"}, {"date": "23/01/2025", "time": "02:05 PM", "segment": "NSE_CASH", "symbol": "BPCL", "type": "SELL", "qty": 37.0, "trade_price": 271.2, "trade_val": 10034.4, "order_id": "1000000045544659"}, {"date": "23/01/2025", "time": "02:05 PM", "segment": "NSE_CASH", "symbol": "BPCL", "type": "SELL", "qty": 15.0, "trade_price": 271.2, "trade_val": 4068.0, "order_id": "1000000045544659"}, {"date": "23/01/2025", "time": "02:05 PM", "segment": "NSE_CASH", "symbol": "BPCL", "type": "SELL", "qty": 1.0, "trade_price": 271.2, "trade_val": 271.2, "order_id": "1000000045544659"}, {"date": "23/01/2025", "time": "02:05 PM", "segment": "NSE_CASH", "symbol": "BPCL", "type": "SELL", "qty": 170.0, "trade_price": 271.25, "trade_val": 46112.5, "order_id": "1000000045544659"}, {"date": "23/01/2025", "time": "01:52 PM", "segment": "NSE_CASH", "symbol": "BPCL", "type": "BUY", "qty": 25.0, "trade_price": 272.4, "trade_val": 6810.0, "order_id": "1000000040518287"}, {"date": "23/01/2025", "time": "01:52 PM", "segment": "NSE_CASH", "symbol": "BPCL", "type": "BUY", "qty": 1.0, "trade_price": 272.4, "trade_val": 272.4, "order_id": "1000000040518287"}, {"date": "23/01/2025", "time": "01:52 PM", "segment": "NSE_CASH", "symbol": "BPCL", "type": "BUY", "qty": 6.0, "trade_price": 272.4, "trade_val": 1634.4, "order_id": "1000000040518287"}, {"date": "23/01/2025", "time": "01:52 PM", "segment": "NSE_CASH", "symbol": "BPCL", "type": "BUY", "qty": 5.0, "trade_price": 272.4, "trade_val": 1362.0, "order_id": "1000000040518287"}, {"date": "23/01/2025", "time": "01:52 PM", "segment": "NSE_CASH", "symbol": "BPCL", "type": "BUY", "qty": 7.0, "trade_price": 272.4, "trade_val": 1906.8, "order_id": "1000000040518287"}, {"date": "23/01/2025", "time": "01:52 PM", "segment": "NSE_CASH", "symbol": "BPCL", "type": "BUY", "qty": 75.0, "trade_price": 272.4, "trade_val": 20430.0, "order_id": "1000000040518287"}, {"date": "23/01/2025", "time": "01:52 PM", "segment": "NSE_CASH", "symbol": "BPCL", "type": "BUY", "qty": 5.0, "trade_price": 272.4, "trade_val": 1362.0, "order_id": "1000000040518287"}, {"date": "23/01/2025", "time": "01:52 PM", "segment": "NSE_CASH", "symbol": "BPCL", "type": "BUY", "qty": 213.0, "trade_price": 272.4, "trade_val": 58021.2, "order_id": "1000000040518287"}, {"date": "23/01/2025", "time": "01:52 PM", "segment": "NSE_CASH", "symbol": "BPCL", "type": "BUY", "qty": 33.0, "trade_price": 272.4, "trade_val": 8989.2, "order_id": "1000000040518287"}, {"date": "23/01/2025", "time": "01:52 PM", "segment": "NSE_CASH", "symbol": "BPCL", "type": "BUY", "qty": 1800.0, "trade_price": 272.4, "trade_val": 490320.0, "order_id": "1000000040518287"}, {"date": "23/01/2025", "time": "01:52 PM", "segment": "NSE_CASH", "symbol": "BPCL", "type": "BUY", "qty": 830.0, "trade_price": 272.4, "trade_val": 226092.0, "order_id": "1000000040518287"}, {"date": "23/01/2025", "time": "02:05 PM", "segment": "NSE_CASH", "symbol": "BPCL", "type": "SELL", "qty": 10.0, "trade_price": 271.25, "trade_val": 2712.5, "order_id": "1000000045544659"}, {"date": "23/01/2025", "time": "02:05 PM", "segment": "NSE_CASH", "symbol": "BPCL", "type": "SELL", "qty": 2.0, "trade_price": 271.25, "trade_val": 542.5, "order_id": "1000000045544659"}, {"date": "23/01/2025", "time": "02:05 PM", "segment": "NSE_CASH", "symbol": "BPCL", "type": "SELL", "qty": 1.0, "trade_price": 271.25, "trade_val": 271.25, "order_id": "1000000045544659"}, {"date": "23/01/2025", "time": "02:05 PM", "segment": "NSE_CASH", "symbol": "BPCL", "type": "SELL", "qty": 500.0, "trade_price": 271.25, "trade_val": 135625.0, "order_id": "1000000045544659"}, {"date": "23/01/2025", "time": "02:05 PM", "segment": "NSE_CASH", "symbol": "BPCL", "type": "SELL", "qty": 10.0, "trade_price": 271.25, "trade_val": 2712.5, "order_id": "1000000045544659"}, {"date": "23/01/2025", "time": "02:05 PM", "segment": "NSE_CASH", "symbol": "BPCL", "type": "SELL", "qty": 2.0, "trade_price": 271.25, "trade_val": 542.5, "order_id": "1000000045544659"}, {"date": "23/01/2025", "time": "02:05 PM", "segment": "NSE_CASH", "symbol": "BPCL", "type": "SELL", "qty": 10.0, "trade_price": 271.25, "trade_val": 2712.5, "order_id": "1000000045544659"}, {"date": "23/01/2025", "time": "02:05 PM", "segment": "NSE_CASH", "symbol": "BPCL", "type": "SELL", "qty": 2.0, "trade_price": 271.25, "trade_val": 542.5, "order_id": "1000000045544659"}, {"date": "23/01/2025", "time": "02:05 PM", "segment": "NSE_CASH", "symbol": "BPCL", "type": "SELL", "qty": 1.0, "trade_price": 271.25, "trade_val": 271.25, "order_id": "1000000045544659"}, {"date": "23/01/2025", "time": "02:05 PM", "segment": "NSE_CASH", "symbol": "BPCL", "type": "SELL", "qty": 10.0, "trade_price": 271.25, "trade_val": 2712.5, "order_id": "1000000045544659"}, {"date": "23/01/2025", "time": "02:05 PM", "segment": "NSE_CASH", "symbol": "BPCL", "type": "SELL", "qty": 25.0, "trade_price": 271.2, "trade_val": 6780.0, "order_id": "1000000045544659"}, {"date": "23/01/2025", "time": "02:05 PM", "segment": "NSE_CASH", "symbol": "BPCL", "type": "SELL", "qty": 10.0, "trade_price": 271.2, "trade_val": 2712.0, "order_id": "1000000045544659"}, {"date": "23/01/2025", "time": "02:05 PM", "segment": "NSE_CASH", "symbol": "BPCL", "type": "SELL", "qty": 1.0, "trade_price": 271.2, "trade_val": 271.2, "order_id": "1000000045544659"}, {"date": "23/01/2025", "time": "02:05 PM", "segment": "NSE_CASH", "symbol": "BPCL", "type": "SELL", "qty": 500.0, "trade_price": 271.2, "trade_val": 135600.0, "order_id": "1000000045544659"}, {"date": "23/01/2025", "time": "02:05 PM", "segment": "NSE_CASH", "symbol": "BPCL", "type": "SELL", "qty": 200.0, "trade_price": 271.2, "trade_val": 54240.0, "order_id": "1000000045544659"}, {"date": "23/01/2025", "time": "02:05 PM", "segment": "NSE_CASH", "symbol": "BPCL", "type": "SELL", "qty": 1.0, "trade_price": 271.2, "trade_val": 271.2, "order_id": "1000000045544659"}, {"date": "23/01/2025", "time": "02:05 PM", "segment": "NSE_CASH", "symbol": "BPCL", "type": "SELL", "qty": 5.0, "trade_price": 271.2, "trade_val": 1356.0, "order_id": "1000000045544659"}, {"date": "23/01/2025", "time": "02:05 PM", "segment": "NSE_CASH", "symbol": "BPCL", "type": "SELL", "qty": 15.0, "trade_price": 271.2, "trade_val": 4068.0, "order_id": "1000000045544659"}, {"date": "23/01/2025", "time": "02:05 PM", "segment": "NSE_CASH", "symbol": "BPCL", "type": "SELL", "qty": 1.0, "trade_price": 271.2, "trade_val": 271.2, "order_id": "1000000045544659"}, {"date": "23/01/2025", "time": "02:05 PM", "segment": "NSE_CASH", "symbol": "BPCL", "type": "SELL", "qty": 14.0, "trade_price": 271.2, "trade_val": 3796.8, "order_id": "1000000045544659"}, {"date": "23/01/2025", "time": "02:05 PM", "segment": "NSE_CASH", "symbol": "BPCL", "type": "SELL", "qty": 1.0, "trade_price": 271.2, "trade_val": 271.2, "order_id": "1000000045544659"}, {"date": "23/01/2025", "time": "02:05 PM", "segment": "NSE_CASH", "symbol": "BPCL", "type": "SELL", "qty": 15.0, "trade_price": 271.2, "trade_val": 4068.0, "order_id": "1000000045544659"}, {"date": "23/01/2025", "time": "02:05 PM", "segment": "NSE_CASH", "symbol": "BPCL", "type": "SELL", "qty": 25.0, "trade_price": 271.2, "trade_val": 6780.0, "order_id": "1000000045544659"}, {"date": "23/01/2025", "time": "02:05 PM", "segment": "NSE_CASH", "symbol": "BPCL", "type": "SELL", "qty": 1.0, "trade_price": 271.2, "trade_val": 271.2, "order_id": "1000000045544659"}, {"date": "23/01/2025", "time": "02:05 PM", "segment": "NSE_CASH", "symbol": "BPCL", "type": "SELL", "qty": 100.0, "trade_price": 271.2, "trade_val": 27120.0, "order_id": "1000000045544659"}, {"date": "23/01/2025", "time": "02:05 PM", "segment": "NSE_CASH", "symbol": "BPCL", "type": "SELL", "qty": 10.0, "trade_price": 271.2, "trade_val": 2712.0, "order_id": "1000000045544659"}, {"date": "23/01/2025", "time": "02:05 PM", "segment": "NSE_CASH", "symbol": "BPCL", "type": "SELL", "qty": 25.0, "trade_price": 271.2, "trade_val": 6780.0, "order_id": "1000000045544659"}, {"date": "23/01/2025", "time": "02:05 PM", "segment": "NSE_CASH", "symbol": "BPCL", "type": "SELL", "qty": 5.0, "trade_price": 271.2, "trade_val": 1356.0, "order_id": "1000000045544659"}, {"date": "23/01/2025", "time": "02:05 PM", "segment": "NSE_CASH", "symbol": "BPCL", "type": "SELL", "qty": 1.0, "trade_price": 271.2, "trade_val": 271.2, "order_id": "1000000045544659"}, {"date": "06/01/2025", "time": "11:05 AM", "segment": "NSE_CASH", "symbol": "ONGC", "type": "SELL", "qty": 100.0, "trade_price": 252.53, "trade_val": 25253.0, "order_id": "1200000027779488"}, {"date": "06/01/2025", "time": "11:05 AM", "segment": "NSE_CASH", "symbol": "ONGC", "type": "SELL", "qty": 200.0, "trade_price": 252.53, "trade_val": 50506.0, "order_id": "1200000027779488"}, {"date": "06/01/2025", "time": "11:05 AM", "segment": "NSE_CASH", "symbol": "ONGC", "type": "SELL", "qty": 1.0, "trade_price": 252.53, "trade_val": 252.53, "order_id": "1200000027779488"}, {"date": "06/01/2025", "time": "11:05 AM", "segment": "NSE_CASH", "symbol": "ONGC", "type": "SELL", "qty": 450.0, "trade_price": 252.57, "trade_val": 113656.5, "order_id": "1200000027779488"}, {"date": "06/01/2025", "time": "11:05 AM", "segment": "NSE_CASH", "symbol": "ONGC", "type": "SELL", "qty": 20.0, "trade_price": 252.53, "trade_val": 5050.6, "order_id": "1200000027779488"}, {"date": "06/01/2025", "time": "11:05 AM", "segment": "NSE_CASH", "symbol": "ONGC", "type": "SELL", "qty": 59.0, "trade_price": 252.53, "trade_val": 14899.27, "order_id": "1200000027779488"}, {"date": "06/01/2025", "time": "11:05 AM", "segment": "NSE_CASH", "symbol": "ONGC", "type": "SELL", "qty": 24.0, "trade_price": 252.53, "trade_val": 6060.72, "order_id": "1200000027779488"}, {"date": "06/01/2025", "time": "11:05 AM", "segment": "NSE_CASH", "symbol": "ONGC", "type": "SELL", "qty": 6.0, "trade_price": 252.53, "trade_val": 1515.18, "order_id": "1200000027779488"}, {"date": "06/01/2025", "time": "11:05 AM", "segment": "NSE_CASH", "symbol": "ONGC", "type": "SELL", "qty": 201.0, "trade_price": 252.53, "trade_val": 50758.53, "order_id": "1200000027779488"}, {"date": "06/01/2025", "time": "11:05 AM", "segment": "NSE_CASH", "symbol": "ONGC", "type": "SELL", "qty": 1.0, "trade_price": 252.53, "trade_val": 252.53, "order_id": "1200000027779488"}, {"date": "06/01/2025", "time": "11:05 AM", "segment": "NSE_CASH", "symbol": "ONGC", "type": "SELL", "qty": 100.0, "trade_price": 252.53, "trade_val": 25253.0, "order_id": "1200000027779488"}, {"date": "06/01/2025", "time": "11:05 AM", "segment": "NSE_CASH", "symbol": "ONGC", "type": "SELL", "qty": 25.0, "trade_price": 252.52, "trade_val": 6313.0, "order_id": "1200000027779488"}, {"date": "06/01/2025", "time": "11:05 AM", "segment": "NSE_CASH", "symbol": "ONGC", "type": "SELL", "qty": 5.0, "trade_price": 252.52, "trade_val": 1262.6, "order_id": "1200000027779488"}, {"date": "06/01/2025", "time": "11:05 AM", "segment": "NSE_CASH", "symbol": "ONGC", "type": "SELL", "qty": 608.0, "trade_price": 252.51, "trade_val": 153526.08, "order_id": "1200000027779488"}, {"date": "06/01/2025", "time": "11:05 AM", "segment": "NSE_CASH", "symbol": "ONGC", "type": "SELL", "qty": 11.0, "trade_price": 252.51, "trade_val": 2777.61, "order_id": "1200000027779488"}, {"date": "06/01/2025", "time": "11:05 AM", "segment": "NSE_CASH", "symbol": "ONGC", "type": "SELL", "qty": 1.0, "trade_price": 252.5, "trade_val": 252.5, "order_id": "1200000027779488"}, {"date": "06/01/2025", "time": "11:05 AM", "segment": "NSE_CASH", "symbol": "ONGC", "type": "SELL", "qty": 12.0, "trade_price": 252.5, "trade_val": 3030.0, "order_id": "1200000027779488"}, {"date": "06/01/2025", "time": "11:05 AM", "segment": "NSE_CASH", "symbol": "ONGC", "type": "SELL", "qty": 1.0, "trade_price": 252.5, "trade_val": 252.5, "order_id": "1200000027779488"}, {"date": "06/01/2025", "time": "11:05 AM", "segment": "NSE_CASH", "symbol": "ONGC", "type": "SELL", "qty": 1.0, "trade_price": 252.5, "trade_val": 252.5, "order_id": "1200000027779488"}, {"date": "06/01/2025", "time": "11:05 AM", "segment": "NSE_CASH", "symbol": "ONGC", "type": "SELL", "qty": 5.0, "trade_price": 252.5, "trade_val": 1262.5, "order_id": "1200000027779488"}, {"date": "06/01/2025", "time": "11:05 AM", "segment": "NSE_CASH", "symbol": "ONGC", "type": "SELL", "qty": 2.0, "trade_price": 252.5, "trade_val": 505.0, "order_id": "1200000027779488"}, {"date": "06/01/2025", "time": "11:05 AM", "segment": "NSE_CASH", "symbol": "ONGC", "type": "SELL", "qty": 10.0, "trade_price": 252.5, "trade_val": 2525.0, "order_id": "1200000027779488"}, {"date": "06/01/2025", "time": "11:05 AM", "segment": "NSE_CASH", "symbol": "ONGC", "type": "SELL", "qty": 5.0, "trade_price": 252.5, "trade_val": 1262.5, "order_id": "1200000027779488"}, {"date": "06/01/2025", "time": "11:05 AM", "segment": "NSE_CASH", "symbol": "ONGC", "type": "SELL", "qty": 5.0, "trade_price": 252.5, "trade_val": 1262.5, "order_id": "1200000027779488"}, {"date": "06/01/2025", "time": "11:05 AM", "segment": "NSE_CASH", "symbol": "ONGC", "type": "SELL", "qty": 1.0, "trade_price": 252.5, "trade_val": 252.5, "order_id": "1200000027779488"}, {"date": "06/01/2025", "time": "11:05 AM", "segment": "NSE_CASH", "symbol": "ONGC", "type": "SELL", "qty": 100.0, "trade_price": 252.5, "trade_val": 25250.0, "order_id": "1200000027779488"}, {"date": "06/01/2025", "time": "11:05 AM", "segment": "NSE_CASH", "symbol": "ONGC", "type": "SELL", "qty": 50.0, "trade_price": 252.5, "trade_val": 12625.0, "order_id": "1200000027779488"}, {"date": "06/01/2025", "time": "11:05 AM", "segment": "NSE_CASH", "symbol": "ONGC", "type": "SELL", "qty": 600.0, "trade_price": 252.5, "trade_val": 151500.0, "order_id": "1200000027779488"}, {"date": "06/01/2025", "time": "11:05 AM", "segment": "NSE_CASH", "symbol": "ONGC", "type": "SELL", "qty": 1.0, "trade_price": 252.5, "trade_val": 252.5, "order_id": "1200000027779488"}, {"date": "06/01/2025", "time": "11:05 AM", "segment": "NSE_CASH", "symbol": "ONGC", "type": "SELL", "qty": 70.0, "trade_price": 252.5, "trade_val": 17675.0, "order_id": "1200000027779488"}, {"date": "06/01/2025", "time": "11:05 AM", "segment": "NSE_CASH", "symbol": "ONGC", "type": "SELL", "qty": 50.0, "trade_price": 252.5, "trade_val": 12625.0, "order_id": "1200000027779488"}, {"date": "06/01/2025", "time": "11:05 AM", "segment": "NSE_CASH", "symbol": "ONGC", "type": "SELL", "qty": 363.0, "trade_price": 252.5, "trade_val": 91657.5, "order_id": "1200000027779488"}, {"date": "06/01/2025", "time": "11:05 AM", "segment": "NSE_CASH", "symbol": "ONGC", "type": "SELL", "qty": 96.0, "trade_price": 252.51, "trade_val": 24240.96, "order_id": "1200000027779488"}, {"date": "06/01/2025", "time": "11:05 AM", "segment": "NSE_CASH", "symbol": "ONGC", "type": "SELL", "qty": 125.0, "trade_price": 252.51, "trade_val": 31563.75, "order_id": "1200000027779488"}, {"date": "06/01/2025", "time": "11:05 AM", "segment": "NSE_CASH", "symbol": "ONGC", "type": "SELL", "qty": 125.0, "trade_price": 252.51, "trade_val": 31563.75, "order_id": "1200000027779488"}, {"date": "06/01/2025", "time": "11:05 AM", "segment": "NSE_CASH", "symbol": "ONGC", "type": "SELL", "qty": 45.0, "trade_price": 252.5, "trade_val": 11362.5, "order_id": "1200000027779488"}, {"date": "06/01/2025", "time": "09:19 AM", "segment": "NSE_CASH", "symbol": "ONGC", "type": "SELL", "qty": 50.0, "trade_price": 256.05, "trade_val": 12802.5, "order_id": "1200000002276892"}, {"date": "06/01/2025", "time": "09:19 AM", "segment": "NSE_CASH", "symbol": "ONGC", "type": "SELL", "qty": 99.0, "trade_price": 256.1, "trade_val": 25353.9, "order_id": "1200000002276892"}, {"date": "06/01/2025", "time": "09:19 AM", "segment": "NSE_CASH", "symbol": "ONGC", "type": "SELL", "qty": 1.0, "trade_price": 256.1, "trade_val": 256.1, "order_id": "1200000002276892"}, {"date": "06/01/2025", "time": "09:19 AM", "segment": "NSE_CASH", "symbol": "ONGC", "type": "SELL", "qty": 1.0, "trade_price": 256.1, "trade_val": 256.1, "order_id": "1200000002276892"}, {"date": "06/01/2025", "time": "09:19 AM", "segment": "NSE_CASH", "symbol": "ONGC", "type": "SELL", "qty": 2.0, "trade_price": 256.1, "trade_val": 512.2, "order_id": "1200000002276892"}, {"date": "06/01/2025", "time": "09:19 AM", "segment": "NSE_CASH", "symbol": "ONGC", "type": "SELL", "qty": 1000.0, "trade_price": 256.08, "trade_val": 256080.0, "order_id": "1200000002276892"}, {"date": "06/01/2025", "time": "09:19 AM", "segment": "NSE_CASH", "symbol": "ONGC", "type": "SELL", "qty": 1.0, "trade_price": 256.07, "trade_val": 256.07, "order_id": "1200000002276892"}, {"date": "06/01/2025", "time": "09:19 AM", "segment": "NSE_CASH", "symbol": "ONGC", "type": "SELL", "qty": 1629.0, "trade_price": 256.05, "trade_val": 417105.45, "order_id": "1200000002276892"}, {"date": "06/01/2025", "time": "09:19 AM", "segment": "NSE_CASH", "symbol": "ONGC", "type": "SELL", "qty": 10.0, "trade_price": 256.05, "trade_val": 2560.5, "order_id": "1200000002276892"}, {"date": "06/01/2025", "time": "09:19 AM", "segment": "NSE_CASH", "symbol": "ONGC", "type": "SELL", "qty": 4.0, "trade_price": 256.05, "trade_val": 1024.2, "order_id": "1200000002276892"}, {"date": "06/01/2025", "time": "09:19 AM", "segment": "NSE_CASH", "symbol": "ONGC", "type": "SELL", "qty": 477.0, "trade_price": 256.05, "trade_val": 122135.85, "order_id": "1200000002276892"}, {"date": "06/01/2025", "time": "09:19 AM", "segment": "NSE_CASH", "symbol": "ONGC", "type": "SELL", "qty": 250.0, "trade_price": 256.07, "trade_val": 64017.5, "order_id": "1200000002276892"}, {"date": "06/01/2025", "time": "09:19 AM", "segment": "NSE_CASH", "symbol": "ONGC", "type": "SELL", "qty": 2.0, "trade_price": 256.07, "trade_val": 512.14, "order_id": "1200000002276892"}, {"date": "06/01/2025", "time": "09:19 AM", "segment": "NSE_CASH", "symbol": "ONGC", "type": "SELL", "qty": 55.0, "trade_price": 256.05, "trade_val": 14082.75, "order_id": "1200000002276892"}, {"date": "06/01/2025", "time": "09:19 AM", "segment": "NSE_CASH", "symbol": "ONGC", "type": "SELL", "qty": 1.0, "trade_price": 256.05, "trade_val": 256.05, "order_id": "1200000002276892"}, {"date": "06/01/2025", "time": "09:19 AM", "segment": "NSE_CASH", "symbol": "ONGC", "type": "SELL", "qty": 10.0, "trade_price": 256.05, "trade_val": 2560.5, "order_id": "1200000002276892"}, {"date": "06/01/2025", "time": "09:19 AM", "segment": "NSE_CASH", "symbol": "ONGC", "type": "SELL", "qty": 10.0, "trade_price": 256.05, "trade_val": 2560.5, "order_id": "1200000002276892"}, {"date": "06/01/2025", "time": "09:19 AM", "segment": "NSE_CASH", "symbol": "ONGC", "type": "SELL", "qty": 2.0, "trade_price": 256.05, "trade_val": 512.1, "order_id": "1200000002276892"}, {"date": "06/01/2025", "time": "09:19 AM", "segment": "NSE_CASH", "symbol": "ONGC", "type": "SELL", "qty": 50.0, "trade_price": 256.05, "trade_val": 12802.5, "order_id": "1200000002276892"}, {"date": "06/01/2025", "time": "09:19 AM", "segment": "NSE_CASH", "symbol": "ONGC", "type": "SELL", "qty": 5.0, "trade_price": 256.05, "trade_val": 1280.25, "order_id": "1200000002276892"}, {"date": "06/01/2025", "time": "09:19 AM", "segment": "NSE_CASH", "symbol": "ONGC", "type": "SELL", "qty": 50.0, "trade_price": 256.05, "trade_val": 12802.5, "order_id": "1200000002276892"}, {"date": "06/01/2025", "time": "09:19 AM", "segment": "NSE_CASH", "symbol": "ONGC", "type": "SELL", "qty": 1.0, "trade_price": 256.05, "trade_val": 256.05, "order_id": "1200000002276892"}, {"date": "06/01/2025", "time": "09:21 AM", "segment": "NSE_CASH", "symbol": "ONGC", "type": "BUY", "qty": 3710.0, "trade_price": 256.85, "trade_val": 952913.5, "order_id": "1200000002805922"}, {"date": "06/01/2025", "time": "09:55 AM", "segment": "NSE_CASH", "symbol": "ONGC", "type": "SELL", "qty": 10.0, "trade_price": 255.1, "trade_val": 2551.0, "order_id": "1200000012938223"}, {"date": "06/01/2025", "time": "09:55 AM", "segment": "NSE_CASH", "symbol": "ONGC", "type": "SELL", "qty": 2026.0, "trade_price": 255.05, "trade_val": 516731.3, "order_id": "1200000012938223"}, {"date": "06/01/2025", "time": "09:55 AM", "segment": "NSE_CASH", "symbol": "ONGC", "type": "SELL", "qty": 5.0, "trade_price": 255.1, "trade_val": 1275.5, "order_id": "1200000012938223"}, {"date": "06/01/2025", "time": "09:55 AM", "segment": "NSE_CASH", "symbol": "ONGC", "type": "SELL", "qty": 59.0, "trade_price": 255.1, "trade_val": 15050.9, "order_id": "1200000012938223"}, {"date": "06/01/2025", "time": "09:55 AM", "segment": "NSE_CASH", "symbol": "ONGC", "type": "SELL", "qty": 100.0, "trade_price": 255.1, "trade_val": 25510.0, "order_id": "1200000012938223"}, {"date": "06/01/2025", "time": "09:55 AM", "segment": "NSE_CASH", "symbol": "ONGC", "type": "SELL", "qty": 125.0, "trade_price": 255.05, "trade_val": 31881.25, "order_id": "1200000012938223"}, {"date": "06/01/2025", "time": "09:55 AM", "segment": "NSE_CASH", "symbol": "ONGC", "type": "SELL", "qty": 125.0, "trade_price": 255.05, "trade_val": 31881.25, "order_id": "1200000012938223"}, {"date": "06/01/2025", "time": "09:55 AM", "segment": "NSE_CASH", "symbol": "ONGC", "type": "SELL", "qty": 1000.0, "trade_price": 255.05, "trade_val": 255050.0, "order_id": "1200000012938223"}, {"date": "06/01/2025", "time": "09:55 AM", "segment": "NSE_CASH", "symbol": "ONGC", "type": "SELL", "qty": 1.0, "trade_price": 255.05, "trade_val": 255.05, "order_id": "1200000012938223"}, {"date": "06/01/2025", "time": "09:55 AM", "segment": "NSE_CASH", "symbol": "ONGC", "type": "SELL", "qty": 217.0, "trade_price": 255.06, "trade_val": 55348.02, "order_id": "1200000012938223"}, {"date": "06/01/2025", "time": "09:55 AM", "segment": "NSE_CASH", "symbol": "ONGC", "type": "SELL", "qty": 1.0, "trade_price": 255.1, "trade_val": 255.1, "order_id": "1200000012938223"}, {"date": "06/01/2025", "time": "10:31 AM", "segment": "NSE_CASH", "symbol": "ONGC", "type": "BUY", "qty": 331.0, "trade_price": 255.62, "trade_val": 84610.22, "order_id": "1200000021010385"}, {"date": "06/01/2025", "time": "10:31 AM", "segment": "NSE_CASH", "symbol": "ONGC", "type": "BUY", "qty": 227.0, "trade_price": 255.61, "trade_val": 58023.47, "order_id": "1200000021010385"}, {"date": "06/01/2025", "time": "10:31 AM", "segment": "NSE_CASH", "symbol": "ONGC", "type": "BUY", "qty": 14.0, "trade_price": 255.62, "trade_val": 3578.68, "order_id": "1200000021010385"}, {"date": "06/01/2025", "time": "10:31 AM", "segment": "NSE_CASH", "symbol": "ONGC", "type": "BUY", "qty": 125.0, "trade_price": 255.63, "trade_val": 31953.75, "order_id": "1200000021010385"}, {"date": "06/01/2025", "time": "10:31 AM", "segment": "NSE_CASH", "symbol": "ONGC", "type": "BUY", "qty": 125.0, "trade_price": 255.64, "trade_val": 31955.0, "order_id": "1200000021010385"}, {"date": "06/01/2025", "time": "10:31 AM", "segment": "NSE_CASH", "symbol": "ONGC", "type": "BUY", "qty": 125.0, "trade_price": 255.64, "trade_val": 31955.0, "order_id": "1200000021010385"}, {"date": "06/01/2025", "time": "10:31 AM", "segment": "NSE_CASH", "symbol": "ONGC", "type": "BUY", "qty": 838.0, "trade_price": 255.61, "trade_val": 214201.18, "order_id": "1200000021010385"}, {"date": "06/01/2025", "time": "10:31 AM", "segment": "NSE_CASH", "symbol": "ONGC", "type": "BUY", "qty": 209.0, "trade_price": 255.61, "trade_val": 53422.49, "order_id": "1200000021010385"}, {"date": "06/01/2025", "time": "10:31 AM", "segment": "NSE_CASH", "symbol": "ONGC", "type": "BUY", "qty": 181.0, "trade_price": 255.65, "trade_val": 46272.65, "order_id": "1200000021010385"}, {"date": "06/01/2025", "time": "10:31 AM", "segment": "NSE_CASH", "symbol": "ONGC", "type": "BUY", "qty": 199.0, "trade_price": 255.65, "trade_val": 50874.35, "order_id": "1200000021010385"}, {"date": "06/01/2025", "time": "10:31 AM", "segment": "NSE_CASH", "symbol": "ONGC", "type": "BUY", "qty": 17.0, "trade_price": 255.65, "trade_val": 4346.05, "order_id": "1200000021010385"}, {"date": "06/01/2025", "time": "10:31 AM", "segment": "NSE_CASH", "symbol": "ONGC", "type": "BUY", "qty": 114.0, "trade_price": 255.65, "trade_val": 29144.1, "order_id": "1200000021010385"}, {"date": "06/01/2025", "time": "10:31 AM", "segment": "NSE_CASH", "symbol": "ONGC", "type": "BUY", "qty": 125.0, "trade_price": 255.65, "trade_val": 31956.25, "order_id": "1200000021010385"}, {"date": "06/01/2025", "time": "10:31 AM", "segment": "NSE_CASH", "symbol": "ONGC", "type": "BUY", "qty": 125.0, "trade_price": 255.65, "trade_val": 31956.25, "order_id": "1200000021010385"}, {"date": "06/01/2025", "time": "10:31 AM", "segment": "NSE_CASH", "symbol": "ONGC", "type": "BUY", "qty": 10.0, "trade_price": 255.65, "trade_val": 2556.5, "order_id": "1200000021010385"}, {"date": "06/01/2025", "time": "10:31 AM", "segment": "NSE_CASH", "symbol": "ONGC", "type": "BUY", "qty": 838.0, "trade_price": 255.64, "trade_val": 214226.32, "order_id": "1200000021010385"}, {"date": "06/01/2025", "time": "10:31 AM", "segment": "NSE_CASH", "symbol": "ONGC", "type": "BUY", "qty": 65.0, "trade_price": 255.63, "trade_val": 16615.95, "order_id": "1200000021010385"}, {"date": "06/01/2025", "time": "10:31 AM", "segment": "NSE_CASH", "symbol": "ONGC", "type": "BUY", "qty": 1.0, "trade_price": 255.63, "trade_val": 255.63, "order_id": "1200000021010385"}, {"date": "06/01/2025", "time": "10:46 AM", "segment": "NSE_CASH", "symbol": "ONGC", "type": "BUY", "qty": 894.0, "trade_price": 253.9, "trade_val": 226986.6, "order_id": "1200000023823211"}, {"date": "06/01/2025", "time": "10:46 AM", "segment": "NSE_CASH", "symbol": "ONGC", "type": "BUY", "qty": 1925.0, "trade_price": 253.9, "trade_val": 488757.5, "order_id": "1200000023823211"}, {"date": "06/01/2025", "time": "10:46 AM", "segment": "NSE_CASH", "symbol": "ONGC", "type": "BUY", "qty": 34.0, "trade_price": 253.9, "trade_val": 8632.6, "order_id": "1200000023823211"}, {"date": "06/01/2025", "time": "10:46 AM", "segment": "NSE_CASH", "symbol": "ONGC", "type": "BUY", "qty": 420.0, "trade_price": 253.9, "trade_val": 106638.0, "order_id": "1200000023823211"}, {"date": "06/01/2025", "time": "10:46 AM", "segment": "NSE_CASH", "symbol": "ONGC", "type": "BUY", "qty": 300.0, "trade_price": 253.9, "trade_val": 76170.0, "order_id": "1200000023823211"}, {"date": "06/01/2025", "time": "10:46 AM", "segment": "NSE_CASH", "symbol": "ONGC", "type": "BUY", "qty": 70.0, "trade_price": 253.9, "trade_val": 17773.0, "order_id": "1200000023823211"}, {"date": "06/01/2025", "time": "10:46 AM", "segment": "NSE_CASH", "symbol": "ONGC", "type": "BUY", "qty": 3.0, "trade_price": 253.9, "trade_val": 761.7, "order_id": "1200000023823211"}, {"date": "06/01/2025", "time": "11:05 AM", "segment": "NSE_CASH", "symbol": "ONGC", "type": "SELL", "qty": 80.0, "trade_price": 252.5, "trade_val": 20200.0, "order_id": "1200000027779488"}, {"date": "06/01/2025", "time": "11:05 AM", "segment": "NSE_CASH", "symbol": "ONGC", "type": "SELL", "qty": 4.0, "trade_price": 252.53, "trade_val": 1010.12, "order_id": "1200000027779488"}, {"date": "06/01/2025", "time": "11:05 AM", "segment": "NSE_CASH", "symbol": "ONGC", "type": "SELL", "qty": 6.0, "trade_price": 252.53, "trade_val": 1515.18, "order_id": "1200000027779488"}, {"date": "06/01/2025", "time": "11:05 AM", "segment": "NSE_CASH", "symbol": "ONGC", "type": "SELL", "qty": 1.0, "trade_price": 252.53, "trade_val": 252.53, "order_id": "1200000027779488"}, {"date": "06/01/2025", "time": "11:05 AM", "segment": "NSE_CASH", "symbol": "ONGC", "type": "SELL", "qty": 29.0, "trade_price": 252.53, "trade_val": 7323.37, "order_id": "1200000027779488"}, {"date": "06/01/2025", "time": "11:05 AM", "segment": "NSE_CASH", "symbol": "ONGC", "type": "SELL", "qty": 47.0, "trade_price": 252.53, "trade_val": 11868.91, "order_id": "1200000027779488"}, {"date": "02/01/2025", "time": "09:20 AM", "segment": "NSE_CASH", "symbol": "BERGEPAINT", "type": "BUY", "qty": 9.0, "trade_price": 454.4, "trade_val": 4089.6, "order_id": "1000000002165074"}, {"date": "02/01/2025", "time": "02:25 PM", "segment": "NSE_CASH", "symbol": "MARUTI", "type": "BUY", "qty": 49.0, "trade_price": 11814.55, "trade_val": 578912.95, "order_id": "1200000049614312"}, {"date": "02/01/2025", "time": "02:25 PM", "segment": "NSE_CASH", "symbol": "MARUTI", "type": "BUY", "qty": 5.0, "trade_price": 11814.85, "trade_val": 59074.25, "order_id": "1200000049614312"}, {"date": "02/01/2025", "time": "02:24 PM", "segment": "NSE_CASH", "symbol": "MARUTI", "type": "SELL", "qty": 54.0, "trade_price": 11808.6, "trade_val": 637664.4, "order_id": "1200000048244333"}, {"date": "02/01/2025", "time": "02:23 PM", "segment": "NSE_CASH", "symbol": "MARUTI", "type": "SELL", "qty": 54.0, "trade_price": 11821.25, "trade_val": 638347.5, "order_id": "1200000047777373"}, {"date": "02/01/2025", "time": "02:11 PM", "segment": "NSE_CASH", "symbol": "MARUTI", "type": "BUY", "qty": 27.0, "trade_price": 11838.5, "trade_val": 319639.5, "order_id": "1200000047611676"}, {"date": "02/01/2025", "time": "02:11 PM", "segment": "NSE_CASH", "symbol": "MARUTI", "type": "BUY", "qty": 18.0, "trade_price": 11838.5, "trade_val": 213093.0, "order_id": "1200000047611676"}, {"date": "02/01/2025", "time": "02:11 PM", "segment": "NSE_CASH", "symbol": "MARUTI", "type": "BUY", "qty": 9.0, "trade_price": 11838.5, "trade_val": 106546.5, "order_id": "1200000047611676"}, {"date": "02/01/2025", "time": "10:36 AM", "segment": "NSE_CASH", "symbol": "BERGEPAINT", "type": "BUY", "qty": 88.0, "trade_price": 453.15, "trade_val": 39877.2, "order_id": "1000000005916327"}, {"date": "02/01/2025", "time": "10:36 AM", "segment": "NSE_CASH", "symbol": "BERGEPAINT", "type": "BUY", "qty": 9.0, "trade_price": 453.15, "trade_val": 4078.35, "order_id": "1000000005916327"}, {"date": "02/01/2025", "time": "10:36 AM", "segment": "NSE_CASH", "symbol": "BERGEPAINT", "type": "BUY", "qty": 1305.0, "trade_price": 453.15, "trade_val": 591360.75, "order_id": "1000000005916327"}, {"date": "02/01/2025", "time": "10:36 AM", "segment": "NSE_CASH", "symbol": "BERGEPAINT", "type": "BUY", "qty": 66.0, "trade_price": 453.15, "trade_val": 29907.9, "order_id": "1000000005916327"}, {"date": "02/01/2025", "time": "09:30 AM", "segment": "NSE_CASH", "symbol": "BERGEPAINT", "type": "SELL", "qty": 10.0, "trade_price": 452.25, "trade_val": 4522.5, "order_id": "1000000003211033"}, {"date": "02/01/2025", "time": "09:30 AM", "segment": "NSE_CASH", "symbol": "BERGEPAINT", "type": "SELL", "qty": 1.0, "trade_price": 452.25, "trade_val": 452.25, "order_id": "1000000003211033"}, {"date": "02/01/2025", "time": "09:30 AM", "segment": "NSE_CASH", "symbol": "BERGEPAINT", "type": "SELL", "qty": 1.0, "trade_price": 452.25, "trade_val": 452.25, "order_id": "1000000003211033"}, {"date": "02/01/2025", "time": "09:30 AM", "segment": "NSE_CASH", "symbol": "BERGEPAINT", "type": "SELL", "qty": 29.0, "trade_price": 452.25, "trade_val": 13115.25, "order_id": "1000000003211033"}, {"date": "02/01/2025", "time": "09:30 AM", "segment": "NSE_CASH", "symbol": "BERGEPAINT", "type": "SELL", "qty": 1187.0, "trade_price": 452.25, "trade_val": 536820.75, "order_id": "1000000003211033"}, {"date": "02/01/2025", "time": "09:30 AM", "segment": "NSE_CASH", "symbol": "BERGEPAINT", "type": "SELL", "qty": 99.0, "trade_price": 452.25, "trade_val": 44772.75, "order_id": "1000000003211033"}, {"date": "02/01/2025", "time": "09:30 AM", "segment": "NSE_CASH", "symbol": "BERGEPAINT", "type": "SELL", "qty": 10.0, "trade_price": 452.25, "trade_val": 4522.5, "order_id": "1000000003211033"}, {"date": "02/01/2025", "time": "09:30 AM", "segment": "NSE_CASH", "symbol": "BERGEPAINT", "type": "SELL", "qty": 81.0, "trade_price": 452.25, "trade_val": 36632.25, "order_id": "1000000003211033"}, {"date": "02/01/2025", "time": "09:30 AM", "segment": "NSE_CASH", "symbol": "BERGEPAINT", "type": "SELL", "qty": 1246.0, "trade_price": 452.25, "trade_val": 563503.5, "order_id": "1000000003211033"}, {"date": "02/01/2025", "time": "09:30 AM", "segment": "NSE_CASH", "symbol": "BERGEPAINT", "type": "SELL", "qty": 1.0, "trade_price": 452.25, "trade_val": 452.25, "order_id": "1000000003211033"}, {"date": "02/01/2025", "time": "09:30 AM", "segment": "NSE_CASH", "symbol": "BERGEPAINT", "type": "SELL", "qty": 11.0, "trade_price": 452.25, "trade_val": 4974.75, "order_id": "1000000003211033"}, {"date": "02/01/2025", "time": "09:30 AM", "segment": "NSE_CASH", "symbol": "BERGEPAINT", "type": "SELL", "qty": 10.0, "trade_price": 452.25, "trade_val": 4522.5, "order_id": "1000000003211033"}, {"date": "02/01/2025", "time": "09:30 AM", "segment": "NSE_CASH", "symbol": "BERGEPAINT", "type": "SELL", "qty": 250.0, "trade_price": 452.25, "trade_val": 113062.5, "order_id": "1000000003211033"}, {"date": "02/01/2025", "time": "09:20 AM", "segment": "NSE_CASH", "symbol": "BERGEPAINT", "type": "BUY", "qty": 1459.0, "trade_price": 454.4, "trade_val": 662969.6, "order_id": "1000000002165074"}], "total_res": 193.0}, "status_code": 200, "code": 200}