{"s": "ok", "message": "Success", "data": {"COLUMNS": [{"date": "Date", "time": "Time", "segment": "Segment", "symbol": "Symbol", "type": "Trade Type", "qty": "Quantity", "trade_price": "Trade Price (\u20b9)", "trade_val": "Trade Value  (\u20b9)", "order_id": "Order id"}], "DATA": [{"date": "30/07/2024", "time": "02:30 PM", "segment": "NSE_CASH", "symbol": "BHARTIARTL", "type": "BUY", "qty": 161.0, "trade_price": 1469.55, "trade_val": 236597.55, "order_id": "1000000042304574"}, {"date": "30/07/2024", "time": "01:07 PM", "segment": "NSE_CASH", "symbol": "BHARTIARTL", "type": "SELL", "qty": 50.0, "trade_price": 1473.9, "trade_val": 73695.0, "order_id": "1000000033138906"}, {"date": "30/07/2024", "time": "01:07 PM", "segment": "NSE_CASH", "symbol": "BHARTIARTL", "type": "SELL", "qty": 37.0, "trade_price": 1473.9, "trade_val": 54534.3, "order_id": "1000000033138906"}, {"date": "30/07/2024", "time": "01:07 PM", "segment": "NSE_CASH", "symbol": "BHARTIARTL", "type": "SELL", "qty": 16.0, "trade_price": 1473.9, "trade_val": 23582.4, "order_id": "1000000033138906"}, {"date": "30/07/2024", "time": "01:07 PM", "segment": "NSE_CASH", "symbol": "BHARTIARTL", "type": "SELL", "qty": 19.0, "trade_price": 1473.9, "trade_val": 28004.1, "order_id": "1000000033138906"}, {"date": "30/07/2024", "time": "01:07 PM", "segment": "NSE_CASH", "symbol": "BHARTIARTL", "type": "SELL", "qty": 10.0, "trade_price": 1473.9, "trade_val": 14739.0, "order_id": "1000000033138906"}, {"date": "30/07/2024", "time": "01:07 PM", "segment": "NSE_CASH", "symbol": "BHARTIARTL", "type": "SELL", "qty": 12.0, "trade_price": 1473.9, "trade_val": 17686.8, "order_id": "1000000033138906"}, {"date": "30/07/2024", "time": "01:07 PM", "segment": "NSE_CASH", "symbol": "BHARTIARTL", "type": "SELL", "qty": 12.0, "trade_price": 1473.9, "trade_val": 17686.8, "order_id": "1000000033138906"}, {"date": "30/07/2024", "time": "01:07 PM", "segment": "NSE_CASH", "symbol": "BHARTIARTL", "type": "SELL", "qty": 3.0, "trade_price": 1473.9, "trade_val": 4421.7, "order_id": "1000000033138906"}, {"date": "30/07/2024", "time": "01:07 PM", "segment": "NSE_CASH", "symbol": "BHARTIARTL", "type": "SELL", "qty": 2.0, "trade_price": 1473.9, "trade_val": 2947.8, "order_id": "1000000033138906"}, {"date": "30/07/2024", "time": "12:59 PM", "segment": "NSE_CASH", "symbol": "BHARTIARTL", "type": "BUY", "qty": 161.0, "trade_price": 1469.55, "trade_val": 236597.55, "order_id": "1000000032344706"}, {"date": "30/07/2024", "time": "03:00 PM", "segment": "NSE_CASH", "symbol": "BHARTIARTL", "type": "SELL", "qty": 13.0, "trade_price": 1470.3, "trade_val": 19113.9, "order_id": "1000000043835078"}, {"date": "30/07/2024", "time": "03:00 PM", "segment": "NSE_CASH", "symbol": "BHARTIARTL", "type": "SELL", "qty": 12.0, "trade_price": 1470.25, "trade_val": 17643.0, "order_id": "1000000043835078"}, {"date": "30/07/2024", "time": "03:00 PM", "segment": "NSE_CASH", "symbol": "BHARTIARTL", "type": "SELL", "qty": 136.0, "trade_price": 1470.25, "trade_val": 199954.0, "order_id": "1000000043835078"}, {"date": "29/07/2024", "time": "10:48 AM", "segment": "NSE_CASH", "symbol": "GOLDBEES", "type": "SELL", "qty": 377.0, "trade_price": 59.32, "trade_val": 22363.64, "order_id": "1100000023556652"}, {"date": "29/07/2024", "time": "10:48 AM", "segment": "NSE_CASH", "symbol": "GOLDBEES", "type": "SELL", "qty": 3.0, "trade_price": 59.32, "trade_val": 177.96, "order_id": "1100000023556652"}, {"date": "29/07/2024", "time": "09:54 AM", "segment": "NSE_CASH", "symbol": "CIPLA", "type": "SELL", "qty": 49.0, "trade_price": 1540.35, "trade_val": 75477.15, "order_id": "1000000010357782"}, {"date": "29/07/2024", "time": "09:23 AM", "segment": "NSE_CASH", "symbol": "CIPLA", "type": "BUY", "qty": 49.0, "trade_price": 1540.3, "trade_val": 75474.7, "order_id": "1000000003486822"}, {"date": "29/07/2024", "time": "09:39 AM", "segment": "NSE_CASH", "symbol": "NTPC", "type": "SELL", "qty": 230.0, "trade_price": 402.0, "trade_val": 92460.0, "order_id": "1200000009025577"}, {"date": "29/07/2024", "time": "02:20 PM", "segment": "NSE_CASH", "symbol": "GODREJPROP", "type": "SELL", "qty": 20.0, "trade_price": 3140.0, "trade_val": 62800.0, "order_id": "1100000058250644"}, {"date": "29/07/2024", "time": "10:48 AM", "segment": "NSE_CASH", "symbol": "GOLDBEES", "type": "SELL", "qty": 1.0, "trade_price": 59.32, "trade_val": 59.32, "order_id": "1100000023556652"}, {"date": "29/07/2024", "time": "10:48 AM", "segment": "NSE_CASH", "symbol": "GOLDBEES", "type": "SELL", "qty": 5.0, "trade_price": 59.32, "trade_val": 296.6, "order_id": "1100000023556652"}, {"date": "29/07/2024", "time": "10:48 AM", "segment": "NSE_CASH", "symbol": "GOLDBEES", "type": "SELL", "qty": 50.0, "trade_price": 59.32, "trade_val": 2966.0, "order_id": "1100000023556652"}, {"date": "29/07/2024", "time": "10:48 AM", "segment": "NSE_CASH", "symbol": "GOLDBEES", "type": "SELL", "qty": 20.0, "trade_price": 59.32, "trade_val": 1186.4, "order_id": "1100000023556652"}, {"date": "29/07/2024", "time": "10:48 AM", "segment": "NSE_CASH", "symbol": "GOLDBEES", "type": "SELL", "qty": 50.0, "trade_price": 59.32, "trade_val": 2966.0, "order_id": "1100000023556652"}, {"date": "29/07/2024", "time": "10:48 AM", "segment": "NSE_CASH", "symbol": "GOLDBEES", "type": "SELL", "qty": 840.0, "trade_price": 59.32, "trade_val": 49828.8, "order_id": "1100000023556652"}, {"date": "29/07/2024", "time": "10:48 AM", "segment": "NSE_CASH", "symbol": "GOLDBEES", "type": "SELL", "qty": 16.0, "trade_price": 59.32, "trade_val": 949.12, "order_id": "1100000023556652"}, {"date": "29/07/2024", "time": "10:48 AM", "segment": "NSE_CASH", "symbol": "GOLDBEES", "type": "SELL", "qty": 100.0, "trade_price": 59.32, "trade_val": 5932.0, "order_id": "1100000023556652"}, {"date": "29/07/2024", "time": "10:48 AM", "segment": "NSE_CASH", "symbol": "GOLDBEES", "type": "SELL", "qty": 500.0, "trade_price": 59.32, "trade_val": 29660.0, "order_id": "1100000023556652"}, {"date": "29/07/2024", "time": "10:48 AM", "segment": "NSE_CASH", "symbol": "GOLDBEES", "type": "SELL", "qty": 25.0, "trade_price": 59.32, "trade_val": 1483.0, "order_id": "1100000023556652"}, {"date": "29/07/2024", "time": "10:48 AM", "segment": "NSE_CASH", "symbol": "GOLDBEES", "type": "SELL", "qty": 3.0, "trade_price": 59.32, "trade_val": 177.96, "order_id": "1100000023556652"}, {"date": "29/07/2024", "time": "10:48 AM", "segment": "NSE_CASH", "symbol": "GOLDBEES", "type": "SELL", "qty": 10.0, "trade_price": 59.32, "trade_val": 593.2, "order_id": "1100000023556652"}, {"date": "25/07/2024", "time": "10:11 AM", "segment": "NSE_CASH", "symbol": "NAVINFLUOR", "type": "SELL", "qty": 4.0, "trade_price": 3472.9, "trade_val": 13891.6, "order_id": "1200000016430138"}, {"date": "25/07/2024", "time": "02:39 PM", "segment": "NSE_CASH", "symbol": "NESTLEIND", "type": "SELL", "qty": 31.0, "trade_price": 2472.95, "trade_val": 76661.45, "order_id": "1200000054935297"}, {"date": "25/07/2024", "time": "11:29 AM", "segment": "NSE_CASH", "symbol": "NESTLEIND", "type": "BUY", "qty": 10.0, "trade_price": 2484.6, "trade_val": 24846.0, "order_id": "1200000029591196"}, {"date": "25/07/2024", "time": "11:29 AM", "segment": "NSE_CASH", "symbol": "NESTLEIND", "type": "BUY", "qty": 5.0, "trade_price": 2484.6, "trade_val": 12423.0, "order_id": "1200000029591196"}, {"date": "25/07/2024", "time": "11:29 AM", "segment": "NSE_CASH", "symbol": "NESTLEIND", "type": "BUY", "qty": 4.0, "trade_price": 2484.6, "trade_val": 9938.4, "order_id": "1200000029591196"}, {"date": "25/07/2024", "time": "11:29 AM", "segment": "NSE_CASH", "symbol": "NESTLEIND", "type": "BUY", "qty": 7.0, "trade_price": 2484.6, "trade_val": 17392.2, "order_id": "1200000029591196"}, {"date": "25/07/2024", "time": "11:29 AM", "segment": "NSE_CASH", "symbol": "NESTLEIND", "type": "BUY", "qty": 5.0, "trade_price": 2484.6, "trade_val": 12423.0, "order_id": "1200000029591196"}, {"date": "25/07/2024", "time": "10:24 AM", "segment": "NSE_CASH", "symbol": "ADANIENT", "type": "SELL", "qty": 26.0, "trade_price": 3005.0, "trade_val": 78130.0, "order_id": "1000000013362875"}, {"date": "25/07/2024", "time": "10:16 AM", "segment": "NSE_CASH", "symbol": "ADANIENT", "type": "BUY", "qty": 25.0, "trade_price": 3011.0, "trade_val": 75275.0, "order_id": "1000000013114198"}, {"date": "25/07/2024", "time": "10:16 AM", "segment": "NSE_CASH", "symbol": "ADANIENT", "type": "BUY", "qty": 1.0, "trade_price": 3011.0, "trade_val": 3011.0, "order_id": "1000000013114198"}, {"date": "25/07/2024", "time": "10:11 AM", "segment": "NSE_CASH", "symbol": "NAVINFLUOR", "type": "SELL", "qty": 2.0, "trade_price": 3472.8, "trade_val": 6945.6, "order_id": "1200000016430138"}, {"date": "25/07/2024", "time": "10:11 AM", "segment": "NSE_CASH", "symbol": "NAVINFLUOR", "type": "SELL", "qty": 2.0, "trade_price": 3472.95, "trade_val": 6945.9, "order_id": "1200000016430138"}, {"date": "25/07/2024", "time": "10:11 AM", "segment": "NSE_CASH", "symbol": "NAVINFLUOR", "type": "SELL", "qty": 2.0, "trade_price": 3472.95, "trade_val": 6945.9, "order_id": "1200000016430138"}, {"date": "25/07/2024", "time": "10:11 AM", "segment": "NSE_CASH", "symbol": "NAVINFLUOR", "type": "SELL", "qty": 6.0, "trade_price": 3473.05, "trade_val": 20838.3, "order_id": "1200000016430138"}, {"date": "25/07/2024", "time": "10:11 AM", "segment": "NSE_CASH", "symbol": "NAVINFLUOR", "type": "SELL", "qty": 3.0, "trade_price": 3474.0, "trade_val": 10422.0, "order_id": "1200000016430138"}, {"date": "25/07/2024", "time": "10:11 AM", "segment": "NSE_CASH", "symbol": "NAVINFLUOR", "type": "SELL", "qty": 3.0, "trade_price": 3474.0, "trade_val": 10422.0, "order_id": "1200000016430138"}, {"date": "25/07/2024", "time": "10:09 AM", "segment": "NSE_CASH", "symbol": "NAVINFLUOR", "type": "BUY", "qty": 22.0, "trade_price": 3469.35, "trade_val": 76325.7, "order_id": "1200000015923311"}, {"date": "19/07/2024", "time": "11:18 AM", "segment": "NSE_CASH", "symbol": "RELIANCE", "type": "BUY", "qty": 362.0, "trade_price": 3108.45, "trade_val": 1125258.9, "order_id": "1300000028703902"}, {"date": "19/07/2024", "time": "03:00 PM", "segment": "NSE_CASH", "symbol": "RELIANCE", "type": "SELL", "qty": 1.0, "trade_price": 3109.15, "trade_val": 3109.15, "order_id": "1300000061201292"}, {"date": "19/07/2024", "time": "03:00 PM", "segment": "NSE_CASH", "symbol": "RELIANCE", "type": "SELL", "qty": 31.0, "trade_price": 3109.2, "trade_val": 96385.2, "order_id": "1300000061201292"}, {"date": "19/07/2024", "time": "03:00 PM", "segment": "NSE_CASH", "symbol": "RELIANCE", "type": "SELL", "qty": 247.0, "trade_price": 3109.1, "trade_val": 767947.7, "order_id": "1300000061201292"}, {"date": "19/07/2024", "time": "03:00 PM", "segment": "NSE_CASH", "symbol": "RELIANCE", "type": "SELL", "qty": 36.0, "trade_price": 3109.15, "trade_val": 111929.4, "order_id": "1300000061201292"}, {"date": "19/07/2024", "time": "03:00 PM", "segment": "NSE_CASH", "symbol": "RELIANCE", "type": "SELL", "qty": 33.0, "trade_price": 3109.15, "trade_val": 102601.95, "order_id": "1300000061201292"}, {"date": "19/07/2024", "time": "03:00 PM", "segment": "NSE_CASH", "symbol": "RELIANCE", "type": "SELL", "qty": 1.0, "trade_price": 3109.15, "trade_val": 3109.15, "order_id": "1300000061201292"}, {"date": "19/07/2024", "time": "03:00 PM", "segment": "NSE_CASH", "symbol": "RELIANCE", "type": "SELL", "qty": 1.0, "trade_price": 3109.15, "trade_val": 3109.15, "order_id": "1300000061201292"}, {"date": "19/07/2024", "time": "03:00 PM", "segment": "NSE_CASH", "symbol": "RELIANCE", "type": "SELL", "qty": 1.0, "trade_price": 3109.25, "trade_val": 3109.25, "order_id": "1300000061201292"}, {"date": "19/07/2024", "time": "03:00 PM", "segment": "NSE_CASH", "symbol": "RELIANCE", "type": "SELL", "qty": 8.0, "trade_price": 3109.4, "trade_val": 24875.2, "order_id": "1300000061201292"}, {"date": "19/07/2024", "time": "03:00 PM", "segment": "NSE_CASH", "symbol": "RELIANCE", "type": "SELL", "qty": 3.0, "trade_price": 3109.5, "trade_val": 9328.5, "order_id": "1300000061201292"}, {"date": "16/07/2024", "time": "09:29 AM", "segment": "NSE_CASH", "symbol": "IDEA", "type": "BUY", "qty": 2000.0, "trade_price": 17.05, "trade_val": 34100.0, "order_id": "1400000000162142"}, {"date": "16/07/2024", "time": "09:31 AM", "segment": "NSE_CASH", "symbol": "IDEA", "type": "SELL", "qty": 13921.0, "trade_price": 17.15, "trade_val": 238745.15, "order_id": "1400000000182339"}, {"date": "16/07/2024", "time": "09:31 AM", "segment": "NSE_CASH", "symbol": "ZOMATO", "type": "SELL", "qty": 1064.0, "trade_price": 223.7, "trade_val": 238016.8, "order_id": "1300000004918583"}, {"date": "16/07/2024", "time": "09:29 AM", "segment": "NSE_CASH", "symbol": "IDEA", "type": "BUY", "qty": 6165.0, "trade_price": 17.05, "trade_val": 105113.25, "order_id": "1400000000162142"}, {"date": "16/07/2024", "time": "09:29 AM", "segment": "NSE_CASH", "symbol": "IDEA", "type": "BUY", "qty": 3256.0, "trade_price": 17.05, "trade_val": 55514.8, "order_id": "1400000000162142"}, {"date": "16/07/2024", "time": "09:28 AM", "segment": "NSE_CASH", "symbol": "ZOMATO", "type": "BUY", "qty": 1064.0, "trade_price": 223.1, "trade_val": 237378.4, "order_id": "1300000004270871"}, {"date": "16/07/2024", "time": "09:29 AM", "segment": "NSE_CASH", "symbol": "IDEA", "type": "BUY", "qty": 500.0, "trade_price": 17.05, "trade_val": 8525.0, "order_id": "1400000000162142"}, {"date": "16/07/2024", "time": "09:29 AM", "segment": "NSE_CASH", "symbol": "IDEA", "type": "BUY", "qty": 1000.0, "trade_price": 17.05, "trade_val": 17050.0, "order_id": "1400000000162142"}, {"date": "16/07/2024", "time": "09:29 AM", "segment": "NSE_CASH", "symbol": "IDEA", "type": "BUY", "qty": 300.0, "trade_price": 17.05, "trade_val": 5115.0, "order_id": "1400000000162142"}, {"date": "16/07/2024", "time": "09:29 AM", "segment": "NSE_CASH", "symbol": "IDEA", "type": "BUY", "qty": 200.0, "trade_price": 17.05, "trade_val": 3410.0, "order_id": "1400000000162142"}, {"date": "16/07/2024", "time": "09:29 AM", "segment": "NSE_CASH", "symbol": "IDEA", "type": "BUY", "qty": 500.0, "trade_price": 17.05, "trade_val": 8525.0, "order_id": "1400000000162142"}, {"date": "15/07/2024", "time": "09:39 AM", "segment": "NSE_CASH", "symbol": "GODREJPROP", "type": "SELL", "qty": 1.0, "trade_price": 3208.25, "trade_val": 3208.25, "order_id": "1100000009786937"}, {"date": "15/07/2024", "time": "09:19 AM", "segment": "NSE_CASH", "symbol": "ASIANPAINT", "type": "BUY", "qty": 6.0, "trade_price": 2942.0, "trade_val": 17652.0, "order_id": "1000000001292341"}, {"date": "15/07/2024", "time": "09:19 AM", "segment": "NSE_CASH", "symbol": "ASIANPAINT", "type": "BUY", "qty": 25.0, "trade_price": 2942.0, "trade_val": 73550.0, "order_id": "1000000001292341"}, {"date": "15/07/2024", "time": "09:19 AM", "segment": "NSE_CASH", "symbol": "ASIANPAINT", "type": "BUY", "qty": 7.0, "trade_price": 2942.0, "trade_val": 20594.0, "order_id": "1000000001292341"}, {"date": "15/07/2024", "time": "09:19 AM", "segment": "NSE_CASH", "symbol": "ASIANPAINT", "type": "BUY", "qty": 36.0, "trade_price": 2942.0, "trade_val": 105912.0, "order_id": "1000000001292341"}, {"date": "15/07/2024", "time": "09:19 AM", "segment": "NSE_CASH", "symbol": "ASIANPAINT", "type": "BUY", "qty": 55.0, "trade_price": 2942.0, "trade_val": 161810.0, "order_id": "1000000001292341"}, {"date": "15/07/2024", "time": "09:19 AM", "segment": "NSE_CASH", "symbol": "ASIANPAINT", "type": "BUY", "qty": 28.0, "trade_price": 2942.05, "trade_val": 82377.4, "order_id": "1000000001292341"}, {"date": "15/07/2024", "time": "09:19 AM", "segment": "NSE_CASH", "symbol": "ASIANPAINT", "type": "BUY", "qty": 64.0, "trade_price": 2942.05, "trade_val": 188291.2, "order_id": "1000000001292341"}, {"date": "15/07/2024", "time": "09:19 AM", "segment": "NSE_CASH", "symbol": "ASIANPAINT", "type": "BUY", "qty": 22.0, "trade_price": 2942.05, "trade_val": 64725.1, "order_id": "1000000001292341"}, {"date": "15/07/2024", "time": "09:19 AM", "segment": "NSE_CASH", "symbol": "ASIANPAINT", "type": "BUY", "qty": 62.0, "trade_price": 2942.1, "trade_val": 182410.2, "order_id": "1000000001292341"}, {"date": "15/07/2024", "time": "09:19 AM", "segment": "NSE_CASH", "symbol": "ASIANPAINT", "type": "BUY", "qty": 22.0, "trade_price": 2942.15, "trade_val": 64727.3, "order_id": "1000000001292341"}, {"date": "15/07/2024", "time": "09:19 AM", "segment": "NSE_CASH", "symbol": "ASIANPAINT", "type": "BUY", "qty": 2.0, "trade_price": 2942.2, "trade_val": 5884.4, "order_id": "1000000001292341"}, {"date": "15/07/2024", "time": "09:19 AM", "segment": "NSE_CASH", "symbol": "ASIANPAINT", "type": "BUY", "qty": 25.0, "trade_price": 2942.2, "trade_val": 73555.0, "order_id": "1000000001292341"}, {"date": "15/07/2024", "time": "09:19 AM", "segment": "NSE_CASH", "symbol": "ASIANPAINT", "type": "BUY", "qty": 16.0, "trade_price": 2942.2, "trade_val": 47075.2, "order_id": "1000000001292341"}, {"date": "15/07/2024", "time": "09:20 AM", "segment": "NSE_CASH", "symbol": "ASIANPAINT", "type": "SELL", "qty": 16.0, "trade_price": 2947.7, "trade_val": 47163.2, "order_id": "1000000001836024"}, {"date": "15/07/2024", "time": "09:20 AM", "segment": "NSE_CASH", "symbol": "ASIANPAINT", "type": "SELL", "qty": 100.0, "trade_price": 2947.7, "trade_val": 294770.0, "order_id": "1000000001836024"}, {"date": "15/07/2024", "time": "09:20 AM", "segment": "NSE_CASH", "symbol": "ASIANPAINT", "type": "SELL", "qty": 33.0, "trade_price": 2947.7, "trade_val": 97274.1, "order_id": "1000000001836024"}, {"date": "15/07/2024", "time": "09:20 AM", "segment": "NSE_CASH", "symbol": "ASIANPAINT", "type": "SELL", "qty": 156.0, "trade_price": 2947.7, "trade_val": 459841.2, "order_id": "1000000001836024"}, {"date": "15/07/2024", "time": "09:20 AM", "segment": "NSE_CASH", "symbol": "ASIANPAINT", "type": "SELL", "qty": 1.0, "trade_price": 2947.7, "trade_val": 2947.7, "order_id": "1000000001836024"}, {"date": "15/07/2024", "time": "09:20 AM", "segment": "NSE_CASH", "symbol": "ASIANPAINT", "type": "SELL", "qty": 5.0, "trade_price": 2947.7, "trade_val": 14738.5, "order_id": "1000000001836024"}, {"date": "15/07/2024", "time": "09:20 AM", "segment": "NSE_CASH", "symbol": "ASIANPAINT", "type": "SELL", "qty": 47.0, "trade_price": 2947.7, "trade_val": 138541.9, "order_id": "1000000001836024"}, {"date": "15/07/2024", "time": "09:20 AM", "segment": "NSE_CASH", "symbol": "ASIANPAINT", "type": "SELL", "qty": 1.0, "trade_price": 2947.7, "trade_val": 2947.7, "order_id": "1000000001836024"}, {"date": "15/07/2024", "time": "09:20 AM", "segment": "NSE_CASH", "symbol": "ASIANPAINT", "type": "SELL", "qty": 11.0, "trade_price": 2947.7, "trade_val": 32424.7, "order_id": "1000000001836024"}, {"date": "15/07/2024", "time": "09:34 AM", "segment": "NSE_CASH", "symbol": "GODREJPROP", "type": "BUY", "qty": 36.0, "trade_price": 3213.45, "trade_val": 115684.2, "order_id": "1100000008319963"}, {"date": "15/07/2024", "time": "09:34 AM", "segment": "NSE_CASH", "symbol": "GODREJPROP", "type": "BUY", "qty": 16.0, "trade_price": 3213.45, "trade_val": 51415.2, "order_id": "1100000008319963"}, {"date": "15/07/2024", "time": "09:34 AM", "segment": "NSE_CASH", "symbol": "GODREJPROP", "type": "BUY", "qty": 21.0, "trade_price": 3213.45, "trade_val": 67482.45, "order_id": "1100000008319963"}, {"date": "15/07/2024", "time": "09:39 AM", "segment": "NSE_CASH", "symbol": "GODREJPROP", "type": "SELL", "qty": 1.0, "trade_price": 3208.0, "trade_val": 3208.0, "order_id": "1100000009786937"}, {"date": "15/07/2024", "time": "09:39 AM", "segment": "NSE_CASH", "symbol": "GODREJPROP", "type": "SELL", "qty": 10.0, "trade_price": 3208.0, "trade_val": 32080.0, "order_id": "1100000009786937"}, {"date": "15/07/2024", "time": "09:39 AM", "segment": "NSE_CASH", "symbol": "GODREJPROP", "type": "SELL", "qty": 40.0, "trade_price": 3208.0, "trade_val": 128320.0, "order_id": "1100000009786937"}, {"date": "15/07/2024", "time": "09:39 AM", "segment": "NSE_CASH", "symbol": "GODREJPROP", "type": "SELL", "qty": 21.0, "trade_price": 3208.15, "trade_val": 67371.15, "order_id": "1100000009786937"}, {"date": "12/07/2024", "time": "03:11 PM", "segment": "NSE_CASH", "symbol": "ASHOKLEY", "type": "SELL", "qty": 951.0, "trade_price": 224.53, "trade_val": 213528.03, "order_id": "1000000039301782"}, {"date": "12/07/2024", "time": "03:11 PM", "segment": "NSE_CASH", "symbol": "ASHOKLEY", "type": "SELL", "qty": 88.0, "trade_price": 224.5, "trade_val": 19756.0, "order_id": "1000000039301782"}, {"date": "12/07/2024", "time": "02:33 PM", "segment": "NSE_CASH", "symbol": "ASHOKLEY", "type": "BUY", "qty": 1054.0, "trade_price": 225.2, "trade_val": 237360.8, "order_id": "1000000035467923"}, {"date": "12/07/2024", "time": "03:11 PM", "segment": "NSE_CASH", "symbol": "ASHOKLEY", "type": "SELL", "qty": 15.0, "trade_price": 224.52, "trade_val": 3367.8, "order_id": "1000000039301782"}, {"date": "11/07/2024", "time": "12:03 PM", "segment": "NSE_CASH", "symbol": "BHARTIARTL", "type": "SELL", "qty": 45.0, "trade_price": 1433.15, "trade_val": 64491.75, "order_id": "1000000018683609"}, {"date": "11/07/2024", "time": "12:03 PM", "segment": "NSE_CASH", "symbol": "BHARTIARTL", "type": "SELL", "qty": 30.0, "trade_price": 1433.15, "trade_val": 42994.5, "order_id": "1000000018683609"}, {"date": "11/07/2024", "time": "12:03 PM", "segment": "NSE_CASH", "symbol": "BHARTIARTL", "type": "SELL", "qty": 27.0, "trade_price": 1433.15, "trade_val": 38695.05, "order_id": "1000000018683609"}, {"date": "11/07/2024", "time": "12:03 PM", "segment": "NSE_CASH", "symbol": "BHARTIARTL", "type": "SELL", "qty": 34.0, "trade_price": 1433.15, "trade_val": 48727.1, "order_id": "1000000018683609"}, {"date": "11/07/2024", "time": "12:03 PM", "segment": "NSE_CASH", "symbol": "BHARTIARTL", "type": "SELL", "qty": 14.0, "trade_price": 1433.15, "trade_val": 20064.1, "order_id": "1000000018683609"}, {"date": "11/07/2024", "time": "12:03 PM", "segment": "NSE_CASH", "symbol": "BHARTIARTL", "type": "SELL", "qty": 50.0, "trade_price": 1433.15, "trade_val": 71657.5, "order_id": "1000000018683609"}, {"date": "11/07/2024", "time": "11:13 AM", "segment": "NSE_CASH", "symbol": "BHARTIARTL", "type": "SELL", "qty": 2.0, "trade_price": 1432.0, "trade_val": 2864.0, "order_id": "1000000018289801"}, {"date": "11/07/2024", "time": "11:13 AM", "segment": "NSE_CASH", "symbol": "BHARTIARTL", "type": "SELL", "qty": 1.0, "trade_price": 1432.0, "trade_val": 1432.0, "order_id": "1000000018289801"}, {"date": "11/07/2024", "time": "11:13 AM", "segment": "NSE_CASH", "symbol": "BHARTIARTL", "type": "SELL", "qty": 2.0, "trade_price": 1432.0, "trade_val": 2864.0, "order_id": "1000000018289801"}, {"date": "11/07/2024", "time": "11:13 AM", "segment": "NSE_CASH", "symbol": "BHARTIARTL", "type": "SELL", "qty": 47.0, "trade_price": 1432.0, "trade_val": 67304.0, "order_id": "1000000018289801"}, {"date": "11/07/2024", "time": "11:13 AM", "segment": "NSE_CASH", "symbol": "BHARTIARTL", "type": "SELL", "qty": 78.0, "trade_price": 1432.0, "trade_val": 111696.0, "order_id": "1000000018289801"}, {"date": "11/07/2024", "time": "10:13 AM", "segment": "NSE_CASH", "symbol": "BHARTIARTL", "type": "BUY", "qty": 43.0, "trade_price": 1431.2, "trade_val": 61541.6, "order_id": "1000000010898911"}, {"date": "11/07/2024", "time": "10:13 AM", "segment": "NSE_CASH", "symbol": "BHARTIARTL", "type": "BUY", "qty": 54.0, "trade_price": 1431.2, "trade_val": 77284.8, "order_id": "1000000010898911"}, {"date": "11/07/2024", "time": "10:13 AM", "segment": "NSE_CASH", "symbol": "BHARTIARTL", "type": "BUY", "qty": 68.0, "trade_price": 1431.2, "trade_val": 97321.6, "order_id": "1000000010898911"}, {"date": "11/07/2024", "time": "10:13 AM", "segment": "NSE_CASH", "symbol": "BHARTIARTL", "type": "BUY", "qty": 14.0, "trade_price": 1431.2, "trade_val": 20036.8, "order_id": "1000000010896267"}, {"date": "11/07/2024", "time": "10:13 AM", "segment": "NSE_CASH", "symbol": "BHARTIARTL", "type": "BUY", "qty": 47.0, "trade_price": 1431.2, "trade_val": 67266.4, "order_id": "1000000010896267"}, {"date": "11/07/2024", "time": "10:13 AM", "segment": "NSE_CASH", "symbol": "BHARTIARTL", "type": "BUY", "qty": 20.0, "trade_price": 1431.2, "trade_val": 28624.0, "order_id": "1000000010896267"}, {"date": "11/07/2024", "time": "10:13 AM", "segment": "NSE_CASH", "symbol": "BHARTIARTL", "type": "BUY", "qty": 30.0, "trade_price": 1431.2, "trade_val": 42936.0, "order_id": "1000000010896267"}, {"date": "11/07/2024", "time": "10:13 AM", "segment": "NSE_CASH", "symbol": "BHARTIARTL", "type": "BUY", "qty": 54.0, "trade_price": 1431.2, "trade_val": 77284.8, "order_id": "1000000010896267"}, {"date": "10/07/2024", "time": "11:43 AM", "segment": "NSE_CASH", "symbol": "BEL", "type": "SELL", "qty": 100.0, "trade_price": 333.45, "trade_val": 33345.0, "order_id": "1000000028339027"}, {"date": "10/07/2024", "time": "11:43 AM", "segment": "NSE_CASH", "symbol": "BEL", "type": "SELL", "qty": 427.0, "trade_price": 333.45, "trade_val": 142383.15, "order_id": "1000000028339027"}, {"date": "10/07/2024", "time": "11:43 AM", "segment": "NSE_CASH", "symbol": "BEL", "type": "SELL", "qty": 50.0, "trade_price": 333.45, "trade_val": 16672.5, "order_id": "1000000028339027"}, {"date": "10/07/2024", "time": "11:43 AM", "segment": "NSE_CASH", "symbol": "BEL", "type": "SELL", "qty": 19.0, "trade_price": 333.45, "trade_val": 6335.55, "order_id": "1000000028339027"}, {"date": "10/07/2024", "time": "11:43 AM", "segment": "NSE_CASH", "symbol": "BEL", "type": "SELL", "qty": 9.0, "trade_price": 333.45, "trade_val": 3001.05, "order_id": "1000000028339027"}, {"date": "10/07/2024", "time": "11:43 AM", "segment": "NSE_CASH", "symbol": "BEL", "type": "SELL", "qty": 2.0, "trade_price": 333.45, "trade_val": 666.9, "order_id": "1000000028339027"}, {"date": "10/07/2024", "time": "11:43 AM", "segment": "NSE_CASH", "symbol": "BEL", "type": "SELL", "qty": 100.0, "trade_price": 333.45, "trade_val": 33345.0, "order_id": "1000000028339027"}, {"date": "10/07/2024", "time": "09:55 AM", "segment": "NSE_CASH", "symbol": "BEL", "type": "BUY", "qty": 712.0, "trade_price": 333.25, "trade_val": 237274.0, "order_id": "1000000008780860"}, {"date": "10/07/2024", "time": "11:43 AM", "segment": "NSE_CASH", "symbol": "BEL", "type": "SELL", "qty": 5.0, "trade_price": 333.45, "trade_val": 1667.25, "order_id": "1000000028339027"}, {"date": "09/07/2024", "time": "09:18 AM", "segment": "NSE_CASH", "symbol": "MGL", "type": "BUY", "qty": 50.0, "trade_price": 1699.6, "trade_val": 84980.0, "order_id": "1200000001851283"}, {"date": "09/07/2024", "time": "09:15 AM", "segment": "NSE_CASH", "symbol": "MGL", "type": "BUY", "qty": 50.0, "trade_price": 1717.2, "trade_val": 85860.0, "order_id": "1200000000623809"}, {"date": "09/07/2024", "time": "09:15 AM", "segment": "NSE_CASH", "symbol": "MGL", "type": "BUY", "qty": 4.0, "trade_price": 1717.2, "trade_val": 6868.8, "order_id": "1200000000623809"}, {"date": "09/07/2024", "time": "09:15 AM", "segment": "NSE_CASH", "symbol": "MGL", "type": "BUY", "qty": 17.0, "trade_price": 1717.2, "trade_val": 29192.4, "order_id": "1200000000623809"}, {"date": "09/07/2024", "time": "09:15 AM", "segment": "NSE_CASH", "symbol": "MGL", "type": "BUY", "qty": 67.0, "trade_price": 1717.2, "trade_val": 115052.4, "order_id": "1200000000623809"}, {"date": "09/07/2024", "time": "09:47 AM", "segment": "NSE_CASH", "symbol": "MGL", "type": "SELL", "qty": 170.0, "trade_price": 1676.45, "trade_val": 284996.5, "order_id": "1200000007610880"}, {"date": "09/07/2024", "time": "09:47 AM", "segment": "NSE_CASH", "symbol": "MGL", "type": "SELL", "qty": 100.0, "trade_price": 1676.5, "trade_val": 167650.0, "order_id": "1200000007610880"}, {"date": "09/07/2024", "time": "09:47 AM", "segment": "NSE_CASH", "symbol": "MGL", "type": "SELL", "qty": 2.0, "trade_price": 1676.5, "trade_val": 3353.0, "order_id": "1200000007610880"}, {"date": "09/07/2024", "time": "09:47 AM", "segment": "NSE_CASH", "symbol": "MGL", "type": "SELL", "qty": 5.0, "trade_price": 1676.55, "trade_val": 8382.75, "order_id": "1200000007610880"}, {"date": "09/07/2024", "time": "09:18 AM", "segment": "NSE_CASH", "symbol": "MGL", "type": "BUY", "qty": 5.0, "trade_price": 1699.6, "trade_val": 8498.0, "order_id": "1200000001851283"}, {"date": "09/07/2024", "time": "09:18 AM", "segment": "NSE_CASH", "symbol": "MGL", "type": "BUY", "qty": 34.0, "trade_price": 1699.6, "trade_val": 57786.4, "order_id": "1200000001851283"}, {"date": "09/07/2024", "time": "09:18 AM", "segment": "NSE_CASH", "symbol": "MGL", "type": "BUY", "qty": 50.0, "trade_price": 1699.6, "trade_val": 84980.0, "order_id": "1200000001851283"}, {"date": "08/07/2024", "time": "09:37 AM", "segment": "NSE_CASH", "symbol": "ONGC", "type": "SELL", "qty": 481.0, "trade_price": 290.85, "trade_val": 139898.85, "order_id": "1200000007566240"}, {"date": "08/07/2024", "time": "09:37 AM", "segment": "NSE_CASH", "symbol": "ONGC", "type": "SELL", "qty": 10.0, "trade_price": 290.85, "trade_val": 2908.5, "order_id": "1200000007566240"}, {"date": "08/07/2024", "time": "09:37 AM", "segment": "NSE_CASH", "symbol": "ONGC", "type": "SELL", "qty": 20.0, "trade_price": 290.85, "trade_val": 5817.0, "order_id": "1200000007566240"}, {"date": "08/07/2024", "time": "09:37 AM", "segment": "NSE_CASH", "symbol": "ONGC", "type": "SELL", "qty": 1.0, "trade_price": 290.85, "trade_val": 290.85, "order_id": "1200000007566240"}, {"date": "08/07/2024", "time": "09:37 AM", "segment": "NSE_CASH", "symbol": "ONGC", "type": "SELL", "qty": 306.0, "trade_price": 290.85, "trade_val": 89000.1, "order_id": "1200000007566240"}, {"date": "08/07/2024", "time": "09:36 AM", "segment": "NSE_CASH", "symbol": "ONGC", "type": "BUY", "qty": 818.0, "trade_price": 290.0, "trade_val": 237220.0, "order_id": "1200000007430881"}, {"date": "05/07/2024", "time": "09:16 AM", "segment": "NSE_CASH", "symbol": "ASTRAZEN", "type": "BUY", "qty": 8.0, "trade_price": 7046.4, "trade_val": 56371.2, "order_id": "1000000000730257"}, {"date": "05/07/2024", "time": "10:37 AM", "segment": "NSE_CASH", "symbol": "GODREJPROP", "type": "SELL", "qty": 73.0, "trade_price": 3243.3, "trade_val": 236760.9, "order_id": "1100000020720311"}, {"date": "05/07/2024", "time": "09:36 AM", "segment": "NSE_CASH", "symbol": "GODREJPROP", "type": "BUY", "qty": 73.0, "trade_price": 3241.8, "trade_val": 236651.4, "order_id": "1100000008274745"}, {"date": "05/07/2024", "time": "09:24 AM", "segment": "NSE_CASH", "symbol": "ASTRAZEN", "type": "SELL", "qty": 8.0, "trade_price": 7050.2, "trade_val": 56401.6, "order_id": "1000000000930630"}, {"date": "03/07/2024", "time": "11:10 AM", "segment": "NSE_CASH", "symbol": "ASHOKLEY", "type": "SELL", "qty": 204.0, "trade_price": 228.36, "trade_val": 46585.44, "order_id": "1000000019170221"}, {"date": "03/07/2024", "time": "11:10 AM", "segment": "NSE_CASH", "symbol": "ASHOKLEY", "type": "SELL", "qty": 367.0, "trade_price": 228.3, "trade_val": 83786.1, "order_id": "1000000019170221"}, {"date": "03/07/2024", "time": "11:10 AM", "segment": "NSE_CASH", "symbol": "ASHOKLEY", "type": "SELL", "qty": 199.0, "trade_price": 228.3, "trade_val": 45431.7, "order_id": "1000000019170221"}, {"date": "03/07/2024", "time": "11:10 AM", "segment": "NSE_CASH", "symbol": "ASHOKLEY", "type": "SELL", "qty": 245.0, "trade_price": 228.3, "trade_val": 55933.5, "order_id": "1000000019170221"}, {"date": "03/07/2024", "time": "11:10 AM", "segment": "NSE_CASH", "symbol": "ASHOKLEY", "type": "SELL", "qty": 192.0, "trade_price": 228.55, "trade_val": 43881.6, "order_id": "1000000018999587"}, {"date": "03/07/2024", "time": "11:16 AM", "segment": "NSE_CASH", "symbol": "ABFRL", "type": "BUY", "qty": 6.0, "trade_price": 326.2, "trade_val": 1957.2, "order_id": "1000000019926270"}, {"date": "03/07/2024", "time": "11:14 AM", "segment": "NSE_CASH", "symbol": "ABFRL", "type": "SELL", "qty": 6.0, "trade_price": 326.3, "trade_val": 1957.8, "order_id": "1000000016034329"}, {"date": "03/07/2024", "time": "11:10 AM", "segment": "NSE_CASH", "symbol": "ABFRL", "type": "SELL", "qty": 6.0, "trade_price": 326.65, "trade_val": 1959.9, "order_id": "1000000019190816"}, {"date": "03/07/2024", "time": "11:10 AM", "segment": "NSE_CASH", "symbol": "ASHOKLEY", "type": "SELL", "qty": 3.0, "trade_price": 228.55, "trade_val": 685.65, "order_id": "1000000018999587"}, {"date": "03/07/2024", "time": "11:10 AM", "segment": "NSE_CASH", "symbol": "ASHOKLEY", "type": "SELL", "qty": 10.0, "trade_price": 228.55, "trade_val": 2285.5, "order_id": "1000000018999587"}, {"date": "03/07/2024", "time": "11:10 AM", "segment": "NSE_CASH", "symbol": "ASHOKLEY", "type": "SELL", "qty": 30.0, "trade_price": 228.55, "trade_val": 6856.5, "order_id": "1000000018999587"}, {"date": "03/07/2024", "time": "09:58 AM", "segment": "NSE_CASH", "symbol": "ABFRL", "type": "BUY", "qty": 1.0, "trade_price": 325.85, "trade_val": 325.85, "order_id": "1000000009956291"}, {"date": "03/07/2024", "time": "09:58 AM", "segment": "NSE_CASH", "symbol": "ABFRL", "type": "BUY", "qty": 1.0, "trade_price": 325.85, "trade_val": 325.85, "order_id": "1000000009956291"}, {"date": "03/07/2024", "time": "09:58 AM", "segment": "NSE_CASH", "symbol": "ABFRL", "type": "BUY", "qty": 1.0, "trade_price": 325.85, "trade_val": 325.85, "order_id": "1000000009956291"}, {"date": "03/07/2024", "time": "09:58 AM", "segment": "NSE_CASH", "symbol": "ABFRL", "type": "BUY", "qty": 1.0, "trade_price": 325.85, "trade_val": 325.85, "order_id": "1000000009956291"}, {"date": "03/07/2024", "time": "09:58 AM", "segment": "NSE_CASH", "symbol": "ABFRL", "type": "BUY", "qty": 1.0, "trade_price": 325.85, "trade_val": 325.85, "order_id": "1000000009956291"}, {"date": "03/07/2024", "time": "09:58 AM", "segment": "NSE_CASH", "symbol": "ABFRL", "type": "BUY", "qty": 1.0, "trade_price": 325.85, "trade_val": 325.85, "order_id": "1000000009956291"}, {"date": "03/07/2024", "time": "10:49 AM", "segment": "NSE_CASH", "symbol": "ASHOKLEY", "type": "BUY", "qty": 2215.0, "trade_price": 229.75, "trade_val": 508896.25, "order_id": "1000000016297147"}, {"date": "03/07/2024", "time": "11:10 AM", "segment": "NSE_CASH", "symbol": "ASHOKLEY", "type": "SELL", "qty": 6.0, "trade_price": 228.55, "trade_val": 1371.3, "order_id": "1000000018999587"}, {"date": "03/07/2024", "time": "11:10 AM", "segment": "NSE_CASH", "symbol": "ASHOKLEY", "type": "SELL", "qty": 21.0, "trade_price": 228.55, "trade_val": 4799.55, "order_id": "1000000018999587"}, {"date": "03/07/2024", "time": "11:10 AM", "segment": "NSE_CASH", "symbol": "ASHOKLEY", "type": "SELL", "qty": 1.0, "trade_price": 228.55, "trade_val": 228.55, "order_id": "1000000018999587"}, {"date": "03/07/2024", "time": "11:10 AM", "segment": "NSE_CASH", "symbol": "ASHOKLEY", "type": "SELL", "qty": 1.0, "trade_price": 228.55, "trade_val": 228.55, "order_id": "1000000018999587"}, {"date": "03/07/2024", "time": "11:10 AM", "segment": "NSE_CASH", "symbol": "ASHOKLEY", "type": "SELL", "qty": 100.0, "trade_price": 228.55, "trade_val": 22855.0, "order_id": "1000000018999587"}, {"date": "03/07/2024", "time": "11:10 AM", "segment": "NSE_CASH", "symbol": "ASHOKLEY", "type": "SELL", "qty": 1.0, "trade_price": 228.55, "trade_val": 228.55, "order_id": "1000000018999587"}, {"date": "03/07/2024", "time": "11:10 AM", "segment": "NSE_CASH", "symbol": "ASHOKLEY", "type": "SELL", "qty": 34.0, "trade_price": 228.55, "trade_val": 7770.7, "order_id": "1000000018999587"}, {"date": "03/07/2024", "time": "11:10 AM", "segment": "NSE_CASH", "symbol": "ASHOKLEY", "type": "SELL", "qty": 2.0, "trade_price": 228.55, "trade_val": 457.1, "order_id": "1000000018999587"}, {"date": "03/07/2024", "time": "11:10 AM", "segment": "NSE_CASH", "symbol": "ASHOKLEY", "type": "SELL", "qty": 1.0, "trade_price": 228.55, "trade_val": 228.55, "order_id": "1000000018999587"}, {"date": "03/07/2024", "time": "11:10 AM", "segment": "NSE_CASH", "symbol": "ASHOKLEY", "type": "SELL", "qty": 201.0, "trade_price": 228.31, "trade_val": 45890.31, "order_id": "1000000019170221"}, {"date": "03/07/2024", "time": "11:10 AM", "segment": "NSE_CASH", "symbol": "ASHOKLEY", "type": "SELL", "qty": 223.0, "trade_price": 228.35, "trade_val": 50922.05, "order_id": "1000000019170221"}, {"date": "03/07/2024", "time": "11:10 AM", "segment": "NSE_CASH", "symbol": "ASHOKLEY", "type": "SELL", "qty": 245.0, "trade_price": 228.35, "trade_val": 55945.75, "order_id": "1000000019170221"}, {"date": "03/07/2024", "time": "11:10 AM", "segment": "NSE_CASH", "symbol": "ASHOKLEY", "type": "SELL", "qty": 2.0, "trade_price": 228.55, "trade_val": 457.1, "order_id": "1000000018999587"}, {"date": "03/07/2024", "time": "11:10 AM", "segment": "NSE_CASH", "symbol": "ASHOKLEY", "type": "SELL", "qty": 25.0, "trade_price": 228.55, "trade_val": 5713.75, "order_id": "1000000018999587"}, {"date": "03/07/2024", "time": "11:10 AM", "segment": "NSE_CASH", "symbol": "ASHOKLEY", "type": "SELL", "qty": 2.0, "trade_price": 228.55, "trade_val": 457.1, "order_id": "1000000018999587"}, {"date": "03/07/2024", "time": "11:10 AM", "segment": "NSE_CASH", "symbol": "ASHOKLEY", "type": "SELL", "qty": 100.0, "trade_price": 228.55, "trade_val": 22855.0, "order_id": "1000000018999587"}, {"date": "01/07/2024", "time": "03:24 PM", "segment": "NSE_CASH", "symbol": "NTPC", "type": "BUY", "qty": 136.0, "trade_price": 370.2, "trade_val": 50347.2, "order_id": "1200000058641326"}, {"date": "01/07/2024", "time": "03:24 PM", "segment": "NSE_CASH", "symbol": "NTPC", "type": "BUY", "qty": 94.0, "trade_price": 370.2, "trade_val": 34798.8, "order_id": "1200000058641326"}, {"date": "01/07/2024", "time": "03:28 PM", "segment": "NSE_CASH", "symbol": "GODREJPROP", "type": "BUY", "qty": 20.0, "trade_price": 3164.0, "trade_val": 63280.0, "order_id": "1100000054123472"}], "total_res": 192.0}, "status_code": 200, "code": 200}