{"s": "ok", "message": "Success", "data": {"COLUMNS": [{"date": "Date", "time": "Time", "segment": "Segment", "symbol": "Symbol", "type": "Trade Type", "qty": "Quantity", "trade_price": "Trade Price (\u20b9)", "trade_val": "Trade Value  (\u20b9)", "order_id": "Order id"}], "DATA": [{"date": "31/03/2021", "time": "01:04 PM", "segment": "NSE_CASH", "symbol": "TATACONSUM", "type": "BUY", "qty": 1.0, "trade_price": 635.95, "trade_val": 635.95, "order_id": "1300000007251462"}, {"date": "31/03/2021", "time": "10:23 AM", "segment": "NSE_CASH", "symbol": "GSPL", "type": "SELL", "qty": 100.0, "trade_price": 267.0, "trade_val": 26700.0, "order_id": "1100000002148795"}, {"date": "31/03/2021", "time": "09:41 AM", "segment": "NSE_CASH", "symbol": "GSPL", "type": "BUY", "qty": 100.0, "trade_price": 271.2, "trade_val": 27120.0, "order_id": "1100000001659576"}, {"date": "31/03/2021", "time": "02:19 PM", "segment": "NSE_CASH", "symbol": "MARUTI", "type": "SELL", "qty": 6.0, "trade_price": 6884.6, "trade_val": 41307.6, "order_id": "1200000007986566"}, {"date": "31/03/2021", "time": "01:55 PM", "segment": "NSE_CASH", "symbol": "MARUTI", "type": "BUY", "qty": 6.0, "trade_price": 6910.0, "trade_val": 41460.0, "order_id": "1200000007553985"}, {"date": "31/03/2021", "time": "01:18 PM", "segment": "NSE_CASH", "symbol": "TATACONSUM", "type": "SELL", "qty": 1.0, "trade_price": 634.0, "trade_val": 634.0, "order_id": "1300000007877745"}, {"date": "31/03/2021", "time": "01:18 PM", "segment": "NSE_CASH", "symbol": "TATACONSUM", "type": "SELL", "qty": 13.0, "trade_price": 634.0, "trade_val": 8242.0, "order_id": "1300000007877745"}, {"date": "31/03/2021", "time": "01:18 PM", "segment": "NSE_CASH", "symbol": "TATACONSUM", "type": "SELL", "qty": 36.0, "trade_price": 634.0, "trade_val": 22824.0, "order_id": "1300000007877745"}, {"date": "31/03/2021", "time": "01:04 PM", "segment": "NSE_CASH", "symbol": "TATACONSUM", "type": "BUY", "qty": 49.0, "trade_price": 635.95, "trade_val": 31161.55, "order_id": "1300000007251462"}, {"date": "10/03/2021", "time": "09:47 AM", "segment": "NSE_CASH", "symbol": "NMDC", "type": "BUY", "qty": 100.0, "trade_price": 132.0, "trade_val": 13200.0, "order_id": "1200000002557943"}, {"date": "10/03/2021", "time": "09:45 AM", "segment": "NSE_CASH", "symbol": "NAVINFLUOR", "type": "SELL", "qty": 1.0, "trade_price": 2652.05, "trade_val": 2652.05, "order_id": "1200000002490541"}, {"date": "10/03/2021", "time": "09:45 AM", "segment": "NSE_CASH", "symbol": "NAVINFLUOR", "type": "SELL", "qty": 9.0, "trade_price": 2652.05, "trade_val": 23868.45, "order_id": "1200000002490541"}, {"date": "10/03/2021", "time": "09:43 AM", "segment": "NSE_CASH", "symbol": "RELINFRA", "type": "SELL", "qty": 73.0, "trade_price": 37.35, "trade_val": 2726.55, "order_id": "1300000002117381"}, {"date": "10/03/2021", "time": "09:43 AM", "segment": "NSE_CASH", "symbol": "RELINFRA", "type": "SELL", "qty": 27.0, "trade_price": 37.35, "trade_val": 1008.45, "order_id": "1300000002117381"}, {"date": "10/03/2021", "time": "09:41 AM", "segment": "NSE_CASH", "symbol": "HINDZINC", "type": "SELL", "qty": 100.0, "trade_price": 298.95, "trade_val": 29895.0, "order_id": "1100000002568128"}, {"date": "10/03/2021", "time": "09:34 AM", "segment": "NSE_CASH", "symbol": "SAIL", "type": "SELL", "qty": 100.0, "trade_price": 71.35, "trade_val": 7135.0, "order_id": "1300000001486832"}, {"date": "10/03/2021", "time": "09:40 AM", "segment": "NSE_CASH", "symbol": "NMDC", "type": "SELL", "qty": 100.0, "trade_price": 131.25, "trade_val": 13125.0, "order_id": "1200000001986343"}, {"date": "10/03/2021", "time": "03:07 PM", "segment": "NSE_CASH", "symbol": "MOTHERSUMI", "type": "BUY", "qty": 1.0, "trade_price": 219.05, "trade_val": 219.05, "order_id": "1200000013032765"}, {"date": "10/03/2021", "time": "02:00 PM", "segment": "NSE_CASH", "symbol": "MOTHERSUMI", "type": "SELL", "qty": 1.0, "trade_price": 217.35, "trade_val": 217.35, "order_id": "1200000010762169"}, {"date": "10/03/2021", "time": "12:11 PM", "segment": "NSE_CASH", "symbol": "ATGL", "type": "BUY", "qty": 10.0, "trade_price": 714.55, "trade_val": 7145.5, "order_id": "1000000008737706"}, {"date": "10/03/2021", "time": "11:43 AM", "segment": "NSE_CASH", "symbol": "ATGL", "type": "SELL", "qty": 10.0, "trade_price": 712.0, "trade_val": 7120.0, "order_id": "1000000006864318"}, {"date": "10/03/2021", "time": "10:02 AM", "segment": "NSE_CASH", "symbol": "SAIL", "type": "BUY", "qty": 100.0, "trade_price": 72.0, "trade_val": 7200.0, "order_id": "1300000001964119"}, {"date": "10/03/2021", "time": "10:01 AM", "segment": "NSE_CASH", "symbol": "HINDZINC", "type": "BUY", "qty": 100.0, "trade_price": 300.7, "trade_val": 30070.0, "order_id": "1100000003212408"}, {"date": "10/03/2021", "time": "09:58 AM", "segment": "NSE_CASH", "symbol": "RELINFRA", "type": "BUY", "qty": 100.0, "trade_price": 38.1, "trade_val": 3810.0, "order_id": "1300000002545817"}, {"date": "10/03/2021", "time": "09:52 AM", "segment": "NSE_CASH", "symbol": "NAVINFLUOR", "type": "BUY", "qty": 10.0, "trade_price": 2659.0, "trade_val": 26590.0, "order_id": "1200000002582951"}, {"date": "09/03/2021", "time": "10:31 AM", "segment": "NSE_CASH", "symbol": "IOC", "type": "SELL", "qty": 100.0, "trade_price": 101.8, "trade_val": 10180.0, "order_id": "1100000002954633"}, {"date": "09/03/2021", "time": "09:48 AM", "segment": "NSE_CASH", "symbol": "IOC", "type": "BUY", "qty": 100.0, "trade_price": 102.15, "trade_val": 10215.0, "order_id": "1100000002638067"}, {"date": "08/03/2021", "time": "09:38 AM", "segment": "NSE_CASH", "symbol": "CUMMINSIND", "type": "BUY", "qty": 100.0, "trade_price": 866.25, "trade_val": 86625.0, "order_id": "1000000002815793"}, {"date": "08/03/2021", "time": "09:37 AM", "segment": "NSE_CASH", "symbol": "CUMMINSIND", "type": "SELL", "qty": 100.0, "trade_price": 866.25, "trade_val": 86625.0, "order_id": "1000000002726236"}, {"date": "05/03/2021", "time": "02:45 PM", "segment": "NSE_CASH", "symbol": "SAIL", "type": "BUY", "qty": 500.0, "trade_price": 72.0, "trade_val": 36000.0, "order_id": "1300000019134871"}, {"date": "05/03/2021", "time": "10:57 AM", "segment": "NSE_CASH", "symbol": "GRASIM", "type": "BUY", "qty": 50.0, "trade_price": 1336.0, "trade_val": 66800.0, "order_id": "1100000007526364"}, {"date": "05/03/2021", "time": "10:57 AM", "segment": "NSE_CASH", "symbol": "GRASIM", "type": "BUY", "qty": 50.0, "trade_price": 1336.0, "trade_val": 66800.0, "order_id": "1100000007526364"}, {"date": "05/03/2021", "time": "10:57 AM", "segment": "NSE_CASH", "symbol": "GRASIM", "type": "SELL", "qty": 60.0, "trade_price": 1333.3, "trade_val": 79998.0, "order_id": "1100000007840374"}, {"date": "05/03/2021", "time": "10:57 AM", "segment": "NSE_CASH", "symbol": "GRASIM", "type": "SELL", "qty": 20.0, "trade_price": 1333.3, "trade_val": 26666.0, "order_id": "1100000007840374"}, {"date": "05/03/2021", "time": "10:57 AM", "segment": "NSE_CASH", "symbol": "GRASIM", "type": "SELL", "qty": 20.0, "trade_price": 1333.3, "trade_val": 26666.0, "order_id": "1100000007840374"}, {"date": "05/03/2021", "time": "11:16 AM", "segment": "NSE_CASH", "symbol": "DEEPAKNTR", "type": "BUY", "qty": 1.0, "trade_price": 1585.0, "trade_val": 1585.0, "order_id": "1000000010109919"}, {"date": "05/03/2021", "time": "12:08 PM", "segment": "NSE_CASH", "symbol": "DEEPAKNTR", "type": "SELL", "qty": 1.0, "trade_price": 1599.15, "trade_val": 1599.15, "order_id": "1000000012534610"}, {"date": "05/03/2021", "time": "02:20 PM", "segment": "NSE_CASH", "symbol": "SAIL", "type": "BUY", "qty": 104.0, "trade_price": 70.85, "trade_val": 7368.4, "order_id": "1300000017145923"}, {"date": "05/03/2021", "time": "02:20 PM", "segment": "NSE_CASH", "symbol": "SAIL", "type": "BUY", "qty": 396.0, "trade_price": 70.85, "trade_val": 28056.6, "order_id": "1300000017145923"}, {"date": "05/03/2021", "time": "02:28 PM", "segment": "NSE_CASH", "symbol": "SAIL", "type": "SELL", "qty": 1.0, "trade_price": 71.35, "trade_val": 71.35, "order_id": "1300000018068236"}, {"date": "05/03/2021", "time": "02:29 PM", "segment": "NSE_CASH", "symbol": "SAIL", "type": "SELL", "qty": 499.0, "trade_price": 72.0, "trade_val": 35928.0, "order_id": "1300000018423522"}, {"date": "05/03/2021", "time": "02:40 PM", "segment": "NSE_CASH", "symbol": "SAIL", "type": "SELL", "qty": 100.0, "trade_price": 71.75, "trade_val": 7175.0, "order_id": "1300000019018189"}, {"date": "05/03/2021", "time": "02:40 PM", "segment": "NSE_CASH", "symbol": "SAIL", "type": "SELL", "qty": 360.0, "trade_price": 71.75, "trade_val": 25830.0, "order_id": "1300000019018189"}, {"date": "05/03/2021", "time": "02:40 PM", "segment": "NSE_CASH", "symbol": "SAIL", "type": "SELL", "qty": 40.0, "trade_price": 71.75, "trade_val": 2870.0, "order_id": "1300000019018189"}, {"date": "04/03/2021", "time": "03:06 PM", "segment": "NSE_CASH", "symbol": "NMDC", "type": "SELL", "qty": 50.0, "trade_price": 137.45, "trade_val": 6872.5, "order_id": "1200000014618624"}, {"date": "04/03/2021", "time": "02:50 PM", "segment": "NSE_CASH", "symbol": "NMDC", "type": "BUY", "qty": 169.0, "trade_price": 138.5, "trade_val": 23406.5, "order_id": "1200000014427060"}, {"date": "04/03/2021", "time": "02:50 PM", "segment": "NSE_CASH", "symbol": "NMDC", "type": "BUY", "qty": 75.0, "trade_price": 138.5, "trade_val": 10387.5, "order_id": "1200000014427060"}, {"date": "04/03/2021", "time": "02:50 PM", "segment": "NSE_CASH", "symbol": "NMDC", "type": "BUY", "qty": 192.0, "trade_price": 138.5, "trade_val": 26592.0, "order_id": "1200000014427060"}, {"date": "04/03/2021", "time": "02:50 PM", "segment": "NSE_CASH", "symbol": "NMDC", "type": "BUY", "qty": 64.0, "trade_price": 138.5, "trade_val": 8864.0, "order_id": "1200000014427060"}, {"date": "04/03/2021", "time": "03:06 PM", "segment": "NSE_CASH", "symbol": "NMDC", "type": "SELL", "qty": 100.0, "trade_price": 137.45, "trade_val": 13745.0, "order_id": "1200000014618624"}, {"date": "04/03/2021", "time": "03:06 PM", "segment": "NSE_CASH", "symbol": "NMDC", "type": "SELL", "qty": 350.0, "trade_price": 137.45, "trade_val": 48107.5, "order_id": "1200000014618624"}, {"date": "03/03/2021", "time": "09:54 AM", "segment": "NSE_CASH", "symbol": "GSPL", "type": "BUY", "qty": 100.0, "trade_price": 286.0, "trade_val": 28600.0, "order_id": "1100000003635754"}, {"date": "03/03/2021", "time": "11:58 AM", "segment": "NSE_CASH", "symbol": "GSPL", "type": "SELL", "qty": 90.0, "trade_price": 286.2, "trade_val": 25758.0, "order_id": "1100000007470304"}, {"date": "03/03/2021", "time": "02:57 PM", "segment": "NSE_CASH", "symbol": "RELIANCE", "type": "SELL", "qty": 50.0, "trade_price": 2174.65, "trade_val": 108732.5, "order_id": "1300000017077482"}, {"date": "03/03/2021", "time": "02:37 PM", "segment": "NSE_CASH", "symbol": "RELIANCE", "type": "BUY", "qty": 10.0, "trade_price": 2164.5, "trade_val": 21645.0, "order_id": "1300000016885403"}, {"date": "03/03/2021", "time": "02:37 PM", "segment": "NSE_CASH", "symbol": "RELIANCE", "type": "BUY", "qty": 40.0, "trade_price": 2164.8, "trade_val": 86592.0, "order_id": "1300000016885403"}, {"date": "03/03/2021", "time": "01:13 PM", "segment": "NSE_CASH", "symbol": "ATGL", "type": "SELL", "qty": 20.0, "trade_price": 689.15, "trade_val": 13783.0, "order_id": "1000000014970298"}, {"date": "03/03/2021", "time": "01:06 PM", "segment": "NSE_CASH", "symbol": "ATGL", "type": "BUY", "qty": 20.0, "trade_price": 676.2, "trade_val": 13524.0, "order_id": "1000000012960797"}, {"date": "03/03/2021", "time": "11:58 AM", "segment": "NSE_CASH", "symbol": "GSPL", "type": "SELL", "qty": 10.0, "trade_price": 286.2, "trade_val": 2862.0, "order_id": "1100000007470304"}, {"date": "02/03/2021", "time": "02:53 PM", "segment": "NSE_CASH", "symbol": "JUSTDIAL", "type": "BUY", "qty": 5.0, "trade_price": 934.55, "trade_val": 4672.75, "order_id": "1200000016783392"}, {"date": "02/03/2021", "time": "02:53 PM", "segment": "NSE_CASH", "symbol": "JUSTDIAL", "type": "BUY", "qty": 1.0, "trade_price": 934.6, "trade_val": 934.6, "order_id": "1200000016783392"}, {"date": "02/03/2021", "time": "02:52 PM", "segment": "NSE_CASH", "symbol": "M&M", "type": "BUY", "qty": 10.0, "trade_price": 860.9, "trade_val": 8609.0, "order_id": "1200000017101340"}, {"date": "02/03/2021", "time": "12:37 PM", "segment": "NSE_CASH", "symbol": "NAVINFLUOR", "type": "SELL", "qty": 50.0, "trade_price": 2780.45, "trade_val": 139022.5, "order_id": "1200000011279255"}, {"date": "02/03/2021", "time": "12:24 PM", "segment": "NSE_CASH", "symbol": "NAVINFLUOR", "type": "BUY", "qty": 50.0, "trade_price": 2780.0, "trade_val": 139000.0, "order_id": "1200000011232441"}, {"date": "02/03/2021", "time": "03:02 PM", "segment": "NSE_CASH", "symbol": "M&M", "type": "SELL", "qty": 10.0, "trade_price": 858.5, "trade_val": 8585.0, "order_id": "1200000017197868"}, {"date": "02/03/2021", "time": "03:00 PM", "segment": "NSE_CASH", "symbol": "JUSTDIAL", "type": "SELL", "qty": 5.0, "trade_price": 950.05, "trade_val": 4750.25, "order_id": "1200000017245100"}, {"date": "02/03/2021", "time": "03:00 PM", "segment": "NSE_CASH", "symbol": "JUSTDIAL", "type": "SELL", "qty": 45.0, "trade_price": 950.0, "trade_val": 42750.0, "order_id": "1200000017245100"}, {"date": "02/03/2021", "time": "02:53 PM", "segment": "NSE_CASH", "symbol": "JUSTDIAL", "type": "BUY", "qty": 32.0, "trade_price": 934.6, "trade_val": 29907.2, "order_id": "1200000016783392"}, {"date": "02/03/2021", "time": "02:53 PM", "segment": "NSE_CASH", "symbol": "JUSTDIAL", "type": "BUY", "qty": 9.0, "trade_price": 934.55, "trade_val": 8410.95, "order_id": "1200000016783392"}, {"date": "02/03/2021", "time": "02:53 PM", "segment": "NSE_CASH", "symbol": "JUSTDIAL", "type": "BUY", "qty": 3.0, "trade_price": 934.6, "trade_val": 2803.8, "order_id": "1200000016783392"}, {"date": "01/03/2021", "time": "01:47 PM", "segment": "NSE_CASH", "symbol": "IRCTC", "type": "SELL", "qty": 10.0, "trade_price": 1883.55, "trade_val": 18835.5, "order_id": "1100000013470375"}, {"date": "01/03/2021", "time": "09:44 AM", "segment": "NSE_CASH", "symbol": "JAGRAN", "type": "BUY", "qty": 200.0, "trade_price": 62.7, "trade_val": 12540.0, "order_id": "1200000002690185"}, {"date": "01/03/2021", "time": "09:28 AM", "segment": "NSE_CASH", "symbol": "JAGRAN", "type": "SELL", "qty": 200.0, "trade_price": 62.8, "trade_val": 12560.0, "order_id": "1200000001641904"}, {"date": "01/03/2021", "time": "09:20 AM", "segment": "NSE_CASH", "symbol": "ABFRL", "type": "SELL", "qty": 100.0, "trade_price": 185.95, "trade_val": 18595.0, "order_id": "1000000001086972"}, {"date": "01/03/2021", "time": "09:19 AM", "segment": "NSE_CASH", "symbol": "ABFRL", "type": "BUY", "qty": 100.0, "trade_price": 185.75, "trade_val": 18575.0, "order_id": "1000000000699327"}, {"date": "01/03/2021", "time": "02:00 PM", "segment": "NSE_CASH", "symbol": "IRCTC", "type": "BUY", "qty": 9.0, "trade_price": 1878.55, "trade_val": 16906.95, "order_id": "1100000013865095"}, {"date": "01/03/2021", "time": "01:57 PM", "segment": "NSE_CASH", "symbol": "IRCTC", "type": "SELL", "qty": 9.0, "trade_price": 1873.0, "trade_val": 16857.0, "order_id": "1100000013827915"}, {"date": "01/03/2021", "time": "12:52 PM", "segment": "NSE_CASH", "symbol": "IRCTC", "type": "BUY", "qty": 10.0, "trade_price": 1827.95, "trade_val": 18279.5, "order_id": "1100000011476321"}], "total_res": 78.0}, "status_code": 200, "code": 200}