{"s": "ok", "message": "Success", "data": {"COLUMNS": [{"date": "Date", "time": "Time", "segment": "Segment", "symbol": "Symbol", "type": "Trade Type", "qty": "Quantity", "trade_price": "Trade Price (\u20b9)", "trade_val": "Trade Value  (\u20b9)", "order_id": "Order id"}], "DATA": [{"date": "26/02/2021", "time": "02:38 PM", "segment": "NSE_CASH", "symbol": "RAILTEL", "type": "BUY", "qty": 1.0, "trade_price": 124.25, "trade_val": 124.25, "order_id": "1300000022741089"}, {"date": "26/02/2021", "time": "03:14 PM", "segment": "NSE_CASH", "symbol": "RAILTEL", "type": "SELL", "qty": 105.0, "trade_price": 123.15, "trade_val": 12930.75, "order_id": "1300000025804614"}, {"date": "26/02/2021", "time": "10:01 AM", "segment": "NSE_CASH", "symbol": "SUNPHARMA", "type": "BUY", "qty": 50.0, "trade_price": 616.4, "trade_val": 30820.0, "order_id": "1300000005203967"}, {"date": "26/02/2021", "time": "10:35 AM", "segment": "NSE_CASH", "symbol": "SUNPHARMA", "type": "SELL", "qty": 50.0, "trade_price": 617.05, "trade_val": 30852.5, "order_id": "1300000006457639"}, {"date": "26/02/2021", "time": "01:39 PM", "segment": "NSE_CASH", "symbol": "RAILTEL", "type": "BUY", "qty": 21.0, "trade_price": 125.0, "trade_val": 2625.0, "order_id": "1300000019742837"}, {"date": "26/02/2021", "time": "01:39 PM", "segment": "NSE_CASH", "symbol": "RAILTEL", "type": "BUY", "qty": 4.0, "trade_price": 125.0, "trade_val": 500.0, "order_id": "1300000019742837"}, {"date": "26/02/2021", "time": "01:43 PM", "segment": "NSE_CASH", "symbol": "RAILTEL", "type": "BUY", "qty": 10.0, "trade_price": 121.5, "trade_val": 1215.0, "order_id": "1300000019962261"}, {"date": "26/02/2021", "time": "02:25 PM", "segment": "NSE_CASH", "symbol": "RAILTEL", "type": "BUY", "qty": 20.0, "trade_price": 122.85, "trade_val": 2457.0, "order_id": "1300000022523066"}, {"date": "26/02/2021", "time": "02:38 PM", "segment": "NSE_CASH", "symbol": "RAILTEL", "type": "BUY", "qty": 49.0, "trade_price": 124.3, "trade_val": 6090.7, "order_id": "1300000022741089"}, {"date": "25/02/2021", "time": "02:22 PM", "segment": "NSE_CASH", "symbol": "HAVELLS", "type": "SELL", "qty": 50.0, "trade_price": 1171.0, "trade_val": 58550.0, "order_id": "1100000005112063"}, {"date": "25/02/2021", "time": "09:23 AM", "segment": "NSE_CASH", "symbol": "HAVELLS", "type": "BUY", "qty": 50.0, "trade_price": 1178.1, "trade_val": 58905.0, "order_id": "1100000001308156"}, {"date": "24/02/2021", "time": "09:25 AM", "segment": "NSE_CASH", "symbol": "JUBLFOOD", "type": "BUY", "qty": 8.0, "trade_price": 3120.0, "trade_val": 24960.0, "order_id": "1200000001206947"}, {"date": "24/02/2021", "time": "09:27 AM", "segment": "NSE_CASH", "symbol": "JUBLFOOD", "type": "SELL", "qty": 3.0, "trade_price": 3105.05, "trade_val": 9315.15, "order_id": "1200000001355042"}, {"date": "24/02/2021", "time": "09:27 AM", "segment": "NSE_CASH", "symbol": "JUBLFOOD", "type": "SELL", "qty": 5.0, "trade_price": 3105.05, "trade_val": 15525.25, "order_id": "1200000001355042"}, {"date": "24/02/2021", "time": "09:54 AM", "segment": "NSE_CASH", "symbol": "JUBLFOOD", "type": "SELL", "qty": 1.0, "trade_price": 3102.25, "trade_val": 3102.25, "order_id": "1200000003028795"}, {"date": "24/02/2021", "time": "10:43 AM", "segment": "NSE_CASH", "symbol": "JUBLFOOD", "type": "SELL", "qty": 1.0, "trade_price": 3093.0, "trade_val": 3093.0, "order_id": "1200000004511847"}, {"date": "24/02/2021", "time": "11:01 AM", "segment": "NSE_CASH", "symbol": "JUBLFOOD", "type": "BUY", "qty": 1.0, "trade_price": 3098.65, "trade_val": 3098.65, "order_id": "1200000005866512"}, {"date": "24/02/2021", "time": "01:21 PM", "segment": "NSE_CASH", "symbol": "GAIL      ", "type": "BUY", "qty": 1.0, "trade_price": 144.6, "trade_val": 144.6, "order_id": "1614137400007505286"}, {"date": "24/02/2021", "time": "11:01 AM", "segment": "NSE_CASH", "symbol": "JUBLFOOD", "type": "BUY", "qty": 1.0, "trade_price": 3098.65, "trade_val": 3098.65, "order_id": "1200000005866512"}, {"date": "24/02/2021", "time": "02:56 PM", "segment": "NSE_CASH", "symbol": "GAIL      ", "type": "SELL", "qty": 1.0, "trade_price": 145.55, "trade_val": 145.55, "order_id": "1614137400007651988"}, {"date": "23/02/2021", "time": "09:44 AM", "segment": "NSE_CASH", "symbol": "ADANIGREEN", "type": "BUY", "qty": 5.0, "trade_price": 1198.5, "trade_val": 5992.5, "order_id": "1000000003406125"}, {"date": "23/02/2021", "time": "12:38 PM", "segment": "NSE_CASH", "symbol": "TASTYBITE", "type": "SELL", "qty": 1.0, "trade_price": 15504.05, "trade_val": 15504.05, "order_id": "1300000012794816"}, {"date": "23/02/2021", "time": "12:37 PM", "segment": "NSE_CASH", "symbol": "TASTYBITE", "type": "SELL", "qty": 1.0, "trade_price": 15752.0, "trade_val": 15752.0, "order_id": "1300000010845472"}, {"date": "23/02/2021", "time": "11:52 AM", "segment": "NSE_CASH", "symbol": "TASTYBITE", "type": "BUY", "qty": 1.0, "trade_price": 15720.75, "trade_val": 15720.75, "order_id": "1300000010873761"}, {"date": "23/02/2021", "time": "11:49 AM", "segment": "NSE_CASH", "symbol": "TASTYBITE", "type": "BUY", "qty": 1.0, "trade_price": 15723.95, "trade_val": 15723.95, "order_id": "1300000010675965"}, {"date": "23/02/2021", "time": "09:52 AM", "segment": "NSE_CASH", "symbol": "GODREJPROP", "type": "SELL", "qty": 10.0, "trade_price": 1485.15, "trade_val": 14851.5, "order_id": "1100000002335544"}, {"date": "23/02/2021", "time": "09:37 AM", "segment": "NSE_CASH", "symbol": "ADANIGREEN", "type": "SELL", "qty": 5.0, "trade_price": 1198.5, "trade_val": 5992.5, "order_id": "1000000002784347"}, {"date": "23/02/2021", "time": "09:30 AM", "segment": "NSE_CASH", "symbol": "GODREJPROP", "type": "BUY", "qty": 10.0, "trade_price": 1475.0, "trade_val": 14750.0, "order_id": "1100000001822448"}, {"date": "22/02/2021", "time": "10:08 AM", "segment": "NSE_CASH", "symbol": "EICHERMOT", "type": "SELL", "qty": 10.0, "trade_price": 2547.65, "trade_val": 25476.5, "order_id": "1100000004759544"}, {"date": "22/02/2021", "time": "09:29 AM", "segment": "NSE_CASH", "symbol": "EICHERMOT", "type": "BUY", "qty": 1.0, "trade_price": 2544.85, "trade_val": 2544.85, "order_id": "1100000001945431"}, {"date": "22/02/2021", "time": "09:29 AM", "segment": "NSE_CASH", "symbol": "EICHERMOT", "type": "BUY", "qty": 1.0, "trade_price": 2544.8, "trade_val": 2544.8, "order_id": "1100000001945431"}, {"date": "22/02/2021", "time": "09:29 AM", "segment": "NSE_CASH", "symbol": "EICHERMOT", "type": "BUY", "qty": 1.0, "trade_price": 2544.95, "trade_val": 2544.95, "order_id": "1100000001945431"}, {"date": "22/02/2021", "time": "09:29 AM", "segment": "NSE_CASH", "symbol": "EICHERMOT", "type": "BUY", "qty": 5.0, "trade_price": 2544.9, "trade_val": 12724.5, "order_id": "1100000001945431"}, {"date": "22/02/2021", "time": "09:29 AM", "segment": "NSE_CASH", "symbol": "EICHERMOT", "type": "BUY", "qty": 1.0, "trade_price": 2544.85, "trade_val": 2544.85, "order_id": "1100000001945431"}, {"date": "22/02/2021", "time": "09:29 AM", "segment": "NSE_CASH", "symbol": "EICHERMOT", "type": "BUY", "qty": 1.0, "trade_price": 2545.0, "trade_val": 2545.0, "order_id": "1100000001945431"}, {"date": "22/02/2021", "time": "11:02 AM", "segment": "NSE_CASH", "symbol": "VEDL", "type": "SELL", "qty": 100.0, "trade_price": 204.25, "trade_val": 20425.0, "order_id": "1300000007923117"}, {"date": "22/02/2021", "time": "10:51 AM", "segment": "NSE_CASH", "symbol": "VEDL", "type": "BUY", "qty": 100.0, "trade_price": 203.6, "trade_val": 20360.0, "order_id": "1300000007182336"}, {"date": "19/02/2021", "time": "11:49 AM", "segment": "NSE_CASH", "symbol": "NTPC", "type": "SELL", "qty": 83.0, "trade_price": 104.35, "trade_val": 8661.05, "order_id": "1200000007420698"}, {"date": "19/02/2021", "time": "11:49 AM", "segment": "NSE_CASH", "symbol": "NTPC", "type": "SELL", "qty": 407.0, "trade_price": 104.35, "trade_val": 42470.45, "order_id": "1200000007420698"}, {"date": "19/02/2021", "time": "11:49 AM", "segment": "NSE_CASH", "symbol": "NTPC", "type": "SELL", "qty": 10.0, "trade_price": 104.35, "trade_val": 1043.5, "order_id": "1200000007420698"}, {"date": "19/02/2021", "time": "11:14 AM", "segment": "NSE_CASH", "symbol": "NTPC", "type": "BUY", "qty": 1.0, "trade_price": 104.25, "trade_val": 104.25, "order_id": "1200000007330897"}, {"date": "19/02/2021", "time": "11:14 AM", "segment": "NSE_CASH", "symbol": "NTPC", "type": "BUY", "qty": 10.0, "trade_price": 104.25, "trade_val": 1042.5, "order_id": "1200000007330897"}, {"date": "19/02/2021", "time": "11:14 AM", "segment": "NSE_CASH", "symbol": "NTPC", "type": "BUY", "qty": 23.0, "trade_price": 104.25, "trade_val": 2397.75, "order_id": "1200000007330897"}, {"date": "19/02/2021", "time": "11:14 AM", "segment": "NSE_CASH", "symbol": "NTPC", "type": "BUY", "qty": 100.0, "trade_price": 104.25, "trade_val": 10425.0, "order_id": "1200000007330897"}, {"date": "19/02/2021", "time": "11:14 AM", "segment": "NSE_CASH", "symbol": "NTPC", "type": "BUY", "qty": 2.0, "trade_price": 104.25, "trade_val": 208.5, "order_id": "1200000007330897"}, {"date": "19/02/2021", "time": "11:14 AM", "segment": "NSE_CASH", "symbol": "NTPC", "type": "BUY", "qty": 19.0, "trade_price": 104.25, "trade_val": 1980.75, "order_id": "1200000007330897"}, {"date": "19/02/2021", "time": "11:14 AM", "segment": "NSE_CASH", "symbol": "NTPC", "type": "BUY", "qty": 345.0, "trade_price": 104.25, "trade_val": 35966.25, "order_id": "1200000007330897"}, {"date": "19/02/2021", "time": "10:00 AM", "segment": "NSE_CASH", "symbol": "LUPIN", "type": "SELL", "qty": 50.0, "trade_price": 1044.4, "trade_val": 52220.0, "order_id": "1200000003977113"}, {"date": "19/02/2021", "time": "09:57 AM", "segment": "NSE_CASH", "symbol": "LUPIN", "type": "BUY", "qty": 45.0, "trade_price": 1049.2, "trade_val": 47214.0, "order_id": "1200000003898278"}, {"date": "19/02/2021", "time": "09:57 AM", "segment": "NSE_CASH", "symbol": "LUPIN", "type": "BUY", "qty": 5.0, "trade_price": 1049.2, "trade_val": 5246.0, "order_id": "1200000003898278"}, {"date": "19/02/2021", "time": "02:21 PM", "segment": "NSE_CASH", "symbol": "GICRE", "type": "SELL", "qty": 100.0, "trade_price": 205.05, "trade_val": 20505.0, "order_id": "1100000015512595"}, {"date": "19/02/2021", "time": "02:19 PM", "segment": "NSE_CASH", "symbol": "GICRE", "type": "BUY", "qty": 22.0, "trade_price": 198.85, "trade_val": 4374.7, "order_id": "1100000015398061"}, {"date": "19/02/2021", "time": "02:19 PM", "segment": "NSE_CASH", "symbol": "GICRE", "type": "BUY", "qty": 78.0, "trade_price": 198.9, "trade_val": 15514.2, "order_id": "1100000015398061"}, {"date": "19/02/2021", "time": "02:06 PM", "segment": "NSE_CASH", "symbol": "NTPC", "type": "SELL", "qty": 388.0, "trade_price": 104.0, "trade_val": 40352.0, "order_id": "1200000012853955"}, {"date": "19/02/2021", "time": "02:06 PM", "segment": "NSE_CASH", "symbol": "NTPC", "type": "SELL", "qty": 412.0, "trade_price": 104.0, "trade_val": 42848.0, "order_id": "1200000012853955"}, {"date": "19/02/2021", "time": "01:49 PM", "segment": "NSE_CASH", "symbol": "NTPC", "type": "BUY", "qty": 501.0, "trade_price": 105.2, "trade_val": 52705.2, "order_id": "1200000012256597"}, {"date": "19/02/2021", "time": "01:49 PM", "segment": "NSE_CASH", "symbol": "NTPC", "type": "BUY", "qty": 100.0, "trade_price": 105.2, "trade_val": 10520.0, "order_id": "1200000012256597"}, {"date": "19/02/2021", "time": "01:49 PM", "segment": "NSE_CASH", "symbol": "NTPC", "type": "BUY", "qty": 199.0, "trade_price": 105.2, "trade_val": 20934.8, "order_id": "1200000012256597"}, {"date": "18/02/2021", "time": "09:21 AM", "segment": "NSE_CASH", "symbol": "GLAND", "type": "SELL", "qty": 5.0, "trade_price": 2306.0, "trade_val": 11530.0, "order_id": "1100000000708229"}, {"date": "18/02/2021", "time": "03:10 PM", "segment": "NSE_CASH", "symbol": "IGL", "type": "SELL", "qty": 25.0, "trade_price": 568.0, "trade_val": 14200.0, "order_id": "1100000014841592"}, {"date": "18/02/2021", "time": "02:58 PM", "segment": "NSE_CASH", "symbol": "DEEPAKNTR", "type": "SELL", "qty": 10.0, "trade_price": 1295.3, "trade_val": 12953.0, "order_id": "1000000014228441"}, {"date": "18/02/2021", "time": "02:58 PM", "segment": "NSE_CASH", "symbol": "DEEPAKNTR", "type": "SELL", "qty": 10.0, "trade_price": 1295.3, "trade_val": 12953.0, "order_id": "1000000014228441"}, {"date": "18/02/2021", "time": "02:58 PM", "segment": "NSE_CASH", "symbol": "DEEPAKNTR", "type": "SELL", "qty": 5.0, "trade_price": 1295.3, "trade_val": 6476.5, "order_id": "1000000014228441"}, {"date": "18/02/2021", "time": "02:12 PM", "segment": "NSE_CASH", "symbol": "IGL", "type": "BUY", "qty": 25.0, "trade_price": 571.35, "trade_val": 14283.75, "order_id": "1100000014193380"}, {"date": "18/02/2021", "time": "01:33 PM", "segment": "NSE_CASH", "symbol": "DEEPAKNTR", "type": "BUY", "qty": 25.0, "trade_price": 1304.1, "trade_val": 32602.5, "order_id": "1000000012591980"}, {"date": "18/02/2021", "time": "12:24 PM", "segment": "NSE_CASH", "symbol": "TATASTEEL", "type": "SELL", "qty": 100.0, "trade_price": 701.75, "trade_val": 70175.0, "order_id": "1300000007701861"}, {"date": "18/02/2021", "time": "11:01 AM", "segment": "NSE_CASH", "symbol": "TATASTEEL", "type": "BUY", "qty": 2.0, "trade_price": 702.85, "trade_val": 1405.7, "order_id": "1300000006553183"}, {"date": "18/02/2021", "time": "11:01 AM", "segment": "NSE_CASH", "symbol": "TATASTEEL", "type": "BUY", "qty": 70.0, "trade_price": 702.85, "trade_val": 49199.5, "order_id": "1300000006553183"}, {"date": "18/02/2021", "time": "11:01 AM", "segment": "NSE_CASH", "symbol": "TATASTEEL", "type": "BUY", "qty": 28.0, "trade_price": 702.85, "trade_val": 19679.8, "order_id": "1300000006553183"}, {"date": "18/02/2021", "time": "10:49 AM", "segment": "NSE_CASH", "symbol": "MGL", "type": "SELL", "qty": 4.0, "trade_price": 1221.55, "trade_val": 4886.2, "order_id": "1200000005546366"}, {"date": "18/02/2021", "time": "10:49 AM", "segment": "NSE_CASH", "symbol": "MGL", "type": "SELL", "qty": 46.0, "trade_price": 1221.55, "trade_val": 56191.3, "order_id": "1200000005546366"}, {"date": "18/02/2021", "time": "10:39 AM", "segment": "NSE_CASH", "symbol": "MGL", "type": "BUY", "qty": 50.0, "trade_price": 1228.45, "trade_val": 61422.5, "order_id": "1200000005465336"}, {"date": "18/02/2021", "time": "09:32 AM", "segment": "NSE_CASH", "symbol": "GLAND", "type": "BUY", "qty": 2.0, "trade_price": 2351.35, "trade_val": 4702.7, "order_id": "1100000001500390"}, {"date": "18/02/2021", "time": "09:32 AM", "segment": "NSE_CASH", "symbol": "GLAND", "type": "BUY", "qty": 8.0, "trade_price": 2351.35, "trade_val": 18810.8, "order_id": "1100000001500390"}, {"date": "18/02/2021", "time": "09:21 AM", "segment": "NSE_CASH", "symbol": "GLAND", "type": "SELL", "qty": 5.0, "trade_price": 2306.0, "trade_val": 11530.0, "order_id": "1100000000708229"}, {"date": "17/02/2021", "time": "09:26 AM", "segment": "NSE_CASH", "symbol": "DEEPAKNTR", "type": "SELL", "qty": 10.0, "trade_price": 1315.0, "trade_val": 13150.0, "order_id": "1000000001891633"}, {"date": "17/02/2021", "time": "09:24 AM", "segment": "NSE_CASH", "symbol": "DEEPAKNTR", "type": "BUY", "qty": 5.0, "trade_price": 1312.0, "trade_val": 6560.0, "order_id": "1000000001815344"}, {"date": "17/02/2021", "time": "09:24 AM", "segment": "NSE_CASH", "symbol": "DEEPAKNTR", "type": "BUY", "qty": 5.0, "trade_price": 1312.0, "trade_val": 6560.0, "order_id": "1000000001815344"}, {"date": "16/02/2021", "time": "01:57 PM", "segment": "NSE_CASH", "symbol": "ATGL", "type": "SELL", "qty": 21.0, "trade_price": 486.8, "trade_val": 10222.8, "order_id": "1000000011338236"}, {"date": "16/02/2021", "time": "01:57 PM", "segment": "NSE_CASH", "symbol": "ATGL", "type": "SELL", "qty": 5.0, "trade_price": 486.8, "trade_val": 2434.0, "order_id": "1000000011338236"}, {"date": "16/02/2021", "time": "01:57 PM", "segment": "NSE_CASH", "symbol": "ATGL", "type": "SELL", "qty": 64.0, "trade_price": 486.8, "trade_val": 31155.2, "order_id": "1000000011338236"}, {"date": "16/02/2021", "time": "11:29 AM", "segment": "NSE_CASH", "symbol": "ATGL", "type": "BUY", "qty": 90.0, "trade_price": 485.85, "trade_val": 43726.5, "order_id": "1000000009239677"}, {"date": "15/02/2021", "time": "03:07 PM", "segment": "NSE_CASH", "symbol": "APOLLOHOSP", "type": "SELL", "qty": 12.0, "trade_price": 3098.05, "trade_val": 37176.6, "order_id": "1000000011337717"}, {"date": "15/02/2021", "time": "12:09 PM", "segment": "NSE_CASH", "symbol": "APOLLOHOSP", "type": "BUY", "qty": 8.0, "trade_price": 3018.25, "trade_val": 24146.0, "order_id": "1000000011227715"}, {"date": "15/02/2021", "time": "12:09 PM", "segment": "NSE_CASH", "symbol": "APOLLOHOSP", "type": "BUY", "qty": 4.0, "trade_price": 3017.55, "trade_val": 12070.2, "order_id": "1000000011227715"}, {"date": "10/02/2021", "time": "09:26 AM", "segment": "NSE_CASH", "symbol": "BERGEPAINT", "type": "BUY", "qty": 40.0, "trade_price": 778.9, "trade_val": 31156.0, "order_id": "1000000001732529"}, {"date": "10/02/2021", "time": "03:16 PM", "segment": "NSE_CASH", "symbol": "TATACOFFEE", "type": "SELL", "qty": 150.0, "trade_price": 107.7, "trade_val": 16155.0, "order_id": "1300000018814773"}, {"date": "10/02/2021", "time": "03:16 PM", "segment": "NSE_CASH", "symbol": "TATACOFFEE", "type": "SELL", "qty": 52.0, "trade_price": 107.8, "trade_val": 5605.6, "order_id": "1300000018814773"}, {"date": "10/02/2021", "time": "03:16 PM", "segment": "NSE_CASH", "symbol": "TATACOFFEE", "type": "SELL", "qty": 10.0, "trade_price": 107.7, "trade_val": 1077.0, "order_id": "1300000018814773"}, {"date": "10/02/2021", "time": "02:18 PM", "segment": "NSE_CASH", "symbol": "TATACOFFEE", "type": "BUY", "qty": 275.0, "trade_price": 108.15, "trade_val": 29741.25, "order_id": "1300000013308656"}, {"date": "10/02/2021", "time": "10:26 AM", "segment": "NSE_CASH", "symbol": "AFFLE", "type": "SELL", "qty": 1.0, "trade_price": 4447.1, "trade_val": 4447.1, "order_id": "1000000007372351"}, {"date": "10/02/2021", "time": "10:25 AM", "segment": "NSE_CASH", "symbol": "AFFLE", "type": "BUY", "qty": 1.0, "trade_price": 4465.0, "trade_val": 4465.0, "order_id": "1000000007266872"}, {"date": "10/02/2021", "time": "09:41 AM", "segment": "NSE_CASH", "symbol": "INFY", "type": "SELL", "qty": 4.0, "trade_price": 1299.35, "trade_val": 5197.4, "order_id": "1100000002523180"}, {"date": "10/02/2021", "time": "09:41 AM", "segment": "NSE_CASH", "symbol": "INFY", "type": "SELL", "qty": 27.0, "trade_price": 1299.4, "trade_val": 35083.8, "order_id": "1100000002523180"}, {"date": "10/02/2021", "time": "09:34 AM", "segment": "NSE_CASH", "symbol": "INFY", "type": "BUY", "qty": 31.0, "trade_price": 1301.65, "trade_val": 40351.15, "order_id": "1100000002465164"}, {"date": "10/02/2021", "time": "09:30 AM", "segment": "NSE_CASH", "symbol": "BERGEPAINT", "type": "SELL", "qty": 40.0, "trade_price": 773.45, "trade_val": 30938.0, "order_id": "1000000002409376"}, {"date": "10/02/2021", "time": "03:16 PM", "segment": "NSE_CASH", "symbol": "TATACOFFEE", "type": "SELL", "qty": 63.0, "trade_price": 107.7, "trade_val": 6785.1, "order_id": "1300000018814773"}, {"date": "09/02/2021", "time": "02:57 PM", "segment": "NSE_CASH", "symbol": "GUJGASLTD", "type": "SELL", "qty": 15.0, "trade_price": 460.15, "trade_val": 6902.25, "order_id": "1100000010111911"}, {"date": "09/02/2021", "time": "02:57 PM", "segment": "NSE_CASH", "symbol": "GUJGASLTD", "type": "SELL", "qty": 10.0, "trade_price": 460.2, "trade_val": 4602.0, "order_id": "1100000010111911"}, {"date": "09/02/2021", "time": "01:51 PM", "segment": "NSE_CASH", "symbol": "GODREJCP", "type": "BUY", "qty": 10.0, "trade_price": 744.8, "trade_val": 7448.0, "order_id": "1100000013087008"}, {"date": "09/02/2021", "time": "12:14 PM", "segment": "NSE_CASH", "symbol": "GUJGASLTD", "type": "BUY", "qty": 25.0, "trade_price": 457.35, "trade_val": 11433.75, "order_id": "1100000004886884"}, {"date": "09/02/2021", "time": "11:22 AM", "segment": "NSE_CASH", "symbol": "CIPLA", "type": "SELL", "qty": 16.0, "trade_price": 853.05, "trade_val": 13648.8, "order_id": "1000000008987168"}, {"date": "09/02/2021", "time": "11:22 AM", "segment": "NSE_CASH", "symbol": "CIPLA", "type": "SELL", "qty": 34.0, "trade_price": 853.05, "trade_val": 29003.7, "order_id": "1000000008987168"}, {"date": "09/02/2021", "time": "10:46 AM", "segment": "NSE_CASH", "symbol": "CIPLA", "type": "BUY", "qty": 50.0, "trade_price": 853.9, "trade_val": 42695.0, "order_id": "1000000008033075"}, {"date": "09/02/2021", "time": "03:01 PM", "segment": "NSE_CASH", "symbol": "GODREJCP", "type": "SELL", "qty": 10.0, "trade_price": 743.55, "trade_val": 7435.5, "order_id": "1100000013138903"}, {"date": "08/02/2021", "time": "03:16 PM", "segment": "NSE_CASH", "symbol": "ADANIPORTS", "type": "SELL", "qty": 1.0, "trade_price": 581.95, "trade_val": 581.95, "order_id": "1000000020278373"}, {"date": "08/02/2021", "time": "09:23 AM", "segment": "NSE_CASH", "symbol": "DIVISLAB", "type": "BUY", "qty": 1.0, "trade_price": 3805.8, "trade_val": 3805.8, "order_id": "1000000001404146"}, {"date": "08/02/2021", "time": "09:23 AM", "segment": "NSE_CASH", "symbol": "DIVISLAB", "type": "BUY", "qty": 10.0, "trade_price": 3806.9, "trade_val": 38069.0, "order_id": "1000000001404146"}, {"date": "08/02/2021", "time": "09:23 AM", "segment": "NSE_CASH", "symbol": "DIVISLAB", "type": "BUY", "qty": 1.0, "trade_price": 3805.05, "trade_val": 3805.05, "order_id": "1000000001404146"}, {"date": "08/02/2021", "time": "09:23 AM", "segment": "NSE_CASH", "symbol": "DIVISLAB", "type": "BUY", "qty": 1.0, "trade_price": 3805.7, "trade_val": 3805.7, "order_id": "1000000001404146"}, {"date": "08/02/2021", "time": "09:23 AM", "segment": "NSE_CASH", "symbol": "DIVISLAB", "type": "BUY", "qty": 10.0, "trade_price": 3806.0, "trade_val": 38060.0, "order_id": "1000000001404146"}, {"date": "08/02/2021", "time": "09:23 AM", "segment": "NSE_CASH", "symbol": "DIVISLAB", "type": "BUY", "qty": 2.0, "trade_price": 3805.0, "trade_val": 7610.0, "order_id": "1000000001404146"}, {"date": "08/02/2021", "time": "09:32 AM", "segment": "NSE_CASH", "symbol": "LUPIN", "type": "BUY", "qty": 1.0, "trade_price": 1070.7, "trade_val": 1070.7, "order_id": "1200000001888389"}, {"date": "08/02/2021", "time": "09:34 AM", "segment": "NSE_CASH", "symbol": "DIVISLAB", "type": "SELL", "qty": 18.0, "trade_price": 3741.05, "trade_val": 67338.9, "order_id": "1000000002306092"}, {"date": "08/02/2021", "time": "09:34 AM", "segment": "NSE_CASH", "symbol": "DIVISLAB", "type": "SELL", "qty": 7.0, "trade_price": 3741.05, "trade_val": 26187.35, "order_id": "1000000002306092"}, {"date": "08/02/2021", "time": "10:23 AM", "segment": "NSE_CASH", "symbol": "NTPC", "type": "BUY", "qty": 100.0, "trade_price": 99.05, "trade_val": 9905.0, "order_id": "1200000005126632"}, {"date": "08/02/2021", "time": "10:31 AM", "segment": "NSE_CASH", "symbol": "NTPC", "type": "SELL", "qty": 100.0, "trade_price": 98.55, "trade_val": 9855.0, "order_id": "1200000005698402"}, {"date": "08/02/2021", "time": "10:38 AM", "segment": "NSE_CASH", "symbol": "LUPIN", "type": "SELL", "qty": 1.0, "trade_price": 1071.75, "trade_val": 1071.75, "order_id": "1200000002650966"}, {"date": "08/02/2021", "time": "10:45 AM", "segment": "NSE_CASH", "symbol": "JKTYRE", "type": "BUY", "qty": 100.0, "trade_price": 134.6, "trade_val": 13460.0, "order_id": "1200000005717851"}, {"date": "08/02/2021", "time": "11:21 AM", "segment": "NSE_CASH", "symbol": "ADANIPORTS", "type": "BUY", "qty": 5.0, "trade_price": 579.8, "trade_val": 2899.0, "order_id": "1000000009755404"}, {"date": "08/02/2021", "time": "11:29 AM", "segment": "NSE_CASH", "symbol": "JKTYRE", "type": "SELL", "qty": 50.0, "trade_price": 133.5, "trade_val": 6675.0, "order_id": "1200000007744363"}, {"date": "08/02/2021", "time": "11:29 AM", "segment": "NSE_CASH", "symbol": "JKTYRE", "type": "SELL", "qty": 2.0, "trade_price": 133.5, "trade_val": 267.0, "order_id": "1200000007744363"}, {"date": "08/02/2021", "time": "11:29 AM", "segment": "NSE_CASH", "symbol": "JKTYRE", "type": "SELL", "qty": 28.0, "trade_price": 133.5, "trade_val": 3738.0, "order_id": "1200000007744363"}, {"date": "08/02/2021", "time": "11:29 AM", "segment": "NSE_CASH", "symbol": "JKTYRE", "type": "SELL", "qty": 20.0, "trade_price": 133.5, "trade_val": 2670.0, "order_id": "1200000007744363"}, {"date": "08/02/2021", "time": "12:35 PM", "segment": "NSE_CASH", "symbol": "NCC", "type": "BUY", "qty": 300.0, "trade_price": 90.4, "trade_val": 27120.0, "order_id": "1200000006894829"}, {"date": "08/02/2021", "time": "02:00 PM", "segment": "NSE_CASH", "symbol": "NCC", "type": "SELL", "qty": 300.0, "trade_price": 97.35, "trade_val": 29205.0, "order_id": "1200000010647273"}, {"date": "08/02/2021", "time": "02:05 PM", "segment": "NSE_CASH", "symbol": "ADANIPORTS", "type": "SELL", "qty": 1.0, "trade_price": 580.5, "trade_val": 580.5, "order_id": "1000000011447945"}, {"date": "08/02/2021", "time": "03:16 PM", "segment": "NSE_CASH", "symbol": "ADANIPORTS", "type": "SELL", "qty": 3.0, "trade_price": 581.95, "trade_val": 1745.85, "order_id": "1000000020278373"}, {"date": "05/02/2021", "time": "09:29 AM", "segment": "NSE_CASH", "symbol": "CUMMINSIND", "type": "BUY", "qty": 10.0, "trade_price": 789.9, "trade_val": 7899.0, "order_id": "1000000002370417"}, {"date": "05/02/2021", "time": "02:56 PM", "segment": "NSE_CASH", "symbol": "VEDL", "type": "SELL", "qty": 70.0, "trade_price": 174.7, "trade_val": 12229.0, "order_id": "1300000018522788"}, {"date": "05/02/2021", "time": "02:30 PM", "segment": "NSE_CASH", "symbol": "JSWSTEEL", "type": "SELL", "qty": 1.0, "trade_price": 403.5, "trade_val": 403.5, "order_id": "1200000016951425"}, {"date": "05/02/2021", "time": "02:15 PM", "segment": "NSE_CASH", "symbol": "JSWSTEEL", "type": "BUY", "qty": 1.0, "trade_price": 402.75, "trade_val": 402.75, "order_id": "1200000014605619"}, {"date": "05/02/2021", "time": "01:38 PM", "segment": "NSE_CASH", "symbol": "VEDL", "type": "BUY", "qty": 29.0, "trade_price": 173.55, "trade_val": 5032.95, "order_id": "1300000018123556"}, {"date": "05/02/2021", "time": "01:38 PM", "segment": "NSE_CASH", "symbol": "VEDL", "type": "BUY", "qty": 41.0, "trade_price": 173.55, "trade_val": 7115.55, "order_id": "1300000018123556"}, {"date": "05/02/2021", "time": "01:02 PM", "segment": "NSE_CASH", "symbol": "LUPIN", "type": "SELL", "qty": 10.0, "trade_price": 1054.0, "trade_val": 10540.0, "order_id": "1200000009818061"}, {"date": "05/02/2021", "time": "12:31 PM", "segment": "NSE_CASH", "symbol": "GODREJPROP", "type": "SELL", "qty": 1.0, "trade_price": 1403.05, "trade_val": 1403.05, "order_id": "1100000013602103"}, {"date": "05/02/2021", "time": "12:31 PM", "segment": "NSE_CASH", "symbol": "GODREJPROP", "type": "SELL", "qty": 9.0, "trade_price": 1402.2, "trade_val": 12619.8, "order_id": "1100000013602103"}, {"date": "05/02/2021", "time": "11:41 AM", "segment": "NSE_CASH", "symbol": "HINDPETRO", "type": "SELL", "qty": 1.0, "trade_price": 228.4, "trade_val": 228.4, "order_id": "1100000012272265"}, {"date": "05/02/2021", "time": "11:40 AM", "segment": "NSE_CASH", "symbol": "LUPIN", "type": "BUY", "qty": 10.0, "trade_price": 1055.9, "trade_val": 10559.0, "order_id": "1200000007821106"}, {"date": "05/02/2021", "time": "11:21 AM", "segment": "NSE_CASH", "symbol": "GODREJPROP", "type": "BUY", "qty": 8.0, "trade_price": 1418.0, "trade_val": 11344.0, "order_id": "1100000010060414"}, {"date": "05/02/2021", "time": "11:21 AM", "segment": "NSE_CASH", "symbol": "GODREJPROP", "type": "BUY", "qty": 2.0, "trade_price": 1417.95, "trade_val": 2835.9, "order_id": "1100000010060414"}, {"date": "05/02/2021", "time": "11:17 AM", "segment": "NSE_CASH", "symbol": "HINDPETRO", "type": "BUY", "qty": 1.0, "trade_price": 229.55, "trade_val": 229.55, "order_id": "1100000011022466"}, {"date": "05/02/2021", "time": "10:57 AM", "segment": "NSE_CASH", "symbol": "LUPIN", "type": "SELL", "qty": 10.0, "trade_price": 1056.0, "trade_val": 10560.0, "order_id": "1200000006625525"}, {"date": "05/02/2021", "time": "10:55 AM", "segment": "NSE_CASH", "symbol": "HINDPETRO", "type": "SELL", "qty": 100.0, "trade_price": 228.45, "trade_val": 22845.0, "order_id": "1100000008459260"}, {"date": "05/02/2021", "time": "10:35 AM", "segment": "NSE_CASH", "symbol": "LUPIN", "type": "BUY", "qty": 10.0, "trade_price": 1052.0, "trade_val": 10520.0, "order_id": "1200000006417576"}, {"date": "05/02/2021", "time": "10:34 AM", "segment": "NSE_CASH", "symbol": "HINDPETRO", "type": "BUY", "qty": 100.0, "trade_price": 228.05, "trade_val": 22805.0, "order_id": "1100000008205340"}, {"date": "05/02/2021", "time": "10:01 AM", "segment": "NSE_CASH", "symbol": "ONGC", "type": "SELL", "qty": 10.0, "trade_price": 98.6, "trade_val": 986.0, "order_id": "1200000003915043"}, {"date": "05/02/2021", "time": "09:52 AM", "segment": "NSE_CASH", "symbol": "BSOFT", "type": "SELL", "qty": 10.0, "trade_price": 269.6, "trade_val": 2696.0, "order_id": "1200000002708374"}, {"date": "05/02/2021", "time": "09:49 AM", "segment": "NSE_CASH", "symbol": "NATIONALUM", "type": "SELL", "qty": 10.0, "trade_price": 51.05, "trade_val": 510.5, "order_id": "1200000003032095"}, {"date": "05/02/2021", "time": "09:48 AM", "segment": "NSE_CASH", "symbol": "CUMMINSIND", "type": "SELL", "qty": 10.0, "trade_price": 780.75, "trade_val": 7807.5, "order_id": "1000000003378060"}, {"date": "05/02/2021", "time": "09:44 AM", "segment": "NSE_CASH", "symbol": "ONGC", "type": "BUY", "qty": 10.0, "trade_price": 99.15, "trade_val": 991.5, "order_id": "1200000002923511"}, {"date": "05/02/2021", "time": "09:42 AM", "segment": "NSE_CASH", "symbol": "NATIONALUM", "type": "BUY", "qty": 10.0, "trade_price": 51.3, "trade_val": 513.0, "order_id": "1200000002609841"}, {"date": "05/02/2021", "time": "09:40 AM", "segment": "NSE_CASH", "symbol": "VOLTAS", "type": "SELL", "qty": 10.0, "trade_price": 1034.65, "trade_val": 10346.5, "order_id": "1300000002768482"}, {"date": "05/02/2021", "time": "09:36 AM", "segment": "NSE_CASH", "symbol": "BSOFT", "type": "BUY", "qty": 10.0, "trade_price": 271.8, "trade_val": 2718.0, "order_id": "1200000001619632"}, {"date": "05/02/2021", "time": "09:34 AM", "segment": "NSE_CASH", "symbol": "DIVISLAB", "type": "SELL", "qty": 10.0, "trade_price": 3714.0, "trade_val": 37140.0, "order_id": "1000000003143499"}, {"date": "05/02/2021", "time": "09:30 AM", "segment": "NSE_CASH", "symbol": "VOLTAS", "type": "BUY", "qty": 10.0, "trade_price": 1028.55, "trade_val": 10285.5, "order_id": "1300000002248141"}, {"date": "05/02/2021", "time": "09:30 AM", "segment": "NSE_CASH", "symbol": "DIVISLAB", "type": "BUY", "qty": 10.0, "trade_price": 3739.0, "trade_val": 37390.0, "order_id": "1000000002633499"}, {"date": "04/02/2021", "time": "10:16 AM", "segment": "NSE_CASH", "symbol": "CUMMINSIND", "type": "BUY", "qty": 10.0, "trade_price": 777.8, "trade_val": 7778.0, "order_id": "1000000007040517"}, {"date": "04/02/2021", "time": "03:16 PM", "segment": "NSE_CASH", "symbol": "GLENMARK", "type": "SELL", "qty": 10.0, "trade_price": 501.75, "trade_val": 5017.5, "order_id": "1100000019856834"}, {"date": "04/02/2021", "time": "03:16 PM", "segment": "NSE_CASH", "symbol": "TATAMOTORS", "type": "SELL", "qty": 10.0, "trade_price": 325.8, "trade_val": 3258.0, "order_id": "1300000018758563"}, {"date": "04/02/2021", "time": "03:16 PM", "segment": "NSE_CASH", "symbol": "IGL", "type": "SELL", "qty": 9.0, "trade_price": 544.75, "trade_val": 4902.75, "order_id": "1100000019856576"}, {"date": "04/02/2021", "time": "03:16 PM", "segment": "NSE_CASH", "symbol": "IGL", "type": "SELL", "qty": 1.0, "trade_price": 544.75, "trade_val": 544.75, "order_id": "1100000019856576"}, {"date": "04/02/2021", "time": "03:13 PM", "segment": "NSE_CASH", "symbol": "GLENMARK", "type": "BUY", "qty": 10.0, "trade_price": 502.3, "trade_val": 5023.0, "order_id": "1100000017868383"}, {"date": "04/02/2021", "time": "02:32 PM", "segment": "NSE_CASH", "symbol": "CIPLA", "type": "SELL", "qty": 10.0, "trade_price": 836.35, "trade_val": 8363.5, "order_id": "1000000017572321"}, {"date": "04/02/2021", "time": "01:53 PM", "segment": "NSE_CASH", "symbol": "IGL", "type": "BUY", "qty": 10.0, "trade_price": 542.25, "trade_val": 5422.5, "order_id": "1100000016009601"}, {"date": "04/02/2021", "time": "01:44 PM", "segment": "NSE_CASH", "symbol": "BSE", "type": "SELL", "qty": 10.0, "trade_price": 616.95, "trade_val": 6169.5, "order_id": "1000000016959572"}, {"date": "04/02/2021", "time": "01:34 PM", "segment": "NSE_CASH", "symbol": "TATAMOTORS", "type": "BUY", "qty": 10.0, "trade_price": 324.1, "trade_val": 3241.0, "order_id": "1300000013569760"}, {"date": "04/02/2021", "time": "01:15 PM", "segment": "NSE_CASH", "symbol": "CIPLA", "type": "BUY", "qty": 10.0, "trade_price": 840.0, "trade_val": 8400.0, "order_id": "1000000016607590"}, {"date": "04/02/2021", "time": "01:03 PM", "segment": "NSE_CASH", "symbol": "BSE", "type": "BUY", "qty": 2.0, "trade_price": 619.5, "trade_val": 1239.0, "order_id": "1000000016649388"}, {"date": "04/02/2021", "time": "01:03 PM", "segment": "NSE_CASH", "symbol": "BSE", "type": "BUY", "qty": 8.0, "trade_price": 619.5, "trade_val": 4956.0, "order_id": "1000000016649388"}, {"date": "04/02/2021", "time": "12:14 PM", "segment": "NSE_CASH", "symbol": "EXIDEIND", "type": "SELL", "qty": 10.0, "trade_price": 205.05, "trade_val": 2050.5, "order_id": "1100000007507943"}, {"date": "04/02/2021", "time": "11:34 AM", "segment": "NSE_CASH", "symbol": "JKTYRE", "type": "SELL", "qty": 20.0, "trade_price": 138.6, "trade_val": 2772.0, "order_id": "1200000007328687"}, {"date": "04/02/2021", "time": "11:32 AM", "segment": "NSE_CASH", "symbol": "JINDALSTEL", "type": "SELL", "qty": 25.0, "trade_price": 290.2, "trade_val": 7255.0, "order_id": "1200000005114337"}, {"date": "04/02/2021", "time": "11:17 AM", "segment": "NSE_CASH", "symbol": "JUBLFOOD", "type": "SELL", "qty": 5.0, "trade_price": 2808.75, "trade_val": 14043.75, "order_id": "1200000007294139"}, {"date": "04/02/2021", "time": "11:16 AM", "segment": "NSE_CASH", "symbol": "CUMMINSIND", "type": "SELL", "qty": 10.0, "trade_price": 779.0, "trade_val": 7790.0, "order_id": "1000000007270871"}, {"date": "04/02/2021", "time": "11:04 AM", "segment": "NSE_CASH", "symbol": "CONCOR", "type": "SELL", "qty": 10.0, "trade_price": 474.5, "trade_val": 4745.0, "order_id": "1000000006840088"}, {"date": "04/02/2021", "time": "10:54 AM", "segment": "NSE_CASH", "symbol": "JKTYRE", "type": "BUY", "qty": 20.0, "trade_price": 139.2, "trade_val": 2784.0, "order_id": "1200000007222487"}, {"date": "04/02/2021", "time": "10:53 AM", "segment": "NSE_CASH", "symbol": "JUBLFOOD", "type": "BUY", "qty": 5.0, "trade_price": 2766.0, "trade_val": 13830.0, "order_id": "1200000003604538"}, {"date": "04/02/2021", "time": "10:51 AM", "segment": "NSE_CASH", "symbol": "EXIDEIND", "type": "BUY", "qty": 10.0, "trade_price": 206.45, "trade_val": 2064.5, "order_id": "1100000006913771"}, {"date": "04/02/2021", "time": "10:43 AM", "segment": "NSE_CASH", "symbol": "POWERGRID", "type": "SELL", "qty": 10.0, "trade_price": 205.4, "trade_val": 2054.0, "order_id": "1200000005969748"}, {"date": "04/02/2021", "time": "10:18 AM", "segment": "NSE_CASH", "symbol": "POWERGRID", "type": "BUY", "qty": 10.0, "trade_price": 205.0, "trade_val": 2050.0, "order_id": "1200000005172820"}, {"date": "04/02/2021", "time": "10:11 AM", "segment": "NSE_CASH", "symbol": "CONCOR", "type": "BUY", "qty": 10.0, "trade_price": 473.1, "trade_val": 4731.0, "order_id": "1000000006315105"}, {"date": "04/02/2021", "time": "10:10 AM", "segment": "NSE_CASH", "symbol": "JINDALSTEL", "type": "BUY", "qty": 25.0, "trade_price": 291.45, "trade_val": 7286.25, "order_id": "1200000004989738"}, {"date": "04/02/2021", "time": "09:57 AM", "segment": "NSE_CASH", "symbol": "AUROPHARMA", "type": "SELL", "qty": 8.0, "trade_price": 923.3, "trade_val": 7386.4, "order_id": "1000000005486967"}, {"date": "04/02/2021", "time": "09:57 AM", "segment": "NSE_CASH", "symbol": "AUROPHARMA", "type": "SELL", "qty": 2.0, "trade_price": 923.5, "trade_val": 1847.0, "order_id": "1000000005486967"}, {"date": "04/02/2021", "time": "09:35 AM", "segment": "NSE_CASH", "symbol": "AIAENG", "type": "SELL", "qty": 8.0, "trade_price": 2025.0, "trade_val": 16200.0, "order_id": "1000000002495151"}, {"date": "04/02/2021", "time": "09:35 AM", "segment": "NSE_CASH", "symbol": "AIAENG", "type": "SELL", "qty": 2.0, "trade_price": 2025.0, "trade_val": 4050.0, "order_id": "1000000002495151"}, {"date": "04/02/2021", "time": "09:32 AM", "segment": "NSE_CASH", "symbol": "AUROPHARMA", "type": "BUY", "qty": 10.0, "trade_price": 915.3, "trade_val": 9153.0, "order_id": "1000000002951052"}, {"date": "04/02/2021", "time": "09:26 AM", "segment": "NSE_CASH", "symbol": "AIAENG", "type": "BUY", "qty": 5.0, "trade_price": 2048.0, "trade_val": 10240.0, "order_id": "1000000002054678"}, {"date": "04/02/2021", "time": "09:26 AM", "segment": "NSE_CASH", "symbol": "AIAENG", "type": "BUY", "qty": 5.0, "trade_price": 2049.2, "trade_val": 10246.0, "order_id": "1000000002054678"}, {"date": "03/02/2021", "time": "03:13 PM", "segment": "NSE_CASH", "symbol": "M&M", "type": "SELL", "qty": 5.0, "trade_price": 832.6, "trade_val": 4163.0, "order_id": "1200000017066441"}, {"date": "03/02/2021", "time": "10:11 AM", "segment": "NSE_CASH", "symbol": "DRREDDY", "type": "SELL", "qty": 5.0, "trade_price": 4665.15, "trade_val": 23325.75, "order_id": "1000000004307899"}, {"date": "03/02/2021", "time": "09:33 AM", "segment": "NSE_CASH", "symbol": "DRREDDY", "type": "BUY", "qty": 5.0, "trade_price": 4709.6, "trade_val": 23548.0, "order_id": "1000000002597843"}, {"date": "03/02/2021", "time": "02:51 PM", "segment": "NSE_CASH", "symbol": "CIPLA", "type": "SELL", "qty": 25.0, "trade_price": 850.35, "trade_val": 21258.75, "order_id": "1000000015930608"}, {"date": "03/02/2021", "time": "01:26 PM", "segment": "NSE_CASH", "symbol": "M&M", "type": "BUY", "qty": 5.0, "trade_price": 835.15, "trade_val": 4175.75, "order_id": "1200000012158435"}, {"date": "03/02/2021", "time": "01:25 PM", "segment": "NSE_CASH", "symbol": "CIPLA", "type": "BUY", "qty": 25.0, "trade_price": 856.45, "trade_val": 21411.25, "order_id": "1000000015147316"}, {"date": "02/02/2021", "time": "01:22 PM", "segment": "NSE_CASH", "symbol": "INDIGOPNTS", "type": "SELL", "qty": 5.0, "trade_price": 3129.0, "trade_val": 15645.0, "order_id": "1100000017944965"}, {"date": "02/02/2021", "time": "12:32 PM", "segment": "NSE_CASH", "symbol": "GRASIM", "type": "BUY", "qty": 1.0, "trade_price": 1179.35, "trade_val": 1179.35, "order_id": "1100000015658062"}, {"date": "02/02/2021", "time": "12:32 PM", "segment": "NSE_CASH", "symbol": "GRASIM", "type": "BUY", "qty": 1.0, "trade_price": 1179.35, "trade_val": 1179.35, "order_id": "1100000015658062"}, {"date": "02/02/2021", "time": "12:27 PM", "segment": "NSE_CASH", "symbol": "TATAMOTORS", "type": "BUY", "qty": 5.0, "trade_price": 311.5, "trade_val": 1557.5, "order_id": "1300000015159524"}, {"date": "02/02/2021", "time": "11:43 AM", "segment": "NSE_CASH", "symbol": "CUMMINSIND", "type": "SELL", "qty": 10.0, "trade_price": 747.1, "trade_val": 7471.0, "order_id": "1000000010019650"}, {"date": "02/02/2021", "time": "10:41 AM", "segment": "NSE_CASH", "symbol": "INDIGOPNTS", "type": "BUY", "qty": 5.0, "trade_price": 2496.0, "trade_val": 12480.0, "order_id": "1100000005799347"}, {"date": "02/02/2021", "time": "10:29 AM", "segment": "NSE_CASH", "symbol": "CUMMINSIND", "type": "BUY", "qty": 7.0, "trade_price": 757.7, "trade_val": 5303.9, "order_id": "1000000008010555"}, {"date": "02/02/2021", "time": "10:29 AM", "segment": "NSE_CASH", "symbol": "CUMMINSIND", "type": "BUY", "qty": 3.0, "trade_price": 757.65, "trade_val": 2272.95, "order_id": "1000000008010555"}, {"date": "02/02/2021", "time": "10:11 AM", "segment": "NSE_CASH", "symbol": "LT", "type": "SELL", "qty": 2.0, "trade_price": 1558.45, "trade_val": 3116.9, "order_id": "1200000002273276"}, {"date": "02/02/2021", "time": "10:11 AM", "segment": "NSE_CASH", "symbol": "LT", "type": "SELL", "qty": 1.0, "trade_price": 1558.55, "trade_val": 1558.55, "order_id": "1200000002273276"}, {"date": "02/02/2021", "time": "09:29 AM", "segment": "NSE_CASH", "symbol": "LT", "type": "BUY", "qty": 3.0, "trade_price": 1516.95, "trade_val": 4550.85, "order_id": "1200000001528006"}, {"date": "02/02/2021", "time": "02:40 PM", "segment": "NSE_CASH", "symbol": "GRASIM", "type": "SELL", "qty": 2.0, "trade_price": 1200.3, "trade_val": 2400.6, "order_id": "1100000016944333"}, {"date": "02/02/2021", "time": "02:36 PM", "segment": "NSE_CASH", "symbol": "CUMMINSIND", "type": "SELL", "qty": 8.0, "trade_price": 756.95, "trade_val": 6055.6, "order_id": "1000000023743911"}, {"date": "02/02/2021", "time": "02:28 PM", "segment": "NSE_CASH", "symbol": "TATAMOTORS", "type": "SELL", "qty": 5.0, "trade_price": 313.25, "trade_val": 1566.25, "order_id": "1300000015409168"}, {"date": "02/02/2021", "time": "02:06 PM", "segment": "NSE_CASH", "symbol": "CUMMINSIND", "type": "BUY", "qty": 8.0, "trade_price": 752.35, "trade_val": 6018.8, "order_id": "1000000021128779"}, {"date": "01/02/2021", "time": "12:09 PM", "segment": "NSE_CASH", "symbol": "SUNCLAYLTD", "type": "SELL", "qty": 3.0, "trade_price": 3601.1, "trade_val": 10803.3, "order_id": "1300000011324274"}, {"date": "01/02/2021", "time": "11:52 AM", "segment": "NSE_CASH", "symbol": "SUNCLAYLTD", "type": "BUY", "qty": 4.0, "trade_price": 3585.0, "trade_val": 14340.0, "order_id": "1300000007723431"}, {"date": "01/02/2021", "time": "12:09 PM", "segment": "NSE_CASH", "symbol": "SUNCLAYLTD", "type": "SELL", "qty": 1.0, "trade_price": 3600.4, "trade_val": 3600.4, "order_id": "1300000011324274"}], "total_res": 214.0}, "status_code": 200, "code": 200}