{"s": "ok", "message": "Success", "data": {"COLUMNS": [{"date": "Date", "time": "Time", "segment": "Segment", "symbol": "Symbol", "type": "Trade Type", "qty": "Quantity", "trade_price": "Trade Price (\u20b9)", "trade_val": "Trade Value  (\u20b9)", "order_id": "Order id"}], "DATA": [{"date": "28/02/2025", "time": "09:26 AM", "segment": "NSE_CASH", "symbol": "POLYCAB", "type": "SELL", "qty": 175.0, "trade_price": 4835.75, "trade_val": 846256.25, "order_id": "1200000005912718"}, {"date": "28/02/2025", "time": "09:25 AM", "segment": "NSE_CASH", "symbol": "POLYCAB", "type": "BUY", "qty": 6.0, "trade_price": 4778.4, "trade_val": 28670.4, "order_id": "1200000005756027"}, {"date": "28/02/2025", "time": "09:25 AM", "segment": "NSE_CASH", "symbol": "POLYCAB", "type": "BUY", "qty": 5.0, "trade_price": 4778.4, "trade_val": 23892.0, "order_id": "1200000005756027"}, {"date": "28/02/2025", "time": "09:25 AM", "segment": "NSE_CASH", "symbol": "POLYCAB", "type": "BUY", "qty": 64.0, "trade_price": 4778.4, "trade_val": 305817.6, "order_id": "1200000005756027"}, {"date": "28/02/2025", "time": "09:25 AM", "segment": "NSE_CASH", "symbol": "POLYCAB", "type": "BUY", "qty": 100.0, "trade_price": 4778.4, "trade_val": 477840.0, "order_id": "1200000005756027"}, {"date": "21/02/2025", "time": "03:14 PM", "segment": "NSE_CASH", "symbol": "BSE", "type": "SELL", "qty": 2.0, "trade_price": 5768.55, "trade_val": 11537.1, "order_id": "1000000063241442"}, {"date": "21/02/2025", "time": "03:14 PM", "segment": "NSE_CASH", "symbol": "BSE", "type": "SELL", "qty": 2.0, "trade_price": 5769.0, "trade_val": 11538.0, "order_id": "1000000063241442"}, {"date": "21/02/2025", "time": "03:03 PM", "segment": "NSE_CASH", "symbol": "BSE", "type": "BUY", "qty": 100.0, "trade_price": 5768.9, "trade_val": 576890.0, "order_id": "1000000061418167"}, {"date": "21/02/2025", "time": "03:14 PM", "segment": "NSE_CASH", "symbol": "BSE", "type": "SELL", "qty": 23.0, "trade_price": 5769.0, "trade_val": 132687.0, "order_id": "1000000063241442"}, {"date": "21/02/2025", "time": "03:14 PM", "segment": "NSE_CASH", "symbol": "BSE", "type": "SELL", "qty": 62.0, "trade_price": 5768.3, "trade_val": 357634.6, "order_id": "1000000063241442"}, {"date": "21/02/2025", "time": "03:14 PM", "segment": "NSE_CASH", "symbol": "BSE", "type": "SELL", "qty": 9.0, "trade_price": 5768.45, "trade_val": 51916.05, "order_id": "1000000063241442"}, {"date": "21/02/2025", "time": "03:14 PM", "segment": "NSE_CASH", "symbol": "BSE", "type": "SELL", "qty": 2.0, "trade_price": 5768.5, "trade_val": 11537.0, "order_id": "1000000063241442"}, {"date": "04/02/2025", "time": "02:52 PM", "segment": "NSE_CASH", "symbol": "RECLTD", "type": "BUY", "qty": 1.0, "trade_price": 426.6, "trade_val": 426.6, "order_id": "1300000058074425"}, {"date": "04/02/2025", "time": "02:52 PM", "segment": "NSE_CASH", "symbol": "RECLTD", "type": "BUY", "qty": 15.0, "trade_price": 426.6, "trade_val": 6399.0, "order_id": "1300000058074425"}, {"date": "04/02/2025", "time": "02:52 PM", "segment": "NSE_CASH", "symbol": "RECLTD", "type": "BUY", "qty": 10.0, "trade_price": 426.6, "trade_val": 4266.0, "order_id": "1300000058074425"}, {"date": "04/02/2025", "time": "02:52 PM", "segment": "NSE_CASH", "symbol": "RECLTD", "type": "BUY", "qty": 30.0, "trade_price": 426.6, "trade_val": 12798.0, "order_id": "1300000058074425"}, {"date": "04/02/2025", "time": "02:52 PM", "segment": "NSE_CASH", "symbol": "RECLTD", "type": "BUY", "qty": 67.0, "trade_price": 426.65, "trade_val": 28585.55, "order_id": "1300000058074425"}, {"date": "04/02/2025", "time": "02:52 PM", "segment": "NSE_CASH", "symbol": "RECLTD", "type": "BUY", "qty": 5.0, "trade_price": 426.65, "trade_val": 2133.25, "order_id": "1300000058074425"}, {"date": "04/02/2025", "time": "02:52 PM", "segment": "NSE_CASH", "symbol": "RECLTD", "type": "BUY", "qty": 68.0, "trade_price": 426.65, "trade_val": 29012.2, "order_id": "1300000058074425"}, {"date": "04/02/2025", "time": "02:52 PM", "segment": "NSE_CASH", "symbol": "RECLTD", "type": "BUY", "qty": 139.0, "trade_price": 426.65, "trade_val": 59304.35, "order_id": "1300000058074425"}, {"date": "04/02/2025", "time": "01:43 PM", "segment": "NSE_CASH", "symbol": "RECLTD", "type": "SELL", "qty": 2015.0, "trade_price": 425.0, "trade_val": 856375.0, "order_id": "1300000050967378"}, {"date": "04/02/2025", "time": "02:52 PM", "segment": "NSE_CASH", "symbol": "RECLTD", "type": "BUY", "qty": 100.0, "trade_price": 426.65, "trade_val": 42665.0, "order_id": "1300000058074425"}, {"date": "04/02/2025", "time": "02:52 PM", "segment": "NSE_CASH", "symbol": "RECLTD", "type": "BUY", "qty": 500.0, "trade_price": 426.55, "trade_val": 213275.0, "order_id": "1300000058074425"}, {"date": "04/02/2025", "time": "02:52 PM", "segment": "NSE_CASH", "symbol": "RECLTD", "type": "BUY", "qty": 50.0, "trade_price": 426.6, "trade_val": 21330.0, "order_id": "1300000058074425"}, {"date": "04/02/2025", "time": "02:52 PM", "segment": "NSE_CASH", "symbol": "RECLTD", "type": "BUY", "qty": 215.0, "trade_price": 426.55, "trade_val": 91708.25, "order_id": "1300000058074425"}, {"date": "04/02/2025", "time": "02:52 PM", "segment": "NSE_CASH", "symbol": "RECLTD", "type": "BUY", "qty": 407.0, "trade_price": 426.55, "trade_val": 173605.85, "order_id": "1300000058074425"}, {"date": "04/02/2025", "time": "02:52 PM", "segment": "NSE_CASH", "symbol": "RECLTD", "type": "BUY", "qty": 100.0, "trade_price": 426.6, "trade_val": 42660.0, "order_id": "1300000058074425"}, {"date": "04/02/2025", "time": "02:52 PM", "segment": "NSE_CASH", "symbol": "RECLTD", "type": "BUY", "qty": 33.0, "trade_price": 426.65, "trade_val": 14079.45, "order_id": "1300000058074425"}, {"date": "04/02/2025", "time": "02:52 PM", "segment": "NSE_CASH", "symbol": "RECLTD", "type": "BUY", "qty": 1.0, "trade_price": 426.55, "trade_val": 426.55, "order_id": "1300000058074425"}, {"date": "04/02/2025", "time": "02:52 PM", "segment": "NSE_CASH", "symbol": "RECLTD", "type": "BUY", "qty": 174.0, "trade_price": 426.55, "trade_val": 74219.7, "order_id": "1300000058074425"}, {"date": "04/02/2025", "time": "02:52 PM", "segment": "NSE_CASH", "symbol": "RECLTD", "type": "BUY", "qty": 100.0, "trade_price": 426.6, "trade_val": 42660.0, "order_id": "1300000058074425"}, {"date": "03/02/2025", "time": "09:29 AM", "segment": "NSE_CASH", "symbol": "UPL", "type": "BUY", "qty": 163.0, "trade_price": 633.55, "trade_val": 103268.65, "order_id": "1300000006645868"}, {"date": "03/02/2025", "time": "09:32 AM", "segment": "NSE_CASH", "symbol": "UPL", "type": "SELL", "qty": 1385.0, "trade_price": 630.4, "trade_val": 873104.0, "order_id": "1300000006896540"}, {"date": "03/02/2025", "time": "09:32 AM", "segment": "NSE_CASH", "symbol": "UPL", "type": "SELL", "qty": 2.0, "trade_price": 630.4, "trade_val": 1260.8, "order_id": "1300000006896540"}, {"date": "03/02/2025", "time": "09:29 AM", "segment": "NSE_CASH", "symbol": "UPL", "type": "BUY", "qty": 12.0, "trade_price": 633.5, "trade_val": 7602.0, "order_id": "1300000006645868"}, {"date": "03/02/2025", "time": "09:29 AM", "segment": "NSE_CASH", "symbol": "UPL", "type": "BUY", "qty": 748.0, "trade_price": 633.5, "trade_val": 473858.0, "order_id": "1300000006645868"}, {"date": "03/02/2025", "time": "09:29 AM", "segment": "NSE_CASH", "symbol": "UPL", "type": "BUY", "qty": 90.0, "trade_price": 633.5, "trade_val": 57015.0, "order_id": "1300000006645868"}, {"date": "03/02/2025", "time": "09:29 AM", "segment": "NSE_CASH", "symbol": "UPL", "type": "BUY", "qty": 86.0, "trade_price": 633.5, "trade_val": 54481.0, "order_id": "1300000006645868"}, {"date": "03/02/2025", "time": "09:29 AM", "segment": "NSE_CASH", "symbol": "UPL", "type": "BUY", "qty": 97.0, "trade_price": 633.5, "trade_val": 61449.5, "order_id": "1300000006645868"}, {"date": "03/02/2025", "time": "09:29 AM", "segment": "NSE_CASH", "symbol": "UPL", "type": "BUY", "qty": 122.0, "trade_price": 633.55, "trade_val": 77293.1, "order_id": "1300000006645868"}, {"date": "03/02/2025", "time": "09:29 AM", "segment": "NSE_CASH", "symbol": "UPL", "type": "BUY", "qty": 43.0, "trade_price": 633.55, "trade_val": 27242.65, "order_id": "1300000006645868"}, {"date": "03/02/2025", "time": "09:29 AM", "segment": "NSE_CASH", "symbol": "UPL", "type": "BUY", "qty": 26.0, "trade_price": 633.55, "trade_val": 16472.3, "order_id": "1300000006645868"}], "total_res": 42.0}, "status_code": 200, "code": 200}