{"s": "ok", "message": "Success", "data": {"COLUMNS": [{"date": "Date", "time": "Time", "segment": "Segment", "symbol": "Symbol", "type": "Trade Type", "qty": "Quantity", "trade_price": "Trade Price (\u20b9)", "trade_val": "Trade Value  (\u20b9)", "order_id": "Order id"}], "DATA": [{"date": "30/08/2024", "time": "02:13 PM", "segment": "NSE_CASH", "symbol": "NTPC", "type": "BUY", "qty": 264.0, "trade_price": 417.1, "trade_val": 110114.4, "order_id": "1200000043188871"}, {"date": "30/08/2024", "time": "02:13 PM", "segment": "NSE_CASH", "symbol": "NTPC", "type": "BUY", "qty": 1.0, "trade_price": 417.1, "trade_val": 417.1, "order_id": "1200000043188871"}, {"date": "30/08/2024", "time": "02:13 PM", "segment": "NSE_CASH", "symbol": "NTPC", "type": "BUY", "qty": 13.0, "trade_price": 417.1, "trade_val": 5422.3, "order_id": "1200000043188871"}, {"date": "30/08/2024", "time": "02:13 PM", "segment": "NSE_CASH", "symbol": "NTPC", "type": "BUY", "qty": 5.0, "trade_price": 417.1, "trade_val": 2085.5, "order_id": "1200000043188871"}, {"date": "30/08/2024", "time": "02:13 PM", "segment": "NSE_CASH", "symbol": "NTPC", "type": "BUY", "qty": 17.0, "trade_price": 417.1, "trade_val": 7090.7, "order_id": "1200000043188871"}, {"date": "29/08/2024", "time": "09:56 AM", "segment": "NSE_CASH", "symbol": "BSOFT", "type": "BUY", "qty": 10.0, "trade_price": 679.3, "trade_val": 6793.0, "order_id": "1000000009320004"}, {"date": "29/08/2024", "time": "09:58 AM", "segment": "NSE_CASH", "symbol": "BSOFT", "type": "SELL", "qty": 1000.0, "trade_price": 681.4, "trade_val": 681400.0, "order_id": "1000000009618978"}, {"date": "29/08/2024", "time": "09:58 AM", "segment": "NSE_CASH", "symbol": "BSOFT", "type": "SELL", "qty": 5.0, "trade_price": 681.4, "trade_val": 3407.0, "order_id": "1000000009618978"}, {"date": "29/08/2024", "time": "09:58 AM", "segment": "NSE_CASH", "symbol": "BSOFT", "type": "SELL", "qty": 789.0, "trade_price": 681.4, "trade_val": 537624.6, "order_id": "1000000009618978"}, {"date": "29/08/2024", "time": "09:56 AM", "segment": "NSE_CASH", "symbol": "BSOFT", "type": "BUY", "qty": 1373.0, "trade_price": 679.3, "trade_val": 932678.9, "order_id": "1000000009320004"}, {"date": "29/08/2024", "time": "09:56 AM", "segment": "NSE_CASH", "symbol": "BSOFT", "type": "BUY", "qty": 16.0, "trade_price": 679.3, "trade_val": 10868.8, "order_id": "1000000009320004"}, {"date": "29/08/2024", "time": "10:19 AM", "segment": "NSE_CASH", "symbol": "TCS", "type": "SELL", "qty": 11.0, "trade_price": 4545.0, "trade_val": 49995.0, "order_id": "1300000013363786"}, {"date": "29/08/2024", "time": "10:07 AM", "segment": "NSE_CASH", "symbol": "TCS", "type": "BUY", "qty": 1.0, "trade_price": 4543.9, "trade_val": 4543.9, "order_id": "1300000011578973"}, {"date": "29/08/2024", "time": "10:07 AM", "segment": "NSE_CASH", "symbol": "TCS", "type": "BUY", "qty": 8.0, "trade_price": 4543.85, "trade_val": 36350.8, "order_id": "1300000011578973"}, {"date": "29/08/2024", "time": "09:58 AM", "segment": "NSE_CASH", "symbol": "BSOFT", "type": "SELL", "qty": 3.0, "trade_price": 681.4, "trade_val": 2044.2, "order_id": "1000000009618978"}, {"date": "29/08/2024", "time": "09:58 AM", "segment": "NSE_CASH", "symbol": "BSOFT", "type": "SELL", "qty": 461.0, "trade_price": 681.4, "trade_val": 314125.4, "order_id": "1000000009618978"}, {"date": "29/08/2024", "time": "10:19 AM", "segment": "NSE_CASH", "symbol": "TCS", "type": "SELL", "qty": 55.0, "trade_price": 4545.0, "trade_val": 249975.0, "order_id": "1300000013363786"}, {"date": "29/08/2024", "time": "10:19 AM", "segment": "NSE_CASH", "symbol": "TCS", "type": "SELL", "qty": 12.0, "trade_price": 4544.3, "trade_val": 54531.6, "order_id": "1300000013363786"}, {"date": "29/08/2024", "time": "10:19 AM", "segment": "NSE_CASH", "symbol": "TCS", "type": "SELL", "qty": 10.0, "trade_price": 4544.45, "trade_val": 45444.5, "order_id": "1300000013363786"}, {"date": "29/08/2024", "time": "10:19 AM", "segment": "NSE_CASH", "symbol": "TCS", "type": "SELL", "qty": 1.0, "trade_price": 4544.6, "trade_val": 4544.6, "order_id": "1300000013363786"}, {"date": "29/08/2024", "time": "10:19 AM", "segment": "NSE_CASH", "symbol": "TCS", "type": "SELL", "qty": 2.0, "trade_price": 4545.0, "trade_val": 9090.0, "order_id": "1300000013363786"}, {"date": "29/08/2024", "time": "10:19 AM", "segment": "NSE_CASH", "symbol": "TCS", "type": "SELL", "qty": 2.0, "trade_price": 4544.15, "trade_val": 9088.3, "order_id": "1300000013363786"}, {"date": "29/08/2024", "time": "10:19 AM", "segment": "NSE_CASH", "symbol": "TCS", "type": "SELL", "qty": 13.0, "trade_price": 4545.0, "trade_val": 59085.0, "order_id": "1300000013363786"}, {"date": "29/08/2024", "time": "10:19 AM", "segment": "NSE_CASH", "symbol": "TCS", "type": "SELL", "qty": 17.0, "trade_price": 4544.15, "trade_val": 77250.55, "order_id": "1300000013363786"}, {"date": "29/08/2024", "time": "10:19 AM", "segment": "NSE_CASH", "symbol": "TCS", "type": "SELL", "qty": 1.0, "trade_price": 4544.15, "trade_val": 4544.15, "order_id": "1300000013363786"}, {"date": "29/08/2024", "time": "10:19 AM", "segment": "NSE_CASH", "symbol": "TCS", "type": "SELL", "qty": 23.0, "trade_price": 4544.2, "trade_val": 104516.6, "order_id": "1300000013363786"}, {"date": "29/08/2024", "time": "10:19 AM", "segment": "NSE_CASH", "symbol": "TCS", "type": "SELL", "qty": 20.0, "trade_price": 4544.35, "trade_val": 90887.0, "order_id": "1300000013363786"}, {"date": "29/08/2024", "time": "10:19 AM", "segment": "NSE_CASH", "symbol": "TCS", "type": "SELL", "qty": 19.0, "trade_price": 4544.35, "trade_val": 86342.65, "order_id": "1300000013363786"}, {"date": "29/08/2024", "time": "10:19 AM", "segment": "NSE_CASH", "symbol": "TCS", "type": "SELL", "qty": 33.0, "trade_price": 4544.4, "trade_val": 149965.2, "order_id": "1300000013363786"}, {"date": "29/08/2024", "time": "10:19 AM", "segment": "NSE_CASH", "symbol": "TCS", "type": "SELL", "qty": 50.0, "trade_price": 4544.75, "trade_val": 227237.5, "order_id": "1300000013363786"}, {"date": "29/08/2024", "time": "10:19 AM", "segment": "NSE_CASH", "symbol": "TCS", "type": "SELL", "qty": 17.0, "trade_price": 4544.85, "trade_val": 77262.45, "order_id": "1300000013363786"}, {"date": "29/08/2024", "time": "10:19 AM", "segment": "NSE_CASH", "symbol": "TCS", "type": "SELL", "qty": 1.0, "trade_price": 4544.85, "trade_val": 4544.85, "order_id": "1300000013363786"}, {"date": "29/08/2024", "time": "10:19 AM", "segment": "NSE_CASH", "symbol": "TCS", "type": "SELL", "qty": 10.0, "trade_price": 4544.9, "trade_val": 45449.0, "order_id": "1300000013363786"}, {"date": "29/08/2024", "time": "10:19 AM", "segment": "NSE_CASH", "symbol": "TCS", "type": "SELL", "qty": 36.0, "trade_price": 4544.95, "trade_val": 163618.2, "order_id": "1300000013363786"}, {"date": "29/08/2024", "time": "10:07 AM", "segment": "NSE_CASH", "symbol": "TCS", "type": "BUY", "qty": 328.0, "trade_price": 4543.9, "trade_val": 1490399.2, "order_id": "1300000011578973"}, {"date": "29/08/2024", "time": "09:56 AM", "segment": "NSE_CASH", "symbol": "BSOFT", "type": "BUY", "qty": 20.0, "trade_price": 679.3, "trade_val": 13586.0, "order_id": "1000000009320004"}, {"date": "29/08/2024", "time": "09:56 AM", "segment": "NSE_CASH", "symbol": "BSOFT", "type": "BUY", "qty": 439.0, "trade_price": 679.3, "trade_val": 298212.7, "order_id": "1000000009320004"}, {"date": "29/08/2024", "time": "09:56 AM", "segment": "NSE_CASH", "symbol": "BSOFT", "type": "BUY", "qty": 100.0, "trade_price": 679.3, "trade_val": 67930.0, "order_id": "1000000009320004"}, {"date": "29/08/2024", "time": "09:56 AM", "segment": "NSE_CASH", "symbol": "BSOFT", "type": "BUY", "qty": 21.0, "trade_price": 679.3, "trade_val": 14265.3, "order_id": "1000000009320004"}, {"date": "29/08/2024", "time": "09:56 AM", "segment": "NSE_CASH", "symbol": "BSOFT", "type": "BUY", "qty": 100.0, "trade_price": 679.3, "trade_val": 67930.0, "order_id": "1000000009320004"}, {"date": "29/08/2024", "time": "09:56 AM", "segment": "NSE_CASH", "symbol": "BSOFT", "type": "BUY", "qty": 179.0, "trade_price": 679.3, "trade_val": 121594.7, "order_id": "1000000009320004"}, {"date": "29/08/2024", "time": "10:19 AM", "segment": "NSE_CASH", "symbol": "TCS", "type": "SELL", "qty": 4.0, "trade_price": 4545.0, "trade_val": 18180.0, "order_id": "1300000013363786"}, {"date": "28/08/2024", "time": "01:27 PM", "segment": "NSE_CASH", "symbol": "MSUMI", "type": "BUY", "qty": 1630.0, "trade_price": 71.05, "trade_val": 115811.5, "order_id": "1200000040176767"}, {"date": "28/08/2024", "time": "01:27 PM", "segment": "NSE_CASH", "symbol": "MSUMI", "type": "BUY", "qty": 1711.0, "trade_price": 71.05, "trade_val": 121566.55, "order_id": "1200000040176767"}, {"date": "28/08/2024", "time": "02:04 PM", "segment": "NSE_CASH", "symbol": "MSUMI", "type": "SELL", "qty": 3341.0, "trade_price": 71.1, "trade_val": 237545.1, "order_id": "1200000042118342"}, {"date": "27/08/2024", "time": "09:16 AM", "segment": "NSE_CASH", "symbol": "ZYDUSLIFE", "type": "BUY", "qty": 600.0, "trade_price": 1117.65, "trade_val": 670590.0, "order_id": "1000000000391015"}, {"date": "27/08/2024", "time": "09:16 AM", "segment": "NSE_CASH", "symbol": "ZYDUSLIFE", "type": "BUY", "qty": 754.0, "trade_price": 1117.65, "trade_val": 842708.1, "order_id": "1000000000391015"}, {"date": "27/08/2024", "time": "09:23 AM", "segment": "NSE_CASH", "symbol": "ZYDUSLIFE", "type": "SELL", "qty": 927.0, "trade_price": 1121.25, "trade_val": 1039398.75, "order_id": "1000000000912830"}, {"date": "27/08/2024", "time": "09:23 AM", "segment": "NSE_CASH", "symbol": "ZYDUSLIFE", "type": "SELL", "qty": 317.0, "trade_price": 1121.25, "trade_val": 355436.25, "order_id": "1000000000912830"}, {"date": "27/08/2024", "time": "09:23 AM", "segment": "NSE_CASH", "symbol": "ZYDUSLIFE", "type": "SELL", "qty": 110.0, "trade_price": 1121.25, "trade_val": 123337.5, "order_id": "1000000000912830"}, {"date": "23/08/2024", "time": "03:24 PM", "segment": "NSE_CASH", "symbol": "CDSL", "type": "SELL", "qty": 2.0, "trade_price": 1578.4, "trade_val": 3156.8, "order_id": "1000000041548082"}, {"date": "23/08/2024", "time": "03:22 PM", "segment": "NSE_CASH", "symbol": "CDSL", "type": "BUY", "qty": 50.0, "trade_price": 1576.6, "trade_val": 78830.0, "order_id": "1000000040644180"}, {"date": "23/08/2024", "time": "03:24 PM", "segment": "NSE_CASH", "symbol": "CDSL", "type": "SELL", "qty": 1.0, "trade_price": 1578.75, "trade_val": 1578.75, "order_id": "1000000041548082"}, {"date": "23/08/2024", "time": "03:22 PM", "segment": "NSE_CASH", "symbol": "CDSL", "type": "BUY", "qty": 145.0, "trade_price": 1576.6, "trade_val": 228607.0, "order_id": "1000000040644180"}, {"date": "23/08/2024", "time": "03:24 PM", "segment": "NSE_CASH", "symbol": "CDSL", "type": "SELL", "qty": 32.0, "trade_price": 1578.6, "trade_val": 50515.2, "order_id": "1000000041548082"}, {"date": "23/08/2024", "time": "03:24 PM", "segment": "NSE_CASH", "symbol": "CDSL", "type": "SELL", "qty": 10.0, "trade_price": 1578.55, "trade_val": 15785.5, "order_id": "1000000041548082"}, {"date": "23/08/2024", "time": "03:24 PM", "segment": "NSE_CASH", "symbol": "CDSL", "type": "SELL", "qty": 10.0, "trade_price": 1578.35, "trade_val": 15783.5, "order_id": "1000000041548082"}, {"date": "23/08/2024", "time": "03:24 PM", "segment": "NSE_CASH", "symbol": "CDSL", "type": "SELL", "qty": 95.0, "trade_price": 1578.25, "trade_val": 149933.75, "order_id": "1000000041548082"}, {"date": "23/08/2024", "time": "03:24 PM", "segment": "NSE_CASH", "symbol": "CDSL", "type": "SELL", "qty": 5.0, "trade_price": 1578.25, "trade_val": 7891.25, "order_id": "1000000041548082"}, {"date": "23/08/2024", "time": "03:22 PM", "segment": "NSE_CASH", "symbol": "CDSL", "type": "BUY", "qty": 5.0, "trade_price": 1576.6, "trade_val": 7883.0, "order_id": "1000000040644180"}, {"date": "23/08/2024", "time": "03:24 PM", "segment": "NSE_CASH", "symbol": "CDSL", "type": "SELL", "qty": 45.0, "trade_price": 1578.35, "trade_val": 71025.75, "order_id": "1000000041548082"}, {"date": "20/08/2024", "time": "10:08 AM", "segment": "NSE_CASH", "symbol": "NMDC", "type": "SELL", "qty": 96.0, "trade_price": 222.0, "trade_val": 21312.0, "order_id": "1200000011278644"}, {"date": "20/08/2024", "time": "09:52 AM", "segment": "NSE_CASH", "symbol": "OLAELEC", "type": "SELL", "qty": 100.0, "trade_price": 146.74, "trade_val": 14674.0, "order_id": "1200000010150249"}, {"date": "20/08/2024", "time": "09:52 AM", "segment": "NSE_CASH", "symbol": "OLAELEC", "type": "SELL", "qty": 100.0, "trade_price": 146.73, "trade_val": 14673.0, "order_id": "1200000010150249"}, {"date": "20/08/2024", "time": "09:52 AM", "segment": "NSE_CASH", "symbol": "OLAELEC", "type": "SELL", "qty": 8.0, "trade_price": 146.73, "trade_val": 1173.84, "order_id": "1200000010150249"}, {"date": "20/08/2024", "time": "09:52 AM", "segment": "NSE_CASH", "symbol": "OLAELEC", "type": "SELL", "qty": 4.0, "trade_price": 146.73, "trade_val": 586.92, "order_id": "1200000010150249"}, {"date": "20/08/2024", "time": "09:52 AM", "segment": "NSE_CASH", "symbol": "OLAELEC", "type": "SELL", "qty": 69.0, "trade_price": 146.74, "trade_val": 10125.06, "order_id": "1200000010150249"}, {"date": "20/08/2024", "time": "09:52 AM", "segment": "NSE_CASH", "symbol": "OLAELEC", "type": "SELL", "qty": 59.0, "trade_price": 146.73, "trade_val": 8657.07, "order_id": "1200000010150249"}, {"date": "20/08/2024", "time": "09:57 AM", "segment": "NSE_CASH", "symbol": "NTPC", "type": "BUY", "qty": 1.0, "trade_price": 405.9, "trade_val": 405.9, "order_id": "1200000010928826"}, {"date": "20/08/2024", "time": "10:08 AM", "segment": "NSE_CASH", "symbol": "NMDC", "type": "SELL", "qty": 75.0, "trade_price": 222.0, "trade_val": 16650.0, "order_id": "1200000011278644"}, {"date": "20/08/2024", "time": "10:08 AM", "segment": "NSE_CASH", "symbol": "NMDC", "type": "SELL", "qty": 3.0, "trade_price": 222.0, "trade_val": 666.0, "order_id": "1200000011278644"}, {"date": "20/08/2024", "time": "10:08 AM", "segment": "NSE_CASH", "symbol": "NMDC", "type": "SELL", "qty": 10.0, "trade_price": 222.0, "trade_val": 2220.0, "order_id": "1200000011278644"}, {"date": "20/08/2024", "time": "10:08 AM", "segment": "NSE_CASH", "symbol": "NMDC", "type": "SELL", "qty": 1.0, "trade_price": 222.0, "trade_val": 222.0, "order_id": "1200000011278644"}, {"date": "20/08/2024", "time": "10:08 AM", "segment": "NSE_CASH", "symbol": "NMDC", "type": "SELL", "qty": 100.0, "trade_price": 222.0, "trade_val": 22200.0, "order_id": "1200000011278644"}, {"date": "20/08/2024", "time": "10:08 AM", "segment": "NSE_CASH", "symbol": "NMDC", "type": "SELL", "qty": 50.0, "trade_price": 222.0, "trade_val": 11100.0, "order_id": "1200000011278644"}, {"date": "20/08/2024", "time": "10:08 AM", "segment": "NSE_CASH", "symbol": "NMDC", "type": "SELL", "qty": 1.0, "trade_price": 222.0, "trade_val": 222.0, "order_id": "1200000011278644"}, {"date": "20/08/2024", "time": "10:08 AM", "segment": "NSE_CASH", "symbol": "NMDC", "type": "SELL", "qty": 220.0, "trade_price": 222.0, "trade_val": 48840.0, "order_id": "1200000011278644"}, {"date": "20/08/2024", "time": "10:08 AM", "segment": "NSE_CASH", "symbol": "NMDC", "type": "SELL", "qty": 50.0, "trade_price": 222.0, "trade_val": 11100.0, "order_id": "1200000011278644"}, {"date": "20/08/2024", "time": "10:08 AM", "segment": "NSE_CASH", "symbol": "NMDC", "type": "SELL", "qty": 50.0, "trade_price": 222.0, "trade_val": 11100.0, "order_id": "1200000011278644"}, {"date": "20/08/2024", "time": "10:08 AM", "segment": "NSE_CASH", "symbol": "NMDC", "type": "SELL", "qty": 1.0, "trade_price": 222.0, "trade_val": 222.0, "order_id": "1200000011278644"}, {"date": "20/08/2024", "time": "10:08 AM", "segment": "NSE_CASH", "symbol": "NMDC", "type": "SELL", "qty": 25.0, "trade_price": 222.0, "trade_val": 5550.0, "order_id": "1200000011278644"}, {"date": "20/08/2024", "time": "10:08 AM", "segment": "NSE_CASH", "symbol": "NMDC", "type": "SELL", "qty": 1.0, "trade_price": 222.0, "trade_val": 222.0, "order_id": "1200000011278644"}, {"date": "20/08/2024", "time": "10:08 AM", "segment": "NSE_CASH", "symbol": "NMDC", "type": "SELL", "qty": 10.0, "trade_price": 222.0, "trade_val": 2220.0, "order_id": "1200000011278644"}, {"date": "20/08/2024", "time": "10:08 AM", "segment": "NSE_CASH", "symbol": "NMDC", "type": "SELL", "qty": 100.0, "trade_price": 222.0, "trade_val": 22200.0, "order_id": "1200000011278644"}, {"date": "20/08/2024", "time": "10:08 AM", "segment": "NSE_CASH", "symbol": "NMDC", "type": "SELL", "qty": 1.0, "trade_price": 222.0, "trade_val": 222.0, "order_id": "1200000011278644"}, {"date": "20/08/2024", "time": "10:08 AM", "segment": "NSE_CASH", "symbol": "NMDC", "type": "SELL", "qty": 4.0, "trade_price": 222.0, "trade_val": 888.0, "order_id": "1200000011278644"}, {"date": "20/08/2024", "time": "10:08 AM", "segment": "NSE_CASH", "symbol": "NMDC", "type": "SELL", "qty": 5.0, "trade_price": 222.0, "trade_val": 1110.0, "order_id": "1200000011278644"}, {"date": "20/08/2024", "time": "10:08 AM", "segment": "NSE_CASH", "symbol": "NMDC", "type": "SELL", "qty": 7.0, "trade_price": 222.0, "trade_val": 1554.0, "order_id": "1200000011278644"}, {"date": "20/08/2024", "time": "10:08 AM", "segment": "NSE_CASH", "symbol": "NMDC", "type": "SELL", "qty": 100.0, "trade_price": 222.0, "trade_val": 22200.0, "order_id": "1200000011278644"}, {"date": "20/08/2024", "time": "10:08 AM", "segment": "NSE_CASH", "symbol": "NMDC", "type": "SELL", "qty": 1.0, "trade_price": 222.0, "trade_val": 222.0, "order_id": "1200000011278644"}, {"date": "20/08/2024", "time": "10:08 AM", "segment": "NSE_CASH", "symbol": "NMDC", "type": "SELL", "qty": 100.0, "trade_price": 222.0, "trade_val": 22200.0, "order_id": "1200000011278644"}, {"date": "20/08/2024", "time": "10:08 AM", "segment": "NSE_CASH", "symbol": "NMDC", "type": "SELL", "qty": 1.0, "trade_price": 222.0, "trade_val": 222.0, "order_id": "1200000011278644"}, {"date": "20/08/2024", "time": "10:08 AM", "segment": "NSE_CASH", "symbol": "NMDC", "type": "SELL", "qty": 5.0, "trade_price": 222.0, "trade_val": 1110.0, "order_id": "1200000011278644"}, {"date": "20/08/2024", "time": "10:08 AM", "segment": "NSE_CASH", "symbol": "NMDC", "type": "SELL", "qty": 1.0, "trade_price": 222.0, "trade_val": 222.0, "order_id": "1200000011278644"}, {"date": "20/08/2024", "time": "10:08 AM", "segment": "NSE_CASH", "symbol": "NMDC", "type": "SELL", "qty": 10.0, "trade_price": 222.0, "trade_val": 2220.0, "order_id": "1200000011278644"}, {"date": "20/08/2024", "time": "10:08 AM", "segment": "NSE_CASH", "symbol": "NMDC", "type": "SELL", "qty": 5.0, "trade_price": 222.0, "trade_val": 1110.0, "order_id": "1200000011278644"}, {"date": "20/08/2024", "time": "10:08 AM", "segment": "NSE_CASH", "symbol": "NMDC", "type": "SELL", "qty": 1.0, "trade_price": 222.0, "trade_val": 222.0, "order_id": "1200000011278644"}, {"date": "19/08/2024", "time": "10:35 AM", "segment": "NSE_CASH", "symbol": "OLAELEC", "type": "BUY", "qty": 340.0, "trade_price": 146.38, "trade_val": 49769.2, "order_id": "1200000019824426"}, {"date": "14/08/2024", "time": "09:27 AM", "segment": "NSE_CASH", "symbol": "NMDC", "type": "SELL", "qty": 1034.0, "trade_price": 221.81, "trade_val": 229351.54, "order_id": "1200000004091059"}, {"date": "14/08/2024", "time": "11:11 AM", "segment": "NSE_CASH", "symbol": "NMDC", "type": "BUY", "qty": 234.0, "trade_price": 214.32, "trade_val": 50150.88, "order_id": "1200000027504389"}, {"date": "14/08/2024", "time": "11:11 AM", "segment": "NSE_CASH", "symbol": "NMDC", "type": "BUY", "qty": 213.0, "trade_price": 214.32, "trade_val": 45650.16, "order_id": "1200000027504389"}, {"date": "14/08/2024", "time": "11:11 AM", "segment": "NSE_CASH", "symbol": "NMDC", "type": "BUY", "qty": 100.0, "trade_price": 214.33, "trade_val": 21433.0, "order_id": "1200000027504389"}, {"date": "14/08/2024", "time": "11:11 AM", "segment": "NSE_CASH", "symbol": "NMDC", "type": "BUY", "qty": 433.0, "trade_price": 214.33, "trade_val": 92804.89, "order_id": "1200000027504389"}, {"date": "14/08/2024", "time": "11:11 AM", "segment": "NSE_CASH", "symbol": "NMDC", "type": "BUY", "qty": 54.0, "trade_price": 214.32, "trade_val": 11573.28, "order_id": "1200000027504389"}, {"date": "13/08/2024", "time": "09:15 AM", "segment": "NSE_CASH", "symbol": "NMDC", "type": "BUY", "qty": 1034.0, "trade_price": 229.65, "trade_val": 237458.1, "order_id": "1200000000836817"}, {"date": "05/08/2024", "time": "09:20 AM", "segment": "NSE_CASH", "symbol": "GODREJPROP", "type": "BUY", "qty": 12.0, "trade_price": 2866.5, "trade_val": 34398.0, "order_id": "1100000003197360"}, {"date": "05/08/2024", "time": "09:20 AM", "segment": "NSE_CASH", "symbol": "GODREJPROP", "type": "BUY", "qty": 9.0, "trade_price": 2866.5, "trade_val": 25798.5, "order_id": "1100000003197360"}, {"date": "05/08/2024", "time": "09:20 AM", "segment": "NSE_CASH", "symbol": "GODREJPROP", "type": "BUY", "qty": 61.0, "trade_price": 2866.5, "trade_val": 174856.5, "order_id": "1100000003197360"}, {"date": "05/08/2024", "time": "09:16 AM", "segment": "NSE_CASH", "symbol": "JKTYRE", "type": "SELL", "qty": 6.0, "trade_price": 422.6, "trade_val": 2535.6, "order_id": "1200000001393572"}, {"date": "05/08/2024", "time": "09:16 AM", "segment": "NSE_CASH", "symbol": "JKTYRE", "type": "SELL", "qty": 58.0, "trade_price": 422.6, "trade_val": 24510.8, "order_id": "1200000001393572"}, {"date": "05/08/2024", "time": "09:16 AM", "segment": "NSE_CASH", "symbol": "JKTYRE", "type": "SELL", "qty": 11.0, "trade_price": 422.65, "trade_val": 4649.15, "order_id": "1200000001393572"}, {"date": "05/08/2024", "time": "09:16 AM", "segment": "NSE_CASH", "symbol": "JKTYRE", "type": "SELL", "qty": 2.0, "trade_price": 422.6, "trade_val": 845.2, "order_id": "1200000001393572"}, {"date": "05/08/2024", "time": "09:16 AM", "segment": "NSE_CASH", "symbol": "JKTYRE", "type": "SELL", "qty": 7.0, "trade_price": 422.6, "trade_val": 2958.2, "order_id": "1200000001393572"}, {"date": "05/08/2024", "time": "09:16 AM", "segment": "NSE_CASH", "symbol": "JKTYRE", "type": "SELL", "qty": 15.0, "trade_price": 422.6, "trade_val": 6339.0, "order_id": "1200000001393572"}, {"date": "05/08/2024", "time": "09:16 AM", "segment": "NSE_CASH", "symbol": "JKTYRE", "type": "SELL", "qty": 9.0, "trade_price": 422.65, "trade_val": 3803.85, "order_id": "1200000001393572"}, {"date": "05/08/2024", "time": "09:16 AM", "segment": "NSE_CASH", "symbol": "JKTYRE", "type": "SELL", "qty": 5.0, "trade_price": 422.65, "trade_val": 2113.25, "order_id": "1200000001393572"}, {"date": "05/08/2024", "time": "09:16 AM", "segment": "NSE_CASH", "symbol": "JKTYRE", "type": "SELL", "qty": 450.0, "trade_price": 422.6, "trade_val": 190170.0, "order_id": "1200000001393572"}, {"date": "05/08/2024", "time": "09:16 AM", "segment": "NSE_CASH", "symbol": "JKTYRE", "type": "BUY", "qty": 16.0, "trade_price": 421.4, "trade_val": 6742.4, "order_id": "1200000001056846"}, {"date": "05/08/2024", "time": "09:16 AM", "segment": "NSE_CASH", "symbol": "JKTYRE", "type": "BUY", "qty": 2.0, "trade_price": 421.4, "trade_val": 842.8, "order_id": "1200000001056846"}, {"date": "05/08/2024", "time": "09:16 AM", "segment": "NSE_CASH", "symbol": "JKTYRE", "type": "BUY", "qty": 545.0, "trade_price": 421.4, "trade_val": 229663.0, "order_id": "1200000001056846"}, {"date": "05/08/2024", "time": "09:35 AM", "segment": "NSE_CASH", "symbol": "MOTHERSON", "type": "SELL", "qty": 1302.0, "trade_price": 182.31, "trade_val": 237367.62, "order_id": "1200000009579789"}, {"date": "05/08/2024", "time": "09:22 AM", "segment": "NSE_CASH", "symbol": "GODREJPROP", "type": "SELL", "qty": 53.0, "trade_price": 2860.6, "trade_val": 151611.8, "order_id": "1100000003646071"}, {"date": "05/08/2024", "time": "09:22 AM", "segment": "NSE_CASH", "symbol": "GODREJPROP", "type": "SELL", "qty": 10.0, "trade_price": 2860.6, "trade_val": 28606.0, "order_id": "1100000003646071"}, {"date": "05/08/2024", "time": "09:22 AM", "segment": "NSE_CASH", "symbol": "GODREJPROP", "type": "SELL", "qty": 19.0, "trade_price": 2860.6, "trade_val": 54351.4, "order_id": "1100000003646071"}, {"date": "05/08/2024", "time": "09:20 AM", "segment": "NSE_CASH", "symbol": "MOTHERSON", "type": "BUY", "qty": 459.0, "trade_price": 182.3, "trade_val": 83675.7, "order_id": "1200000003187788"}, {"date": "05/08/2024", "time": "09:20 AM", "segment": "NSE_CASH", "symbol": "MOTHERSON", "type": "BUY", "qty": 111.0, "trade_price": 182.3, "trade_val": 20235.3, "order_id": "1200000003187788"}, {"date": "05/08/2024", "time": "09:20 AM", "segment": "NSE_CASH", "symbol": "MOTHERSON", "type": "BUY", "qty": 732.0, "trade_price": 182.3, "trade_val": 133443.6, "order_id": "1200000003187788"}, {"date": "02/08/2024", "time": "02:45 PM", "segment": "NSE_CASH", "symbol": "JSWSTEEL", "type": "BUY", "qty": 150.0, "trade_price": 898.8, "trade_val": 134820.0, "order_id": "1200000053650526"}, {"date": "02/08/2024", "time": "02:59 PM", "segment": "NSE_CASH", "symbol": "JSWSTEEL", "type": "SELL", "qty": 234.0, "trade_price": 899.2, "trade_val": 210412.8, "order_id": "1200000054001694"}, {"date": "02/08/2024", "time": "02:59 PM", "segment": "NSE_CASH", "symbol": "JSWSTEEL", "type": "SELL", "qty": 2.0, "trade_price": 899.2, "trade_val": 1798.4, "order_id": "1200000054001694"}, {"date": "02/08/2024", "time": "02:59 PM", "segment": "NSE_CASH", "symbol": "JSWSTEEL", "type": "SELL", "qty": 28.0, "trade_price": 899.2, "trade_val": 25177.6, "order_id": "1200000054001694"}, {"date": "02/08/2024", "time": "02:45 PM", "segment": "NSE_CASH", "symbol": "JSWSTEEL", "type": "BUY", "qty": 74.0, "trade_price": 898.8, "trade_val": 66511.2, "order_id": "1200000053650526"}, {"date": "02/08/2024", "time": "02:45 PM", "segment": "NSE_CASH", "symbol": "JSWSTEEL", "type": "BUY", "qty": 40.0, "trade_price": 898.8, "trade_val": 35952.0, "order_id": "1200000053650526"}], "total_res": 133.0}, "status_code": 200, "code": 200}