{"s": "ok", "message": "Success", "data": {"COLUMNS": [{"date": "Date", "time": "Time", "segment": "Segment", "symbol": "Symbol", "type": "Trade Type", "qty": "Quantity", "trade_price": "Trade Price (\u20b9)", "trade_val": "Trade Value  (\u20b9)", "order_id": "Order id"}], "DATA": [{"date": "30/12/2024", "time": "03:15 PM", "segment": "NSE_CASH", "symbol": "CARRARO", "type": "SELL", "qty": 183.0, "trade_price": 631.3, "trade_val": 115527.9, "order_id": "1400000000877717"}, {"date": "30/12/2024", "time": "01:48 PM", "segment": "NSE_CASH", "symbol": "CARRARO", "type": "SELL", "qty": 22.0, "trade_price": 638.55, "trade_val": 14048.1, "order_id": "1400000000782184"}, {"date": "30/12/2024", "time": "01:48 PM", "segment": "NSE_CASH", "symbol": "CARRARO", "type": "SELL", "qty": 6.0, "trade_price": 638.55, "trade_val": 3831.3, "order_id": "1400000000782184"}, {"date": "30/12/2024", "time": "12:00 PM", "segment": "NSE_CASH", "symbol": "CARRARO", "type": "BUY", "qty": 211.0, "trade_price": 645.2, "trade_val": 136137.2, "order_id": "1400000000738575"}, {"date": "26/12/2024", "time": "10:30 AM", "segment": "NSE_CASH", "symbol": "ARE&M", "type": "SELL", "qty": 2.0, "trade_price": 1236.65, "trade_val": 2473.3, "order_id": "1000000014056251"}, {"date": "26/12/2024", "time": "10:30 AM", "segment": "NSE_CASH", "symbol": "ARE&M", "type": "SELL", "qty": 15.0, "trade_price": 1236.65, "trade_val": 18549.75, "order_id": "1000000014056251"}, {"date": "26/12/2024", "time": "10:30 AM", "segment": "NSE_CASH", "symbol": "ARE&M", "type": "SELL", "qty": 3.0, "trade_price": 1236.65, "trade_val": 3709.95, "order_id": "1000000014056251"}, {"date": "26/12/2024", "time": "10:30 AM", "segment": "NSE_CASH", "symbol": "ARE&M", "type": "SELL", "qty": 88.0, "trade_price": 1236.65, "trade_val": 108825.2, "order_id": "1000000014056251"}, {"date": "26/12/2024", "time": "10:30 AM", "segment": "NSE_CASH", "symbol": "ARE&M", "type": "SELL", "qty": 31.0, "trade_price": 1236.65, "trade_val": 38336.15, "order_id": "1000000014056251"}, {"date": "26/12/2024", "time": "09:30 AM", "segment": "NSE_CASH", "symbol": "HINDPETRO", "type": "BUY", "qty": 1189.0, "trade_price": 414.8, "trade_val": 493197.2, "order_id": "1100000005510559"}, {"date": "26/12/2024", "time": "09:30 AM", "segment": "NSE_CASH", "symbol": "HINDPETRO", "type": "BUY", "qty": 477.0, "trade_price": 414.8, "trade_val": 197859.6, "order_id": "1100000005510559"}, {"date": "26/12/2024", "time": "09:29 AM", "segment": "NSE_CASH", "symbol": "HINDPETRO", "type": "SELL", "qty": 323.0, "trade_price": 413.8, "trade_val": 133657.4, "order_id": "1100000005274606"}, {"date": "26/12/2024", "time": "09:29 AM", "segment": "NSE_CASH", "symbol": "HINDPETRO", "type": "SELL", "qty": 91.0, "trade_price": 413.8, "trade_val": 37655.8, "order_id": "1100000005274606"}, {"date": "26/12/2024", "time": "09:29 AM", "segment": "NSE_CASH", "symbol": "HINDPETRO", "type": "SELL", "qty": 60.0, "trade_price": 413.8, "trade_val": 24828.0, "order_id": "1100000005274606"}, {"date": "26/12/2024", "time": "09:29 AM", "segment": "NSE_CASH", "symbol": "HINDPETRO", "type": "SELL", "qty": 315.0, "trade_price": 413.8, "trade_val": 130347.0, "order_id": "1100000005274606"}, {"date": "26/12/2024", "time": "09:29 AM", "segment": "NSE_CASH", "symbol": "HINDPETRO", "type": "SELL", "qty": 100.0, "trade_price": 413.8, "trade_val": 41380.0, "order_id": "1100000005274606"}, {"date": "26/12/2024", "time": "09:29 AM", "segment": "NSE_CASH", "symbol": "HINDPETRO", "type": "SELL", "qty": 278.0, "trade_price": 413.8, "trade_val": 115036.4, "order_id": "1100000005274606"}, {"date": "26/12/2024", "time": "09:29 AM", "segment": "NSE_CASH", "symbol": "HINDPETRO", "type": "SELL", "qty": 499.0, "trade_price": 413.95, "trade_val": 206561.05, "order_id": "1100000005274606"}, {"date": "26/12/2024", "time": "10:35 AM", "segment": "NSE_CASH", "symbol": "ARE&M", "type": "BUY", "qty": 551.0, "trade_price": 1236.1, "trade_val": 681091.1, "order_id": "1000000014911356"}, {"date": "26/12/2024", "time": "10:30 AM", "segment": "NSE_CASH", "symbol": "ARE&M", "type": "SELL", "qty": 378.0, "trade_price": 1236.65, "trade_val": 467453.7, "order_id": "1000000014056251"}, {"date": "26/12/2024", "time": "10:30 AM", "segment": "NSE_CASH", "symbol": "ARE&M", "type": "SELL", "qty": 34.0, "trade_price": 1236.65, "trade_val": 42046.1, "order_id": "1000000014056251"}, {"date": "19/12/2024", "time": "09:48 AM", "segment": "NSE_CASH", "symbol": "RELIANCE", "type": "SELL", "qty": 2.0, "trade_price": 1239.6, "trade_val": 2479.2, "order_id": "1300000011081283"}, {"date": "19/12/2024", "time": "09:00 AM", "segment": "NSE_CASH", "symbol": "RELIANCE", "type": "BUY", "qty": 10.0, "trade_price": 1239.0, "trade_val": 12390.0, "order_id": "1300000000044748"}, {"date": "19/12/2024", "time": "09:00 AM", "segment": "NSE_CASH", "symbol": "RELIANCE", "type": "BUY", "qty": 2.0, "trade_price": 1239.0, "trade_val": 2478.0, "order_id": "1300000000044748"}, {"date": "19/12/2024", "time": "09:00 AM", "segment": "NSE_CASH", "symbol": "RELIANCE", "type": "BUY", "qty": 48.0, "trade_price": 1239.0, "trade_val": 59472.0, "order_id": "1300000000044748"}, {"date": "19/12/2024", "time": "09:00 AM", "segment": "NSE_CASH", "symbol": "RELIANCE", "type": "BUY", "qty": 2.0, "trade_price": 1239.0, "trade_val": 2478.0, "order_id": "1300000000044748"}, {"date": "19/12/2024", "time": "09:00 AM", "segment": "NSE_CASH", "symbol": "RELIANCE", "type": "BUY", "qty": 75.0, "trade_price": 1239.0, "trade_val": 92925.0, "order_id": "1300000000044748"}, {"date": "19/12/2024", "time": "09:00 AM", "segment": "NSE_CASH", "symbol": "RELIANCE", "type": "BUY", "qty": 1.0, "trade_price": 1239.0, "trade_val": 1239.0, "order_id": "1300000000044748"}, {"date": "19/12/2024", "time": "09:00 AM", "segment": "NSE_CASH", "symbol": "RELIANCE", "type": "BUY", "qty": 10.0, "trade_price": 1239.0, "trade_val": 12390.0, "order_id": "1300000000044748"}, {"date": "19/12/2024", "time": "09:00 AM", "segment": "NSE_CASH", "symbol": "RELIANCE", "type": "BUY", "qty": 20.0, "trade_price": 1239.0, "trade_val": 24780.0, "order_id": "1300000000044748"}, {"date": "19/12/2024", "time": "09:00 AM", "segment": "NSE_CASH", "symbol": "RELIANCE", "type": "BUY", "qty": 6.0, "trade_price": 1239.0, "trade_val": 7434.0, "order_id": "1300000000044748"}, {"date": "19/12/2024", "time": "09:00 AM", "segment": "NSE_CASH", "symbol": "RELIANCE", "type": "BUY", "qty": 13.0, "trade_price": 1239.0, "trade_val": 16107.0, "order_id": "1300000000044748"}, {"date": "19/12/2024", "time": "09:00 AM", "segment": "NSE_CASH", "symbol": "RELIANCE", "type": "BUY", "qty": 5.0, "trade_price": 1239.0, "trade_val": 6195.0, "order_id": "1300000000044748"}, {"date": "19/12/2024", "time": "09:00 AM", "segment": "NSE_CASH", "symbol": "RELIANCE", "type": "BUY", "qty": 8.0, "trade_price": 1239.0, "trade_val": 9912.0, "order_id": "1300000000044748"}, {"date": "19/12/2024", "time": "09:00 AM", "segment": "NSE_CASH", "symbol": "RELIANCE", "type": "BUY", "qty": 50.0, "trade_price": 1239.0, "trade_val": 61950.0, "order_id": "1300000000044748"}, {"date": "19/12/2024", "time": "09:48 AM", "segment": "NSE_CASH", "symbol": "RELIANCE", "type": "SELL", "qty": 3.0, "trade_price": 1239.6, "trade_val": 3718.8, "order_id": "1300000011081283"}, {"date": "19/12/2024", "time": "09:48 AM", "segment": "NSE_CASH", "symbol": "RELIANCE", "type": "SELL", "qty": 4.0, "trade_price": 1239.6, "trade_val": 4958.4, "order_id": "1300000011081283"}, {"date": "19/12/2024", "time": "09:48 AM", "segment": "NSE_CASH", "symbol": "RELIANCE", "type": "SELL", "qty": 5.0, "trade_price": 1239.6, "trade_val": 6198.0, "order_id": "1300000011081283"}, {"date": "19/12/2024", "time": "09:48 AM", "segment": "NSE_CASH", "symbol": "RELIANCE", "type": "SELL", "qty": 1.0, "trade_price": 1239.6, "trade_val": 1239.6, "order_id": "1300000011081283"}, {"date": "19/12/2024", "time": "09:48 AM", "segment": "NSE_CASH", "symbol": "RELIANCE", "type": "SELL", "qty": 4.0, "trade_price": 1239.6, "trade_val": 4958.4, "order_id": "1300000011081283"}, {"date": "19/12/2024", "time": "09:48 AM", "segment": "NSE_CASH", "symbol": "RELIANCE", "type": "SELL", "qty": 39.0, "trade_price": 1239.6, "trade_val": 48344.4, "order_id": "1300000011081283"}, {"date": "19/12/2024", "time": "09:48 AM", "segment": "NSE_CASH", "symbol": "RELIANCE", "type": "SELL", "qty": 1.0, "trade_price": 1239.6, "trade_val": 1239.6, "order_id": "1300000011081283"}, {"date": "19/12/2024", "time": "09:48 AM", "segment": "NSE_CASH", "symbol": "RELIANCE", "type": "SELL", "qty": 3.0, "trade_price": 1239.6, "trade_val": 3718.8, "order_id": "1300000011081283"}, {"date": "19/12/2024", "time": "09:48 AM", "segment": "NSE_CASH", "symbol": "RELIANCE", "type": "SELL", "qty": 3.0, "trade_price": 1239.6, "trade_val": 3718.8, "order_id": "1300000011081283"}, {"date": "19/12/2024", "time": "09:48 AM", "segment": "NSE_CASH", "symbol": "RELIANCE", "type": "SELL", "qty": 25.0, "trade_price": 1239.6, "trade_val": 30990.0, "order_id": "1300000011081283"}, {"date": "19/12/2024", "time": "09:48 AM", "segment": "NSE_CASH", "symbol": "RELIANCE", "type": "SELL", "qty": 24.0, "trade_price": 1239.6, "trade_val": 29750.4, "order_id": "1300000011081283"}, {"date": "19/12/2024", "time": "09:48 AM", "segment": "NSE_CASH", "symbol": "RELIANCE", "type": "SELL", "qty": 1.0, "trade_price": 1239.6, "trade_val": 1239.6, "order_id": "1300000011081283"}, {"date": "19/12/2024", "time": "09:48 AM", "segment": "NSE_CASH", "symbol": "RELIANCE", "type": "SELL", "qty": 5.0, "trade_price": 1239.6, "trade_val": 6198.0, "order_id": "1300000011081283"}, {"date": "19/12/2024", "time": "09:48 AM", "segment": "NSE_CASH", "symbol": "RELIANCE", "type": "SELL", "qty": 9.0, "trade_price": 1239.6, "trade_val": 11156.4, "order_id": "1300000011081283"}, {"date": "19/12/2024", "time": "09:48 AM", "segment": "NSE_CASH", "symbol": "RELIANCE", "type": "SELL", "qty": 3.0, "trade_price": 1239.6, "trade_val": 3718.8, "order_id": "1300000011081283"}, {"date": "19/12/2024", "time": "09:48 AM", "segment": "NSE_CASH", "symbol": "RELIANCE", "type": "SELL", "qty": 100.0, "trade_price": 1239.6, "trade_val": 123960.0, "order_id": "1300000011081283"}, {"date": "19/12/2024", "time": "09:48 AM", "segment": "NSE_CASH", "symbol": "RELIANCE", "type": "SELL", "qty": 8.0, "trade_price": 1239.6, "trade_val": 9916.8, "order_id": "1300000011081283"}, {"date": "19/12/2024", "time": "09:48 AM", "segment": "NSE_CASH", "symbol": "RELIANCE", "type": "SELL", "qty": 1.0, "trade_price": 1239.6, "trade_val": 1239.6, "order_id": "1300000011081283"}, {"date": "19/12/2024", "time": "09:48 AM", "segment": "NSE_CASH", "symbol": "RELIANCE", "type": "SELL", "qty": 7.0, "trade_price": 1239.6, "trade_val": 8677.2, "order_id": "1300000011081283"}, {"date": "19/12/2024", "time": "09:48 AM", "segment": "NSE_CASH", "symbol": "RELIANCE", "type": "SELL", "qty": 2.0, "trade_price": 1239.6, "trade_val": 2479.2, "order_id": "1300000011081283"}, {"date": "19/12/2024", "time": "10:13 AM", "segment": "NSE_CASH", "symbol": "IKS", "type": "BUY", "qty": 73.0, "trade_price": 1864.95, "trade_val": 136141.35, "order_id": "1400000000272976"}, {"date": "19/12/2024", "time": "10:15 AM", "segment": "NSE_CASH", "symbol": "IKS", "type": "SELL", "qty": 2.0, "trade_price": 1865.55, "trade_val": 3731.1, "order_id": "1400000000281496"}, {"date": "19/12/2024", "time": "10:15 AM", "segment": "NSE_CASH", "symbol": "IKS", "type": "SELL", "qty": 45.0, "trade_price": 1865.5, "trade_val": 83947.5, "order_id": "1400000000281496"}, {"date": "19/12/2024", "time": "10:15 AM", "segment": "NSE_CASH", "symbol": "IKS", "type": "SELL", "qty": 26.0, "trade_price": 1865.5, "trade_val": 48503.0, "order_id": "1400000000281496"}, {"date": "18/12/2024", "time": "09:17 AM", "segment": "NSE_CASH", "symbol": "NTPCGREEN", "type": "SELL", "qty": 138.0, "trade_price": 138.0, "trade_val": 19044.0, "order_id": "1200000001526894"}, {"date": "16/12/2024", "time": "10:02 AM", "segment": "NSE_CASH", "symbol": "BHARTIARTL", "type": "BUY", "qty": 269.0, "trade_price": 1666.65, "trade_val": 448328.85, "order_id": "1000000010748156"}, {"date": "16/12/2024", "time": "10:01 AM", "segment": "NSE_CASH", "symbol": "BHARTIARTL", "type": "SELL", "qty": 1.0, "trade_price": 1667.7, "trade_val": 1667.7, "order_id": "1000000007984852"}, {"date": "16/12/2024", "time": "10:01 AM", "segment": "NSE_CASH", "symbol": "BHARTIARTL", "type": "SELL", "qty": 1.0, "trade_price": 1667.7, "trade_val": 1667.7, "order_id": "1000000007984852"}, {"date": "16/12/2024", "time": "10:01 AM", "segment": "NSE_CASH", "symbol": "BHARTIARTL", "type": "SELL", "qty": 1.0, "trade_price": 1667.7, "trade_val": 1667.7, "order_id": "1000000007984852"}, {"date": "16/12/2024", "time": "10:01 AM", "segment": "NSE_CASH", "symbol": "BHARTIARTL", "type": "SELL", "qty": 58.0, "trade_price": 1667.7, "trade_val": 96726.6, "order_id": "1000000007984852"}, {"date": "16/12/2024", "time": "10:01 AM", "segment": "NSE_CASH", "symbol": "BHARTIARTL", "type": "SELL", "qty": 290.0, "trade_price": 1667.7, "trade_val": 483633.0, "order_id": "1000000007984852"}, {"date": "16/12/2024", "time": "10:01 AM", "segment": "NSE_CASH", "symbol": "BHARTIARTL", "type": "SELL", "qty": 1.0, "trade_price": 1667.7, "trade_val": 1667.7, "order_id": "1000000007984852"}, {"date": "16/12/2024", "time": "09:44 AM", "segment": "NSE_CASH", "symbol": "BHARTIARTL", "type": "SELL", "qty": 1.0, "trade_price": 1678.05, "trade_val": 1678.05, "order_id": "1000000007512416"}, {"date": "16/12/2024", "time": "09:44 AM", "segment": "NSE_CASH", "symbol": "BHARTIARTL", "type": "SELL", "qty": 265.0, "trade_price": 1678.05, "trade_val": 444683.25, "order_id": "1000000007512416"}, {"date": "16/12/2024", "time": "09:44 AM", "segment": "NSE_CASH", "symbol": "BHARTIARTL", "type": "SELL", "qty": 3.0, "trade_price": 1678.05, "trade_val": 5034.15, "order_id": "1000000007512416"}, {"date": "16/12/2024", "time": "09:40 AM", "segment": "NSE_CASH", "symbol": "BHARTIARTL", "type": "BUY", "qty": 6.0, "trade_price": 1666.95, "trade_val": 10001.7, "order_id": "1000000006023454"}, {"date": "16/12/2024", "time": "09:40 AM", "segment": "NSE_CASH", "symbol": "BHARTIARTL", "type": "BUY", "qty": 1.0, "trade_price": 1666.95, "trade_val": 1666.95, "order_id": "1000000006023454"}, {"date": "16/12/2024", "time": "09:40 AM", "segment": "NSE_CASH", "symbol": "BHARTIARTL", "type": "BUY", "qty": 330.0, "trade_price": 1666.95, "trade_val": 550093.5, "order_id": "1000000006023454"}, {"date": "16/12/2024", "time": "09:40 AM", "segment": "NSE_CASH", "symbol": "BHARTIARTL", "type": "BUY", "qty": 14.0, "trade_price": 1666.95, "trade_val": 23337.3, "order_id": "1000000006023454"}, {"date": "16/12/2024", "time": "09:40 AM", "segment": "NSE_CASH", "symbol": "BHARTIARTL", "type": "BUY", "qty": 1.0, "trade_price": 1666.95, "trade_val": 1666.95, "order_id": "1000000006023454"}, {"date": "16/12/2024", "time": "09:17 AM", "segment": "NSE_CASH", "symbol": "BHARTIARTL", "type": "BUY", "qty": 281.0, "trade_price": 1685.45, "trade_val": 473611.45, "order_id": "1000000000921153"}, {"date": "16/12/2024", "time": "09:17 AM", "segment": "NSE_CASH", "symbol": "BHARTIARTL", "type": "BUY", "qty": 50.0, "trade_price": 1685.45, "trade_val": 84272.5, "order_id": "1000000000921153"}, {"date": "16/12/2024", "time": "09:17 AM", "segment": "NSE_CASH", "symbol": "BHARTIARTL", "type": "BUY", "qty": 26.0, "trade_price": 1685.45, "trade_val": 43821.7, "order_id": "1000000000921153"}, {"date": "16/12/2024", "time": "09:16 AM", "segment": "NSE_CASH", "symbol": "BHARTIARTL", "type": "SELL", "qty": 54.0, "trade_price": 1678.35, "trade_val": 90630.9, "order_id": "1000000000632422"}, {"date": "16/12/2024", "time": "09:16 AM", "segment": "NSE_CASH", "symbol": "BHARTIARTL", "type": "SELL", "qty": 303.0, "trade_price": 1678.35, "trade_val": 508540.05, "order_id": "1000000000632422"}, {"date": "05/12/2024", "time": "02:53 PM", "segment": "NSE_CASH", "symbol": "ACMESOLAR", "type": "SELL", "qty": 400.0, "trade_price": 275.3, "trade_val": 110120.0, "order_id": "1000000051802719"}, {"date": "04/12/2024", "time": "02:44 PM", "segment": "NSE_CASH", "symbol": "ACMESOLAR", "type": "BUY", "qty": 25.0, "trade_price": 278.0, "trade_val": 6950.0, "order_id": "1000000042281237"}, {"date": "04/12/2024", "time": "02:44 PM", "segment": "NSE_CASH", "symbol": "ACMESOLAR", "type": "BUY", "qty": 100.0, "trade_price": 278.0, "trade_val": 27800.0, "order_id": "1000000042281237"}, {"date": "04/12/2024", "time": "02:44 PM", "segment": "NSE_CASH", "symbol": "ACMESOLAR", "type": "BUY", "qty": 50.0, "trade_price": 278.0, "trade_val": 13900.0, "order_id": "1000000042281237"}, {"date": "04/12/2024", "time": "02:44 PM", "segment": "NSE_CASH", "symbol": "ACMESOLAR", "type": "BUY", "qty": 1.0, "trade_price": 278.0, "trade_val": 278.0, "order_id": "1000000042281237"}, {"date": "04/12/2024", "time": "02:44 PM", "segment": "NSE_CASH", "symbol": "ACMESOLAR", "type": "BUY", "qty": 105.0, "trade_price": 278.1, "trade_val": 29200.5, "order_id": "1000000042281237"}, {"date": "04/12/2024", "time": "02:44 PM", "segment": "NSE_CASH", "symbol": "ACMESOLAR", "type": "BUY", "qty": 119.0, "trade_price": 278.0, "trade_val": 33082.0, "order_id": "1000000042281237"}, {"date": "02/12/2024", "time": "10:29 AM", "segment": "NSE_CASH", "symbol": "BHARTIARTL", "type": "SELL", "qty": 26.0, "trade_price": 1640.35, "trade_val": 42649.1, "order_id": "1000000015925872"}, {"date": "02/12/2024", "time": "10:29 AM", "segment": "NSE_CASH", "symbol": "BHARTIARTL", "type": "SELL", "qty": 24.0, "trade_price": 1640.35, "trade_val": 39368.4, "order_id": "1000000015925872"}, {"date": "02/12/2024", "time": "10:29 AM", "segment": "NSE_CASH", "symbol": "BHARTIARTL", "type": "SELL", "qty": 75.0, "trade_price": 1640.3, "trade_val": 123022.5, "order_id": "1000000015925872"}, {"date": "02/12/2024", "time": "10:29 AM", "segment": "NSE_CASH", "symbol": "BHARTIARTL", "type": "SELL", "qty": 25.0, "trade_price": 1640.35, "trade_val": 41008.75, "order_id": "1000000015925872"}, {"date": "02/12/2024", "time": "10:29 AM", "segment": "NSE_CASH", "symbol": "BHARTIARTL", "type": "SELL", "qty": 26.0, "trade_price": 1640.35, "trade_val": 42649.1, "order_id": "1000000015925872"}, {"date": "02/12/2024", "time": "10:29 AM", "segment": "NSE_CASH", "symbol": "BHARTIARTL", "type": "SELL", "qty": 8.0, "trade_price": 1640.35, "trade_val": 13122.8, "order_id": "1000000015925872"}, {"date": "02/12/2024", "time": "10:29 AM", "segment": "NSE_CASH", "symbol": "BHARTIARTL", "type": "SELL", "qty": 40.0, "trade_price": 1640.35, "trade_val": 65614.0, "order_id": "1000000015925872"}, {"date": "02/12/2024", "time": "10:29 AM", "segment": "NSE_CASH", "symbol": "BHARTIARTL", "type": "SELL", "qty": 19.0, "trade_price": 1640.35, "trade_val": 31166.65, "order_id": "1000000015925872"}, {"date": "02/12/2024", "time": "10:29 AM", "segment": "NSE_CASH", "symbol": "BHARTIARTL", "type": "SELL", "qty": 10.0, "trade_price": 1640.35, "trade_val": 16403.5, "order_id": "1000000015925872"}, {"date": "02/12/2024", "time": "10:29 AM", "segment": "NSE_CASH", "symbol": "BHARTIARTL", "type": "SELL", "qty": 5.0, "trade_price": 1640.35, "trade_val": 8201.75, "order_id": "1000000015925872"}, {"date": "02/12/2024", "time": "10:29 AM", "segment": "NSE_CASH", "symbol": "BHARTIARTL", "type": "SELL", "qty": 22.0, "trade_price": 1640.35, "trade_val": 36087.7, "order_id": "1000000015925872"}, {"date": "02/12/2024", "time": "10:11 AM", "segment": "NSE_CASH", "symbol": "ADANIGREEN", "type": "SELL", "qty": 196.0, "trade_price": 1354.7, "trade_val": 265521.2, "order_id": "1000000013211777"}, {"date": "02/12/2024", "time": "10:11 AM", "segment": "NSE_CASH", "symbol": "ADANIGREEN", "type": "SELL", "qty": 32.0, "trade_price": 1354.7, "trade_val": 43350.4, "order_id": "1000000013211777"}, {"date": "02/12/2024", "time": "10:11 AM", "segment": "NSE_CASH", "symbol": "ADANIGREEN", "type": "SELL", "qty": 56.0, "trade_price": 1354.7, "trade_val": 75863.2, "order_id": "1000000013211777"}, {"date": "02/12/2024", "time": "10:11 AM", "segment": "NSE_CASH", "symbol": "ADANIGREEN", "type": "SELL", "qty": 44.0, "trade_price": 1354.7, "trade_val": 59606.8, "order_id": "1000000013211777"}, {"date": "02/12/2024", "time": "10:11 AM", "segment": "NSE_CASH", "symbol": "ADANIGREEN", "type": "SELL", "qty": 119.0, "trade_price": 1354.7, "trade_val": 161209.3, "order_id": "1000000013211777"}, {"date": "02/12/2024", "time": "10:15 AM", "segment": "NSE_CASH", "symbol": "ADANIGREEN", "type": "BUY", "qty": 447.0, "trade_price": 1353.35, "trade_val": 604947.45, "order_id": "1000000013276302"}, {"date": "02/12/2024", "time": "10:27 AM", "segment": "NSE_CASH", "symbol": "BHARTIARTL", "type": "BUY", "qty": 6.0, "trade_price": 1640.35, "trade_val": 9842.1, "order_id": "1000000015497512"}, {"date": "02/12/2024", "time": "10:27 AM", "segment": "NSE_CASH", "symbol": "BHARTIARTL", "type": "BUY", "qty": 1.0, "trade_price": 1640.35, "trade_val": 1640.35, "order_id": "1000000015497512"}, {"date": "02/12/2024", "time": "10:27 AM", "segment": "NSE_CASH", "symbol": "BHARTIARTL", "type": "BUY", "qty": 135.0, "trade_price": 1640.35, "trade_val": 221447.25, "order_id": "1000000015497512"}, {"date": "02/12/2024", "time": "10:27 AM", "segment": "NSE_CASH", "symbol": "BHARTIARTL", "type": "BUY", "qty": 17.0, "trade_price": 1640.35, "trade_val": 27885.95, "order_id": "1000000015497512"}, {"date": "02/12/2024", "time": "10:27 AM", "segment": "NSE_CASH", "symbol": "BHARTIARTL", "type": "BUY", "qty": 50.0, "trade_price": 1640.35, "trade_val": 82017.5, "order_id": "1000000015497512"}, {"date": "02/12/2024", "time": "10:27 AM", "segment": "NSE_CASH", "symbol": "BHARTIARTL", "type": "BUY", "qty": 100.0, "trade_price": 1640.35, "trade_val": 164035.0, "order_id": "1000000015497512"}, {"date": "02/12/2024", "time": "10:29 AM", "segment": "NSE_CASH", "symbol": "BHARTIARTL", "type": "SELL", "qty": 40.0, "trade_price": 1640.35, "trade_val": 65614.0, "order_id": "1000000015925872"}, {"date": "02/12/2024", "time": "10:29 AM", "segment": "NSE_CASH", "symbol": "BHARTIARTL", "type": "SELL", "qty": 25.0, "trade_price": 1640.35, "trade_val": 41008.75, "order_id": "1000000015925872"}, {"date": "02/12/2024", "time": "10:29 AM", "segment": "NSE_CASH", "symbol": "BHARTIARTL", "type": "SELL", "qty": 24.0, "trade_price": 1640.35, "trade_val": 39368.4, "order_id": "1000000015925872"}, {"date": "02/12/2024", "time": "10:27 AM", "segment": "NSE_CASH", "symbol": "BHARTIARTL", "type": "BUY", "qty": 60.0, "trade_price": 1640.35, "trade_val": 98421.0, "order_id": "1000000015497512"}], "total_res": 114.0}, "status_code": 200, "code": 200}