{"s": "ok", "message": "Success", "data": {"COLUMNS": [{"date": "Date", "time": "Time", "segment": "Segment", "symbol": "Symbol", "type": "Trade Type", "qty": "Quantity", "trade_price": "Trade Price (\u20b9)", "trade_val": "Trade Value  (\u20b9)", "order_id": "Order id"}], "DATA": [{"date": "22/10/2021", "time": "09:50 AM", "segment": "NSE_CASH", "symbol": "TATAMOTORS", "type": "BUY", "qty": 49.0, "trade_price": 502.6, "trade_val": 24627.4, "order_id": "1300000004697632"}, {"date": "22/10/2021", "time": "03:12 PM", "segment": "NSE_CASH", "symbol": "PERSISTENT", "type": "SELL", "qty": 8.0, "trade_price": 3853.6, "trade_val": 30828.8, "order_id": "1200000024946375"}, {"date": "22/10/2021", "time": "02:54 PM", "segment": "NSE_CASH", "symbol": "PERSISTENT", "type": "BUY", "qty": 8.0, "trade_price": 3774.05, "trade_val": 30192.4, "order_id": "1200000023844947"}, {"date": "22/10/2021", "time": "02:17 PM", "segment": "NSE_CASH", "symbol": "PERSISTENT", "type": "SELL", "qty": 8.0, "trade_price": 3711.9, "trade_val": 29695.2, "order_id": "1200000017702589"}, {"date": "22/10/2021", "time": "12:53 PM", "segment": "NSE_CASH", "symbol": "PERSISTENT", "type": "BUY", "qty": 8.0, "trade_price": 3767.05, "trade_val": 30136.4, "order_id": "1200000014736952"}, {"date": "22/10/2021", "time": "12:16 PM", "segment": "NSE_CASH", "symbol": "TATAMOTORS", "type": "SELL", "qty": 66.0, "trade_price": 488.55, "trade_val": 32244.3, "order_id": "1300000012401164"}, {"date": "22/10/2021", "time": "11:27 AM", "segment": "NSE_CASH", "symbol": "TATAMOTORS", "type": "BUY", "qty": 66.0, "trade_price": 492.05, "trade_val": 32475.3, "order_id": "1300000011247054"}, {"date": "22/10/2021", "time": "11:17 AM", "segment": "NSE_CASH", "symbol": "TATAMOTORS", "type": "SELL", "qty": 67.0, "trade_price": 494.45, "trade_val": 33128.15, "order_id": "1300000010267222"}, {"date": "22/10/2021", "time": "11:03 AM", "segment": "NSE_CASH", "symbol": "TATAMOTORS", "type": "BUY", "qty": 67.0, "trade_price": 497.3, "trade_val": 33319.1, "order_id": "1300000008903362"}, {"date": "22/10/2021", "time": "10:28 AM", "segment": "NSE_CASH", "symbol": "TATAMOTORS", "type": "SELL", "qty": 67.0, "trade_price": 503.6, "trade_val": 33741.2, "order_id": "1300000007699440"}, {"date": "22/10/2021", "time": "10:02 AM", "segment": "NSE_CASH", "symbol": "TATAMOTORS", "type": "BUY", "qty": 67.0, "trade_price": 503.6, "trade_val": 33741.2, "order_id": "1300000005222946"}, {"date": "22/10/2021", "time": "09:50 AM", "segment": "NSE_CASH", "symbol": "TATAMOTORS", "type": "SELL", "qty": 67.0, "trade_price": 502.95, "trade_val": 33697.65, "order_id": "1300000004792460"}, {"date": "22/10/2021", "time": "09:50 AM", "segment": "NSE_CASH", "symbol": "TATAMOTORS", "type": "BUY", "qty": 18.0, "trade_price": 502.7, "trade_val": 9048.6, "order_id": "1300000004697632"}, {"date": "21/10/2021", "time": "12:38 PM", "segment": "NSE_CASH", "symbol": "LTI", "type": "SELL", "qty": 1.0, "trade_price": 6655.0, "trade_val": 6655.0, "order_id": "1200000011797493"}, {"date": "21/10/2021", "time": "12:38 PM", "segment": "NSE_CASH", "symbol": "LTI", "type": "SELL", "qty": 4.0, "trade_price": 6655.0, "trade_val": 26620.0, "order_id": "1200000011797493"}, {"date": "21/10/2021", "time": "11:18 AM", "segment": "NSE_CASH", "symbol": "LTI", "type": "BUY", "qty": 5.0, "trade_price": 6646.8, "trade_val": 33234.0, "order_id": "1200000010784713"}, {"date": "20/10/2021", "time": "11:35 AM", "segment": "NSE_CASH", "symbol": "IRCTC", "type": "SELL", "qty": 1.0, "trade_price": 4581.75, "trade_val": 4581.75, "order_id": "1100000013420573"}, {"date": "20/10/2021", "time": "10:58 AM", "segment": "NSE_CASH", "symbol": "IRCTC", "type": "BUY", "qty": 1.0, "trade_price": 4728.0, "trade_val": 4728.0, "order_id": "1100000012834385"}, {"date": "18/10/2021", "time": "12:29 PM", "segment": "NSE_CASH", "symbol": "TATAPOWER", "type": "SELL", "qty": 129.0, "trade_price": 260.1, "trade_val": 33552.9, "order_id": "1300000014978604"}, {"date": "18/10/2021", "time": "10:13 AM", "segment": "NSE_CASH", "symbol": "HINDZINC", "type": "BUY", "qty": 90.0, "trade_price": 385.55, "trade_val": 34699.5, "order_id": "1100000005452317"}, {"date": "18/10/2021", "time": "11:08 AM", "segment": "NSE_CASH", "symbol": "HINDZINC", "type": "SELL", "qty": 34.0, "trade_price": 386.6, "trade_val": 13144.4, "order_id": "1100000007936120"}, {"date": "18/10/2021", "time": "11:08 AM", "segment": "NSE_CASH", "symbol": "HINDZINC", "type": "SELL", "qty": 8.0, "trade_price": 386.6, "trade_val": 3092.8, "order_id": "1100000007936120"}, {"date": "18/10/2021", "time": "11:08 AM", "segment": "NSE_CASH", "symbol": "HINDZINC", "type": "SELL", "qty": 48.0, "trade_price": 386.6, "trade_val": 18556.8, "order_id": "1100000007936120"}, {"date": "18/10/2021", "time": "12:16 PM", "segment": "NSE_CASH", "symbol": "TATAPOWER", "type": "BUY", "qty": 69.0, "trade_price": 259.8, "trade_val": 17926.2, "order_id": "1300000014820644"}, {"date": "18/10/2021", "time": "12:16 PM", "segment": "NSE_CASH", "symbol": "TATAPOWER", "type": "BUY", "qty": 61.0, "trade_price": 259.8, "trade_val": 15847.8, "order_id": "1300000014820644"}, {"date": "18/10/2021", "time": "12:29 PM", "segment": "NSE_CASH", "symbol": "TATAPOWER", "type": "SELL", "qty": 1.0, "trade_price": 260.1, "trade_val": 260.1, "order_id": "1300000014978604"}, {"date": "18/10/2021", "time": "02:13 PM", "segment": "NSE_CASH", "symbol": "TATAPOWER", "type": "BUY", "qty": 1.0, "trade_price": 257.75, "trade_val": 257.75, "order_id": "1300000020471827"}, {"date": "18/10/2021", "time": "02:13 PM", "segment": "NSE_CASH", "symbol": "TATAPOWER", "type": "BUY", "qty": 129.0, "trade_price": 257.75, "trade_val": 33249.75, "order_id": "1300000020471827"}, {"date": "18/10/2021", "time": "02:17 PM", "segment": "NSE_CASH", "symbol": "TATAPOWER", "type": "SELL", "qty": 130.0, "trade_price": 258.1, "trade_val": 33553.0, "order_id": "1300000021232535"}, {"date": "14/10/2021", "time": "09:47 AM", "segment": "NSE_CASH", "symbol": "WIPRO", "type": "BUY", "qty": 44.0, "trade_price": 708.45, "trade_val": 31171.8, "order_id": "1300000005579761"}, {"date": "14/10/2021", "time": "10:17 AM", "segment": "NSE_CASH", "symbol": "WIPRO", "type": "SELL", "qty": 11.0, "trade_price": 721.3, "trade_val": 7934.3, "order_id": "1300000005631089"}, {"date": "14/10/2021", "time": "10:17 AM", "segment": "NSE_CASH", "symbol": "WIPRO", "type": "SELL", "qty": 25.0, "trade_price": 721.3, "trade_val": 18032.5, "order_id": "1300000005631089"}, {"date": "14/10/2021", "time": "10:17 AM", "segment": "NSE_CASH", "symbol": "WIPRO", "type": "SELL", "qty": 8.0, "trade_price": 721.3, "trade_val": 5770.4, "order_id": "1300000005631089"}, {"date": "13/10/2021", "time": "10:52 AM", "segment": "NSE_CASH", "symbol": "TATAMOTORS", "type": "SELL", "qty": 250.0, "trade_price": 496.4, "trade_val": 124100.0, "order_id": "1300000007006605"}, {"date": "13/10/2021", "time": "12:21 PM", "segment": "NSE_CASH", "symbol": "TATAMOTORS", "type": "BUY", "qty": 250.0, "trade_price": 496.0, "trade_val": 124000.0, "order_id": "1300000010590399"}, {"date": "13/10/2021", "time": "12:36 PM", "segment": "MF_BSE", "symbol": "IC9600-GR           ", "type": "BUY", "qty": 755.535, "trade_price": 26.47, "trade_val": 19999.0115, "order_id": "305550689"}, {"date": "07/10/2021", "time": "09:20 AM", "segment": "NSE_CASH", "symbol": "TITAN", "type": "BUY", "qty": 18.0, "trade_price": 2341.95, "trade_val": 42155.1, "order_id": "1300000001202269"}, {"date": "07/10/2021", "time": "09:20 AM", "segment": "NSE_CASH", "symbol": "TITAN", "type": "BUY", "qty": 10.0, "trade_price": 2341.95, "trade_val": 23419.5, "order_id": "1300000001202269"}, {"date": "07/10/2021", "time": "09:20 AM", "segment": "NSE_CASH", "symbol": "TITAN", "type": "BUY", "qty": 4.0, "trade_price": 2341.95, "trade_val": 9367.8, "order_id": "1300000001202269"}, {"date": "07/10/2021", "time": "09:34 AM", "segment": "NSE_CASH", "symbol": "TITAN", "type": "SELL", "qty": 50.0, "trade_price": 2310.05, "trade_val": 115502.5, "order_id": "1300000001475294"}, {"date": "07/10/2021", "time": "09:20 AM", "segment": "NSE_CASH", "symbol": "TITAN", "type": "BUY", "qty": 18.0, "trade_price": 2341.95, "trade_val": 42155.1, "order_id": "1300000001202269"}, {"date": "06/10/2021", "time": "12:09 PM", "segment": "NSE_CASH", "symbol": "GODREJCP", "type": "BUY", "qty": 30.0, "trade_price": 1028.8, "trade_val": 30864.0, "order_id": "1100000012272519"}, {"date": "06/10/2021", "time": "12:09 PM", "segment": "NSE_CASH", "symbol": "GODREJCP", "type": "BUY", "qty": 52.0, "trade_price": 1028.8, "trade_val": 53497.6, "order_id": "1100000012272519"}, {"date": "06/10/2021", "time": "12:04 PM", "segment": "NSE_CASH", "symbol": "GODREJCP", "type": "SELL", "qty": 48.0, "trade_price": 1025.05, "trade_val": 49202.4, "order_id": "1100000010006702"}, {"date": "06/10/2021", "time": "12:04 PM", "segment": "NSE_CASH", "symbol": "GODREJCP", "type": "SELL", "qty": 60.0, "trade_price": 1025.15, "trade_val": 61509.0, "order_id": "1100000010006702"}, {"date": "06/10/2021", "time": "12:04 PM", "segment": "NSE_CASH", "symbol": "GODREJCP", "type": "SELL", "qty": 25.0, "trade_price": 1025.1, "trade_val": 25627.5, "order_id": "1100000010006702"}, {"date": "06/10/2021", "time": "12:04 PM", "segment": "NSE_CASH", "symbol": "GODREJCP", "type": "SELL", "qty": 1.0, "trade_price": 1025.15, "trade_val": 1025.15, "order_id": "1100000010006702"}, {"date": "06/10/2021", "time": "11:09 AM", "segment": "NSE_CASH", "symbol": "GODREJCP", "type": "BUY", "qty": 73.0, "trade_price": 1027.7, "trade_val": 75022.1, "order_id": "1100000009570631"}, {"date": "06/10/2021", "time": "11:09 AM", "segment": "NSE_CASH", "symbol": "GODREJCP", "type": "BUY", "qty": 4.0, "trade_price": 1027.65, "trade_val": 4110.6, "order_id": "1100000009570631"}, {"date": "06/10/2021", "time": "11:09 AM", "segment": "NSE_CASH", "symbol": "GODREJCP", "type": "BUY", "qty": 58.0, "trade_price": 1027.65, "trade_val": 59603.7, "order_id": "1100000009570631"}, {"date": "06/10/2021", "time": "11:09 AM", "segment": "NSE_CASH", "symbol": "GODREJCP", "type": "BUY", "qty": 1.0, "trade_price": 1027.7, "trade_val": 1027.7, "order_id": "1100000009570631"}, {"date": "06/10/2021", "time": "10:45 AM", "segment": "NSE_CASH", "symbol": "GODREJCP", "type": "BUY", "qty": 138.0, "trade_price": 1025.7, "trade_val": 141546.6, "order_id": "1100000008258885"}, {"date": "06/10/2021", "time": "11:03 AM", "segment": "NSE_CASH", "symbol": "GODREJCP", "type": "SELL", "qty": 133.0, "trade_price": 1025.2, "trade_val": 136351.6, "order_id": "1100000009301042"}, {"date": "06/10/2021", "time": "11:03 AM", "segment": "NSE_CASH", "symbol": "GODREJCP", "type": "SELL", "qty": 3.0, "trade_price": 1025.2, "trade_val": 3075.6, "order_id": "1100000009301042"}, {"date": "06/10/2021", "time": "10:52 AM", "segment": "NSE_CASH", "symbol": "GODREJCP", "type": "SELL", "qty": 138.0, "trade_price": 1021.7, "trade_val": 140994.6, "order_id": "1100000008430056"}, {"date": "06/10/2021", "time": "12:09 PM", "segment": "NSE_CASH", "symbol": "GODREJCP", "type": "BUY", "qty": 1.0, "trade_price": 1028.7, "trade_val": 1028.7, "order_id": "1100000012272519"}, {"date": "06/10/2021", "time": "12:09 PM", "segment": "NSE_CASH", "symbol": "GODREJCP", "type": "BUY", "qty": 51.0, "trade_price": 1028.75, "trade_val": 52466.25, "order_id": "1100000012272519"}], "total_res": 57.0}, "status_code": 200, "code": 200}