{"s": "ok", "message": "Success", "data": {"COLUMNS": [{"date": "Date", "time": "Time", "segment": "Segment", "symbol": "Symbol", "type": "Trade Type", "qty": "Quantity", "trade_price": "Trade Price (\u20b9)", "trade_val": "Trade Value  (\u20b9)", "order_id": "Order id"}], "DATA": [{"date": "21/08/2025", "time": "12:00 AM", "segment": "NSE_FNO", "symbol": "IO CE NIFTY 21Aug2025 25100", "type": "SELL", "qty": 7500.0, "trade_price": 0.0, "trade_val": 0.0, "order_id": ""}, {"date": "21/08/2025", "time": "03:06 PM", "segment": "NSE_FNO", "symbol": "IO CE NIFTY 21Aug2025 25100", "type": "BUY", "qty": 600.0, "trade_price": 1.0, "trade_val": 600.0, "order_id": "1500000236293726"}, {"date": "21/08/2025", "time": "03:06 PM", "segment": "NSE_FNO", "symbol": "IO CE NIFTY 21Aug2025 25100", "type": "BUY", "qty": 600.0, "trade_price": 1.0, "trade_val": 600.0, "order_id": "1500000236293671"}, {"date": "21/08/2025", "time": "03:06 PM", "segment": "NSE_FNO", "symbol": "IO CE NIFTY 21Aug2025 25100", "type": "BUY", "qty": 1200.0, "trade_price": 1.0, "trade_val": 1200.0, "order_id": "1500000236293671"}, {"date": "21/08/2025", "time": "03:06 PM", "segment": "NSE_FNO", "symbol": "IO CE NIFTY 21Aug2025 25100", "type": "BUY", "qty": 1200.0, "trade_price": 1.0, "trade_val": 1200.0, "order_id": "1500000236293726"}, {"date": "21/08/2025", "time": "03:06 PM", "segment": "NSE_FNO", "symbol": "IO CE NIFTY 21Aug2025 25100", "type": "BUY", "qty": 300.0, "trade_price": 1.0, "trade_val": 300.0, "order_id": "1500000236294563"}, {"date": "21/08/2025", "time": "03:06 PM", "segment": "NSE_FNO", "symbol": "IO CE NIFTY 21Aug2025 25100", "type": "BUY", "qty": 600.0, "trade_price": 1.0, "trade_val": 600.0, "order_id": "1500000236294414"}, {"date": "21/08/2025", "time": "03:06 PM", "segment": "NSE_FNO", "symbol": "IO CE NIFTY 21Aug2025 25100", "type": "BUY", "qty": 1200.0, "trade_price": 1.0, "trade_val": 1200.0, "order_id": "1500000236294414"}, {"date": "21/08/2025", "time": "03:06 PM", "segment": "NSE_FNO", "symbol": "IO CE NIFTY 21Aug2025 25100", "type": "BUY", "qty": 600.0, "trade_price": 1.0, "trade_val": 600.0, "order_id": "1500000236293975"}, {"date": "21/08/2025", "time": "03:06 PM", "segment": "NSE_FNO", "symbol": "IO CE NIFTY 21Aug2025 25100", "type": "BUY", "qty": 1200.0, "trade_price": 1.0, "trade_val": 1200.0, "order_id": "1500000236293975"}, {"date": "21/08/2025", "time": "02:24 PM", "segment": "NSE_FNO", "symbol": "IO PE NIFTY 21Aug2025 25150", "type": "SELL", "qty": 300.0, "trade_price": 23.05, "trade_val": 6915.0, "order_id": "1600000183423925"}, {"date": "21/08/2025", "time": "02:24 PM", "segment": "NSE_FNO", "symbol": "IO PE NIFTY 21Aug2025 25150", "type": "SELL", "qty": 75.0, "trade_price": 23.05, "trade_val": 1728.75, "order_id": "1600000183423925"}, {"date": "21/08/2025", "time": "02:16 PM", "segment": "NSE_FNO", "symbol": "IO PE NIFTY 21Aug2025 25150", "type": "BUY", "qty": 375.0, "trade_price": 22.5, "trade_val": 8437.5, "order_id": "1600000176182000"}, {"date": "20/08/2025", "time": "12:17 PM", "segment": "NSE_FNO", "symbol": "IO PE NIFTY 21Aug2025 24850", "type": "BUY", "qty": 225.0, "trade_price": 13.9, "trade_val": 3127.5, "order_id": "1000000086848578"}, {"date": "20/08/2025", "time": "12:30 PM", "segment": "NSE_FNO", "symbol": "IO PE NIFTY 21Aug2025 24850", "type": "SELL", "qty": 450.0, "trade_price": 13.9, "trade_val": 6255.0, "order_id": "1000000090286535"}, {"date": "20/08/2025", "time": "12:30 PM", "segment": "NSE_FNO", "symbol": "IO PE NIFTY 21Aug2025 24850", "type": "SELL", "qty": 75.0, "trade_price": 13.9, "trade_val": 1042.5, "order_id": "1000000090286535"}, {"date": "20/08/2025", "time": "12:30 PM", "segment": "NSE_FNO", "symbol": "IO PE NIFTY 21Aug2025 24850", "type": "SELL", "qty": 150.0, "trade_price": 13.9, "trade_val": 2085.0, "order_id": "1000000090286535"}, {"date": "20/08/2025", "time": "12:17 PM", "segment": "NSE_FNO", "symbol": "IO PE NIFTY 21Aug2025 24850", "type": "BUY", "qty": 450.0, "trade_price": 13.9, "trade_val": 6255.0, "order_id": "1000000086848578"}, {"date": "19/08/2025", "time": "02:29 PM", "segment": "BSE_FNO", "symbol": "IO PE SENSEX 19Aug2025 81200", "type": "SELL", "qty": 1000.0, "trade_price": 2.4, "trade_val": 2400.0, "order_id": "1755593173118850598"}, {"date": "19/08/2025", "time": "02:27 PM", "segment": "BSE_FNO", "symbol": "IO PE SENSEX 19Aug2025 81200", "type": "BUY", "qty": 340.0, "trade_price": 2.4, "trade_val": 816.0, "order_id": "1755593173118802694"}, {"date": "19/08/2025", "time": "02:27 PM", "segment": "BSE_FNO", "symbol": "IO PE SENSEX 19Aug2025 81200", "type": "BUY", "qty": 660.0, "trade_price": 2.4, "trade_val": 1584.0, "order_id": "1755593173118802438"}, {"date": "19/08/2025", "time": "02:27 PM", "segment": "BSE_FNO", "symbol": "IO PE SENSEX 19Aug2025 81200", "type": "BUY", "qty": 340.0, "trade_price": 2.4, "trade_val": 816.0, "order_id": "1755593173118802438"}, {"date": "19/08/2025", "time": "02:27 PM", "segment": "BSE_FNO", "symbol": "IO PE SENSEX 19Aug2025 81200", "type": "BUY", "qty": 660.0, "trade_price": 2.4, "trade_val": 1584.0, "order_id": "1755593173118802694"}, {"date": "19/08/2025", "time": "02:27 PM", "segment": "BSE_FNO", "symbol": "IO PE SENSEX 19Aug2025 81200", "type": "BUY", "qty": 980.0, "trade_price": 2.4, "trade_val": 2352.0, "order_id": "1755593173118802976"}, {"date": "19/08/2025", "time": "02:27 PM", "segment": "BSE_FNO", "symbol": "IO PE SENSEX 19Aug2025 81200", "type": "BUY", "qty": 20.0, "trade_price": 2.4, "trade_val": 48.0, "order_id": "1755593173118802900"}, {"date": "19/08/2025", "time": "02:27 PM", "segment": "BSE_FNO", "symbol": "IO PE SENSEX 19Aug2025 81200", "type": "BUY", "qty": 980.0, "trade_price": 2.4, "trade_val": 2352.0, "order_id": "1755593173118802900"}, {"date": "19/08/2025", "time": "02:27 PM", "segment": "BSE_FNO", "symbol": "IO PE SENSEX 19Aug2025 81200", "type": "BUY", "qty": 20.0, "trade_price": 2.4, "trade_val": 48.0, "order_id": "1755593173118802976"}, {"date": "19/08/2025", "time": "02:27 PM", "segment": "BSE_FNO", "symbol": "IO PE SENSEX 19Aug2025 81200", "type": "BUY", "qty": 100.0, "trade_price": 2.4, "trade_val": 240.0, "order_id": "1755593173118803033"}, {"date": "19/08/2025", "time": "02:27 PM", "segment": "BSE_FNO", "symbol": "IO PE SENSEX 19Aug2025 81200", "type": "BUY", "qty": 20.0, "trade_price": 2.4, "trade_val": 48.0, "order_id": "1755593173118803033"}, {"date": "19/08/2025", "time": "02:29 PM", "segment": "BSE_FNO", "symbol": "IO PE SENSEX 19Aug2025 81200", "type": "SELL", "qty": 1000.0, "trade_price": 2.4, "trade_val": 2400.0, "order_id": "1755593173118850579"}, {"date": "19/08/2025", "time": "02:29 PM", "segment": "BSE_FNO", "symbol": "IO PE SENSEX 19Aug2025 81200", "type": "SELL", "qty": 120.0, "trade_price": 2.4, "trade_val": 288.0, "order_id": "1755593173118850604"}, {"date": "19/08/2025", "time": "02:29 PM", "segment": "BSE_FNO", "symbol": "IO PE SENSEX 19Aug2025 81200", "type": "SELL", "qty": 1000.0, "trade_price": 2.4, "trade_val": 2400.0, "order_id": "1755593173118850588"}, {"date": "19/08/2025", "time": "02:29 PM", "segment": "BSE_FNO", "symbol": "IO PE SENSEX 19Aug2025 81200", "type": "SELL", "qty": 1000.0, "trade_price": 2.4, "trade_val": 2400.0, "order_id": "1755593173118850585"}, {"date": "18/08/2025", "time": "12:10 PM", "segment": "BSE_FNO", "symbol": "IO CE SENSEX 19Aug2025 81900", "type": "BUY", "qty": 100.0, "trade_price": 85.7, "trade_val": 8570.0, "order_id": "1755498769218909676"}, {"date": "18/08/2025", "time": "12:15 PM", "segment": "BSE_FNO", "symbol": "IO CE SENSEX 19Aug2025 81900", "type": "SELL", "qty": 100.0, "trade_price": 85.45, "trade_val": 8545.0, "order_id": "1755499296427464372"}, {"date": "13/08/2025", "time": "01:40 PM", "segment": "NSE_FNO", "symbol": "IO PE NIFTY 14Aug2025 24450", "type": "BUY", "qty": 600.0, "trade_price": 13.0, "trade_val": 7800.0, "order_id": "1600000133503713"}, {"date": "13/08/2025", "time": "01:40 PM", "segment": "NSE_FNO", "symbol": "IO PE NIFTY 14Aug2025 24450", "type": "BUY", "qty": 150.0, "trade_price": 13.0, "trade_val": 1950.0, "order_id": "1600000133503713"}, {"date": "13/08/2025", "time": "02:04 PM", "segment": "NSE_FNO", "symbol": "IO PE NIFTY 14Aug2025 24450", "type": "SELL", "qty": 75.0, "trade_price": 12.0, "trade_val": 900.0, "order_id": "1600000139720896"}, {"date": "13/08/2025", "time": "02:04 PM", "segment": "NSE_FNO", "symbol": "IO PE NIFTY 14Aug2025 24450", "type": "SELL", "qty": 150.0, "trade_price": 12.0, "trade_val": 1800.0, "order_id": "1600000139720896"}, {"date": "13/08/2025", "time": "02:54 PM", "segment": "NSE_FNO", "symbol": "IO PE NIFTY 14Aug2025 24500", "type": "BUY", "qty": 75.0, "trade_price": 15.15, "trade_val": 1136.25, "order_id": "1000000184886590"}, {"date": "13/08/2025", "time": "02:04 PM", "segment": "NSE_FNO", "symbol": "IO PE NIFTY 14Aug2025 24450", "type": "SELL", "qty": 75.0, "trade_price": 12.0, "trade_val": 900.0, "order_id": "1600000139720896"}, {"date": "13/08/2025", "time": "02:04 PM", "segment": "NSE_FNO", "symbol": "IO PE NIFTY 14Aug2025 24450", "type": "SELL", "qty": 75.0, "trade_price": 12.0, "trade_val": 900.0, "order_id": "1600000139720896"}, {"date": "13/08/2025", "time": "02:04 PM", "segment": "NSE_FNO", "symbol": "IO PE NIFTY 14Aug2025 24450", "type": "SELL", "qty": 375.0, "trade_price": 12.0, "trade_val": 4500.0, "order_id": "1600000139720896"}, {"date": "13/08/2025", "time": "02:54 PM", "segment": "NSE_FNO", "symbol": "IO PE NIFTY 14Aug2025 24500", "type": "BUY", "qty": 450.0, "trade_price": 15.15, "trade_val": 6817.5, "order_id": "1000000184886590"}, {"date": "13/08/2025", "time": "02:54 PM", "segment": "NSE_FNO", "symbol": "IO PE NIFTY 14Aug2025 24500", "type": "BUY", "qty": 75.0, "trade_price": 15.15, "trade_val": 1136.25, "order_id": "1000000184886590"}, {"date": "13/08/2025", "time": "03:26 PM", "segment": "NSE_FNO", "symbol": "IO PE NIFTY 14Aug2025 24500", "type": "SELL", "qty": 600.0, "trade_price": 15.55, "trade_val": 9330.0, "order_id": "1000000190111756"}, {"date": "07/08/2025", "time": "12:56 PM", "segment": "NSE_FNO", "symbol": "IO PE NIFTY 07Aug2025 24300", "type": "BUY", "qty": 1575.0, "trade_price": 3.9, "trade_val": 6142.5, "order_id": "1300000112322093"}, {"date": "07/08/2025", "time": "12:00 AM", "segment": "NSE_FNO", "symbol": "IO PE NIFTY 07Aug2025 24300", "type": "SELL", "qty": 1800.0, "trade_price": 0.0, "trade_val": 0.0, "order_id": ""}, {"date": "07/08/2025", "time": "02:19 PM", "segment": "NSE_FNO", "symbol": "IO PE NIFTY 07Aug2025 24300", "type": "BUY", "qty": 75.0, "trade_price": 1.45, "trade_val": 108.75, "order_id": "1300000163713565"}, {"date": "07/08/2025", "time": "01:10 PM", "segment": "NSE_FNO", "symbol": "IO PE NIFTY 07Aug2025 24300", "type": "SELL", "qty": 1575.0, "trade_price": 4.0, "trade_val": 6300.0, "order_id": "1300000117250140"}, {"date": "07/08/2025", "time": "01:10 PM", "segment": "NSE_FNO", "symbol": "IO PE NIFTY 07Aug2025 24300", "type": "SELL", "qty": 225.0, "trade_price": 4.0, "trade_val": 900.0, "order_id": "1300000117250140"}, {"date": "07/08/2025", "time": "12:56 PM", "segment": "NSE_FNO", "symbol": "IO PE NIFTY 07Aug2025 24300", "type": "BUY", "qty": 225.0, "trade_price": 3.9, "trade_val": 877.5, "order_id": "1300000112322093"}, {"date": "07/08/2025", "time": "02:19 PM", "segment": "NSE_FNO", "symbol": "IO PE NIFTY 07Aug2025 24300", "type": "BUY", "qty": 1725.0, "trade_price": 1.45, "trade_val": 2501.25, "order_id": "1300000163713565"}, {"date": "05/08/2025", "time": "03:09 PM", "segment": "BSE_FNO", "symbol": "IO CE SENSEX 05Aug2025 80700", "type": "SELL", "qty": 200.0, "trade_price": 40.5, "trade_val": 8100.0, "order_id": "1754386752713455170"}, {"date": "05/08/2025", "time": "03:09 PM", "segment": "BSE_FNO", "symbol": "IO CE SENSEX 05Aug2025 80700", "type": "SELL", "qty": 80.0, "trade_price": 40.55, "trade_val": 3244.0, "order_id": "1754386752713455170"}, {"date": "05/08/2025", "time": "03:09 PM", "segment": "BSE_FNO", "symbol": "IO CE SENSEX 05Aug2025 80700", "type": "SELL", "qty": 40.0, "trade_price": 40.45, "trade_val": 1618.0, "order_id": "1754386752713455170"}, {"date": "05/08/2025", "time": "02:22 PM", "segment": "BSE_FNO", "symbol": "IO CE SENSEX 05Aug2025 80700", "type": "BUY", "qty": 320.0, "trade_price": 29.9, "trade_val": 9568.0, "order_id": "1754383756837817122"}], "total_res": 57.0}, "status_code": 200, "code": 200}