{"s": "ok", "message": "Success", "data": {"COLUMNS": [{"date": "Date", "time": "Time", "segment": "Segment", "symbol": "Symbol", "type": "Trade Type", "qty": "Quantity", "trade_price": "Trade Price (\u20b9)", "trade_val": "Trade Value  (\u20b9)", "order_id": "Order id"}], "DATA": [{"date": "30/09/2021", "time": "09:30 AM", "segment": "NSE_CASH", "symbol": "NTPC", "type": "BUY", "qty": 1076.0, "trade_price": 140.8, "trade_val": 151500.8, "order_id": "1200000002230831"}, {"date": "30/09/2021", "time": "01:38 PM", "segment": "NSE_CASH", "symbol": "VOLTAS", "type": "SELL", "qty": 6.0, "trade_price": 1233.05, "trade_val": 7398.3, "order_id": "1300000015713156"}, {"date": "30/09/2021", "time": "01:38 PM", "segment": "NSE_CASH", "symbol": "VOLTAS", "type": "SELL", "qty": 5.0, "trade_price": 1233.0, "trade_val": 6165.0, "order_id": "1300000015713156"}, {"date": "30/09/2021", "time": "01:38 PM", "segment": "NSE_CASH", "symbol": "VOLTAS", "type": "SELL", "qty": 50.0, "trade_price": 1233.0, "trade_val": 61650.0, "order_id": "1300000015713156"}, {"date": "30/09/2021", "time": "01:38 PM", "segment": "NSE_CASH", "symbol": "VOLTAS", "type": "SELL", "qty": 59.0, "trade_price": 1233.0, "trade_val": 72747.0, "order_id": "1300000015713156"}, {"date": "30/09/2021", "time": "01:38 PM", "segment": "NSE_CASH", "symbol": "VOLTAS", "type": "SELL", "qty": 2.0, "trade_price": 1233.05, "trade_val": 2466.1, "order_id": "1300000015713156"}, {"date": "30/09/2021", "time": "01:26 PM", "segment": "NSE_CASH", "symbol": "VOLTAS", "type": "BUY", "qty": 19.0, "trade_price": 1236.3, "trade_val": 23489.7, "order_id": "1300000015149213"}, {"date": "30/09/2021", "time": "01:26 PM", "segment": "NSE_CASH", "symbol": "VOLTAS", "type": "BUY", "qty": 97.0, "trade_price": 1236.3, "trade_val": 119921.1, "order_id": "1300000015149213"}, {"date": "30/09/2021", "time": "01:24 PM", "segment": "NSE_CASH", "symbol": "VOLTAS", "type": "BUY", "qty": 6.0, "trade_price": 1235.0, "trade_val": 7410.0, "order_id": "1300000015014638"}, {"date": "30/09/2021", "time": "10:01 AM", "segment": "NSE_CASH", "symbol": "NTPC", "type": "SELL", "qty": 1.0, "trade_price": 140.85, "trade_val": 140.85, "order_id": "1200000002386922"}, {"date": "30/09/2021", "time": "10:01 AM", "segment": "NSE_CASH", "symbol": "NTPC", "type": "SELL", "qty": 699.0, "trade_price": 140.9, "trade_val": 98489.1, "order_id": "1200000002386922"}, {"date": "30/09/2021", "time": "10:01 AM", "segment": "NSE_CASH", "symbol": "NTPC", "type": "SELL", "qty": 17.0, "trade_price": 140.85, "trade_val": 2394.45, "order_id": "1200000002386922"}, {"date": "30/09/2021", "time": "10:01 AM", "segment": "NSE_CASH", "symbol": "NTPC", "type": "SELL", "qty": 345.0, "trade_price": 140.85, "trade_val": 48593.25, "order_id": "1200000002386922"}, {"date": "30/09/2021", "time": "10:01 AM", "segment": "NSE_CASH", "symbol": "NTPC", "type": "SELL", "qty": 14.0, "trade_price": 140.85, "trade_val": 1971.9, "order_id": "1200000002386922"}, {"date": "29/09/2021", "time": "01:54 PM", "segment": "NSE_CASH", "symbol": "RECLTD", "type": "SELL", "qty": 151.0, "trade_price": 162.6, "trade_val": 24552.6, "order_id": "1300000009535051"}, {"date": "29/09/2021", "time": "01:54 PM", "segment": "NSE_CASH", "symbol": "RECLTD", "type": "SELL", "qty": 114.0, "trade_price": 162.6, "trade_val": 18536.4, "order_id": "1300000009535051"}, {"date": "29/09/2021", "time": "01:54 PM", "segment": "NSE_CASH", "symbol": "RECLTD", "type": "SELL", "qty": 50.0, "trade_price": 162.55, "trade_val": 8127.5, "order_id": "1300000009535051"}, {"date": "29/09/2021", "time": "01:54 PM", "segment": "NSE_CASH", "symbol": "RECLTD", "type": "SELL", "qty": 81.0, "trade_price": 162.6, "trade_val": 13170.6, "order_id": "1300000009535051"}, {"date": "29/09/2021", "time": "01:54 PM", "segment": "NSE_CASH", "symbol": "RECLTD", "type": "SELL", "qty": 23.0, "trade_price": 162.6, "trade_val": 3739.8, "order_id": "1300000009535051"}, {"date": "29/09/2021", "time": "01:54 PM", "segment": "NSE_CASH", "symbol": "RECLTD", "type": "SELL", "qty": 536.0, "trade_price": 162.55, "trade_val": 87126.8, "order_id": "1300000009535051"}, {"date": "29/09/2021", "time": "11:20 AM", "segment": "NSE_CASH", "symbol": "RECLTD", "type": "BUY", "qty": 955.0, "trade_price": 163.5, "trade_val": 156142.5, "order_id": "1300000008446736"}, {"date": "28/09/2021", "time": "01:29 PM", "segment": "NSE_CASH", "symbol": "BHARTIARTL", "type": "BUY", "qty": 169.0, "trade_price": 693.35, "trade_val": 117176.15, "order_id": "1000000012469112"}, {"date": "28/09/2021", "time": "03:13 PM", "segment": "NSE_CASH", "symbol": "BHARTIARTL", "type": "BUY", "qty": 3.0, "trade_price": 697.35, "trade_val": 2092.05, "order_id": "1000000016670586"}, {"date": "28/09/2021", "time": "03:13 PM", "segment": "NSE_CASH", "symbol": "BHARTIARTL", "type": "BUY", "qty": 2.0, "trade_price": 697.35, "trade_val": 1394.7, "order_id": "1000000016670586"}, {"date": "28/09/2021", "time": "03:13 PM", "segment": "NSE_CASH", "symbol": "BHARTIARTL", "type": "BUY", "qty": 116.0, "trade_price": 697.3, "trade_val": 80886.8, "order_id": "1000000016670586"}, {"date": "28/09/2021", "time": "03:12 PM", "segment": "NSE_CASH", "symbol": "BHARTIARTL", "type": "SELL", "qty": 30.0, "trade_price": 697.5, "trade_val": 20925.0, "order_id": "1000000016522085"}, {"date": "28/09/2021", "time": "03:12 PM", "segment": "NSE_CASH", "symbol": "BHARTIARTL", "type": "SELL", "qty": 159.0, "trade_price": 697.5, "trade_val": 110902.5, "order_id": "1000000016522085"}, {"date": "28/09/2021", "time": "03:11 PM", "segment": "NSE_CASH", "symbol": "BHARTIARTL", "type": "SELL", "qty": 6.0, "trade_price": 698.0, "trade_val": 4188.0, "order_id": "1000000016522085"}, {"date": "28/09/2021", "time": "03:11 PM", "segment": "NSE_CASH", "symbol": "BHARTIARTL", "type": "SELL", "qty": 100.0, "trade_price": 698.0, "trade_val": 69800.0, "order_id": "1000000016522085"}, {"date": "28/09/2021", "time": "03:11 PM", "segment": "NSE_CASH", "symbol": "BHARTIARTL", "type": "SELL", "qty": 15.0, "trade_price": 698.0, "trade_val": 10470.0, "order_id": "1000000016522085"}, {"date": "28/09/2021", "time": "02:49 PM", "segment": "NSE_CASH", "symbol": "BHARTIARTL", "type": "SELL", "qty": 21.0, "trade_price": 689.8, "trade_val": 14485.8, "order_id": "1000000014929842"}, {"date": "28/09/2021", "time": "02:04 PM", "segment": "NSE_CASH", "symbol": "BHARTIARTL", "type": "SELL", "qty": 11.0, "trade_price": 690.55, "trade_val": 7596.05, "order_id": "1000000013178233"}, {"date": "28/09/2021", "time": "01:29 PM", "segment": "NSE_CASH", "symbol": "BHARTIARTL", "type": "BUY", "qty": 21.0, "trade_price": 693.35, "trade_val": 14560.35, "order_id": "1000000012469112"}, {"date": "28/09/2021", "time": "01:29 PM", "segment": "NSE_CASH", "symbol": "BHARTIARTL", "type": "BUY", "qty": 12.0, "trade_price": 693.35, "trade_val": 8320.2, "order_id": "1000000012469112"}, {"date": "28/09/2021", "time": "01:29 PM", "segment": "NSE_CASH", "symbol": "BHARTIARTL", "type": "BUY", "qty": 19.0, "trade_price": 693.4, "trade_val": 13174.6, "order_id": "1000000012469112"}, {"date": "27/09/2021", "time": "11:57 AM", "segment": "NSE_CASH", "symbol": "INDHOTEL", "type": "BUY", "qty": 28.0, "trade_price": 196.0, "trade_val": 5488.0, "order_id": "1100000009951215"}, {"date": "27/09/2021", "time": "12:09 PM", "segment": "NSE_CASH", "symbol": "INDHOTEL", "type": "SELL", "qty": 700.0, "trade_price": 199.45, "trade_val": 139615.0, "order_id": "1100000010393689"}, {"date": "27/09/2021", "time": "11:57 AM", "segment": "NSE_CASH", "symbol": "INDHOTEL", "type": "BUY", "qty": 80.0, "trade_price": 195.95, "trade_val": 15676.0, "order_id": "1100000009951215"}, {"date": "27/09/2021", "time": "11:57 AM", "segment": "NSE_CASH", "symbol": "INDHOTEL", "type": "BUY", "qty": 592.0, "trade_price": 195.95, "trade_val": 116002.4, "order_id": "1100000009951215"}, {"date": "23/09/2021", "time": "12:44 PM", "segment": "NSE_CASH", "symbol": "NATIONALUM", "type": "SELL", "qty": 228.0, "trade_price": 91.35, "trade_val": 20827.8, "order_id": "1200000011180358"}, {"date": "23/09/2021", "time": "12:28 PM", "segment": "NSE_CASH", "symbol": "NATIONALUM", "type": "BUY", "qty": 1223.0, "trade_price": 91.75, "trade_val": 112210.25, "order_id": "1200000006434237"}, {"date": "23/09/2021", "time": "12:28 PM", "segment": "NSE_CASH", "symbol": "NATIONALUM", "type": "BUY", "qty": 35.0, "trade_price": 91.75, "trade_val": 3211.25, "order_id": "1200000006434237"}, {"date": "23/09/2021", "time": "12:28 PM", "segment": "NSE_CASH", "symbol": "NATIONALUM", "type": "BUY", "qty": 342.0, "trade_price": 91.75, "trade_val": 31378.5, "order_id": "1200000006434237"}, {"date": "23/09/2021", "time": "12:42 PM", "segment": "NSE_CASH", "symbol": "NATIONALUM", "type": "SELL", "qty": 1600.0, "trade_price": 91.4, "trade_val": 146240.0, "order_id": "1200000010628145"}, {"date": "23/09/2021", "time": "12:44 PM", "segment": "NSE_CASH", "symbol": "NATIONALUM", "type": "SELL", "qty": 10.0, "trade_price": 91.35, "trade_val": 913.5, "order_id": "1200000011180358"}, {"date": "23/09/2021", "time": "12:44 PM", "segment": "NSE_CASH", "symbol": "NATIONALUM", "type": "SELL", "qty": 100.0, "trade_price": 91.35, "trade_val": 9135.0, "order_id": "1200000011180358"}, {"date": "23/09/2021", "time": "12:44 PM", "segment": "NSE_CASH", "symbol": "NATIONALUM", "type": "SELL", "qty": 177.0, "trade_price": 91.35, "trade_val": 16168.95, "order_id": "1200000011180358"}, {"date": "23/09/2021", "time": "12:44 PM", "segment": "NSE_CASH", "symbol": "NATIONALUM", "type": "SELL", "qty": 88.0, "trade_price": 91.35, "trade_val": 8038.8, "order_id": "1200000011180358"}, {"date": "23/09/2021", "time": "12:44 PM", "segment": "NSE_CASH", "symbol": "NATIONALUM", "type": "SELL", "qty": 997.0, "trade_price": 91.35, "trade_val": 91075.95, "order_id": "1200000011180358"}, {"date": "23/09/2021", "time": "12:50 PM", "segment": "NSE_CASH", "symbol": "NATIONALUM", "type": "BUY", "qty": 100.0, "trade_price": 91.65, "trade_val": 9165.0, "order_id": "1200000011221747"}, {"date": "23/09/2021", "time": "12:50 PM", "segment": "NSE_CASH", "symbol": "NATIONALUM", "type": "BUY", "qty": 540.0, "trade_price": 91.65, "trade_val": 49491.0, "order_id": "1200000011221747"}, {"date": "23/09/2021", "time": "12:50 PM", "segment": "NSE_CASH", "symbol": "NATIONALUM", "type": "BUY", "qty": 39.0, "trade_price": 91.65, "trade_val": 3574.35, "order_id": "1200000011221747"}, {"date": "23/09/2021", "time": "12:50 PM", "segment": "NSE_CASH", "symbol": "NATIONALUM", "type": "BUY", "qty": 499.0, "trade_price": 91.65, "trade_val": 45733.35, "order_id": "1200000011221747"}, {"date": "23/09/2021", "time": "12:50 PM", "segment": "NSE_CASH", "symbol": "NATIONALUM", "type": "BUY", "qty": 422.0, "trade_price": 91.65, "trade_val": 38676.3, "order_id": "1200000011221747"}, {"date": "16/09/2021", "time": "01:56 PM", "segment": "NSE_CASH", "symbol": "ITC", "type": "SELL", "qty": 600.0, "trade_price": 231.6, "trade_val": 138960.0, "order_id": "1100000016079291"}, {"date": "16/09/2021", "time": "01:04 PM", "segment": "NSE_CASH", "symbol": "ITC", "type": "BUY", "qty": 502.0, "trade_price": 231.4, "trade_val": 116162.8, "order_id": "1100000013433099"}, {"date": "16/09/2021", "time": "01:04 PM", "segment": "NSE_CASH", "symbol": "ITC", "type": "BUY", "qty": 20.0, "trade_price": 231.4, "trade_val": 4628.0, "order_id": "1100000013433099"}, {"date": "16/09/2021", "time": "01:04 PM", "segment": "NSE_CASH", "symbol": "ITC", "type": "BUY", "qty": 28.0, "trade_price": 231.4, "trade_val": 6479.2, "order_id": "1100000013433099"}, {"date": "16/09/2021", "time": "01:04 PM", "segment": "NSE_CASH", "symbol": "ITC", "type": "BUY", "qty": 50.0, "trade_price": 231.4, "trade_val": 11570.0, "order_id": "1100000013433099"}, {"date": "15/09/2021", "time": "09:54 AM", "segment": "NSE_CASH", "symbol": "IRCTC", "type": "BUY", "qty": 1.0, "trade_price": 3759.0, "trade_val": 3759.0, "order_id": "1100000003914844"}, {"date": "15/09/2021", "time": "09:54 AM", "segment": "NSE_CASH", "symbol": "IRCTC", "type": "BUY", "qty": 7.0, "trade_price": 3759.0, "trade_val": 26313.0, "order_id": "1100000003914844"}, {"date": "15/09/2021", "time": "10:30 AM", "segment": "NSE_CASH", "symbol": "IRCTC", "type": "SELL", "qty": 4.0, "trade_price": 3748.0, "trade_val": 14992.0, "order_id": "1100000005638595"}, {"date": "15/09/2021", "time": "10:30 AM", "segment": "NSE_CASH", "symbol": "IRCTC", "type": "SELL", "qty": 1.0, "trade_price": 3748.0, "trade_val": 3748.0, "order_id": "1100000005638595"}, {"date": "15/09/2021", "time": "10:30 AM", "segment": "NSE_CASH", "symbol": "IRCTC", "type": "SELL", "qty": 17.0, "trade_price": 3748.0, "trade_val": 63716.0, "order_id": "1100000005638595"}, {"date": "15/09/2021", "time": "09:54 AM", "segment": "NSE_CASH", "symbol": "IRCTC", "type": "BUY", "qty": 14.0, "trade_price": 3759.0, "trade_val": 52626.0, "order_id": "1100000003914844"}, {"date": "14/09/2021", "time": "02:37 PM", "segment": "NSE_CASH", "symbol": "MARICO", "type": "SELL", "qty": 85.0, "trade_price": 557.9, "trade_val": 47421.5, "order_id": "1200000009837858"}, {"date": "14/09/2021", "time": "02:37 PM", "segment": "NSE_CASH", "symbol": "MARICO", "type": "SELL", "qty": 165.0, "trade_price": 557.9, "trade_val": 92053.5, "order_id": "1200000009837858"}, {"date": "14/09/2021", "time": "10:32 AM", "segment": "NSE_CASH", "symbol": "MARICO", "type": "BUY", "qty": 250.0, "trade_price": 560.35, "trade_val": 140087.5, "order_id": "1200000003934638"}, {"date": "13/09/2021", "time": "10:07 AM", "segment": "NSE_CASH", "symbol": "GLAND", "type": "BUY", "qty": 2.0, "trade_price": 3777.5, "trade_val": 7555.0, "order_id": "1100000004036743"}, {"date": "13/09/2021", "time": "01:21 PM", "segment": "NSE_CASH", "symbol": "GLAND", "type": "SELL", "qty": 44.0, "trade_price": 3804.0, "trade_val": 167376.0, "order_id": "1100000010667724"}, {"date": "13/09/2021", "time": "01:12 PM", "segment": "NSE_CASH", "symbol": "GLAND", "type": "BUY", "qty": 3.0, "trade_price": 3795.05, "trade_val": 11385.15, "order_id": "1100000009738815"}, {"date": "13/09/2021", "time": "01:12 PM", "segment": "NSE_CASH", "symbol": "GLAND", "type": "BUY", "qty": 41.0, "trade_price": 3795.05, "trade_val": 155597.05, "order_id": "1100000009738815"}, {"date": "13/09/2021", "time": "11:18 AM", "segment": "NSE_CASH", "symbol": "GLAND", "type": "SELL", "qty": 7.0, "trade_price": 3787.9, "trade_val": 26515.3, "order_id": "1100000006417769"}, {"date": "13/09/2021", "time": "11:18 AM", "segment": "NSE_CASH", "symbol": "GLAND", "type": "SELL", "qty": 13.0, "trade_price": 3787.9, "trade_val": 49242.7, "order_id": "1100000006417769"}, {"date": "13/09/2021", "time": "11:18 AM", "segment": "NSE_CASH", "symbol": "GLAND", "type": "SELL", "qty": 18.0, "trade_price": 3787.9, "trade_val": 68182.2, "order_id": "1100000006417769"}, {"date": "13/09/2021", "time": "11:18 AM", "segment": "NSE_CASH", "symbol": "GLAND", "type": "SELL", "qty": 8.0, "trade_price": 3787.9, "trade_val": 30303.2, "order_id": "1100000006417769"}, {"date": "13/09/2021", "time": "11:03 AM", "segment": "NSE_CASH", "symbol": "GLAND", "type": "BUY", "qty": 7.0, "trade_price": 3781.9, "trade_val": 26473.3, "order_id": "1100000006388727"}, {"date": "13/09/2021", "time": "11:03 AM", "segment": "NSE_CASH", "symbol": "GLAND", "type": "BUY", "qty": 19.0, "trade_price": 3782.05, "trade_val": 71858.95, "order_id": "1100000006388727"}, {"date": "13/09/2021", "time": "11:03 AM", "segment": "NSE_CASH", "symbol": "GLAND", "type": "BUY", "qty": 6.0, "trade_price": 3781.95, "trade_val": 22691.7, "order_id": "1100000006388727"}, {"date": "13/09/2021", "time": "11:03 AM", "segment": "NSE_CASH", "symbol": "GLAND", "type": "BUY", "qty": 8.0, "trade_price": 3781.85, "trade_val": 30254.8, "order_id": "1100000006388727"}, {"date": "13/09/2021", "time": "10:07 AM", "segment": "NSE_CASH", "symbol": "GLAND", "type": "BUY", "qty": 4.0, "trade_price": 3777.5, "trade_val": 15110.0, "order_id": "1100000004036743"}, {"date": "09/09/2021", "time": "11:44 AM", "segment": "NSE_CASH", "symbol": "VEDL", "type": "SELL", "qty": 111.0, "trade_price": 302.1, "trade_val": 33533.1, "order_id": "1300000004130865"}, {"date": "09/09/2021", "time": "09:21 AM", "segment": "NSE_CASH", "symbol": "VEDL", "type": "BUY", "qty": 38.0, "trade_price": 301.25, "trade_val": 11447.5, "order_id": "1300000001057735"}, {"date": "09/09/2021", "time": "09:21 AM", "segment": "NSE_CASH", "symbol": "VEDL", "type": "BUY", "qty": 8.0, "trade_price": 301.25, "trade_val": 2410.0, "order_id": "1300000001057735"}, {"date": "09/09/2021", "time": "09:21 AM", "segment": "NSE_CASH", "symbol": "VEDL", "type": "BUY", "qty": 39.0, "trade_price": 301.25, "trade_val": 11748.75, "order_id": "1300000001057735"}, {"date": "09/09/2021", "time": "09:21 AM", "segment": "NSE_CASH", "symbol": "VEDL", "type": "BUY", "qty": 26.0, "trade_price": 301.25, "trade_val": 7832.5, "order_id": "1300000001057735"}, {"date": "09/09/2021", "time": "09:57 AM", "segment": "NSE_CASH", "symbol": "VEDL", "type": "BUY", "qty": 111.0, "trade_price": 300.9, "trade_val": 33399.9, "order_id": "1300000003205819"}, {"date": "09/09/2021", "time": "09:31 AM", "segment": "NSE_CASH", "symbol": "VEDL", "type": "SELL", "qty": 3.0, "trade_price": 299.9, "trade_val": 899.7, "order_id": "1300000001510872"}, {"date": "09/09/2021", "time": "09:31 AM", "segment": "NSE_CASH", "symbol": "VEDL", "type": "SELL", "qty": 48.0, "trade_price": 299.9, "trade_val": 14395.2, "order_id": "1300000001510872"}, {"date": "09/09/2021", "time": "09:31 AM", "segment": "NSE_CASH", "symbol": "VEDL", "type": "SELL", "qty": 10.0, "trade_price": 299.9, "trade_val": 2999.0, "order_id": "1300000001510872"}, {"date": "09/09/2021", "time": "09:31 AM", "segment": "NSE_CASH", "symbol": "VEDL", "type": "SELL", "qty": 50.0, "trade_price": 299.9, "trade_val": 14995.0, "order_id": "1300000001510872"}, {"date": "08/09/2021", "time": "12:09 PM", "segment": "NSE_CASH", "symbol": "IRCTC", "type": "SELL", "qty": 12.0, "trade_price": 3337.0, "trade_val": 40044.0, "order_id": "1100000009077785"}, {"date": "08/09/2021", "time": "11:42 AM", "segment": "NSE_CASH", "symbol": "IRCTC", "type": "BUY", "qty": 3.0, "trade_price": 3334.2, "trade_val": 10002.6, "order_id": "1100000008740739"}, {"date": "08/09/2021", "time": "11:42 AM", "segment": "NSE_CASH", "symbol": "IRCTC", "type": "BUY", "qty": 2.0, "trade_price": 3334.2, "trade_val": 6668.4, "order_id": "1100000008740739"}, {"date": "08/09/2021", "time": "11:42 AM", "segment": "NSE_CASH", "symbol": "IRCTC", "type": "BUY", "qty": 7.0, "trade_price": 3334.2, "trade_val": 23339.4, "order_id": "1100000008740739"}, {"date": "08/09/2021", "time": "11:42 AM", "segment": "NSE_CASH", "symbol": "IRCTC", "type": "BUY", "qty": 1.0, "trade_price": 3334.2, "trade_val": 3334.2, "order_id": "1100000008740739"}, {"date": "08/09/2021", "time": "12:09 PM", "segment": "NSE_CASH", "symbol": "IRCTC", "type": "SELL", "qty": 1.0, "trade_price": 3337.0, "trade_val": 3337.0, "order_id": "1100000009077785"}], "total_res": 97.0}, "status_code": 200, "code": 200}