{"s": "ok", "message": "Success", "data": {"COLUMNS": [{"date": "Date", "time": "Time", "segment": "Segment", "symbol": "Symbol", "type": "Trade Type", "qty": "Quantity", "trade_price": "Trade Price (\u20b9)", "trade_val": "Trade Value  (\u20b9)", "order_id": "Order id"}], "DATA": [{"date": "24/02/2023", "time": "02:19 PM", "segment": "NSE_CASH", "symbol": "NATIONALUM", "type": "SELL", "qty": 3023.0, "trade_price": 78.6, "trade_val": 237607.8, "order_id": "1200000020909816"}, {"date": "24/02/2023", "time": "01:48 PM", "segment": "NSE_CASH", "symbol": "NATIONALUM", "type": "BUY", "qty": 3023.0, "trade_price": 78.55, "trade_val": 237456.65, "order_id": "1200000019147655"}, {"date": "23/02/2023", "time": "10:20 AM", "segment": "NSE_CASH", "symbol": "VOLTAS", "type": "BUY", "qty": 1.0, "trade_price": 905.45, "trade_val": 905.45, "order_id": "1300000007087970"}, {"date": "23/02/2023", "time": "10:20 AM", "segment": "NSE_CASH", "symbol": "VOLTAS", "type": "SELL", "qty": 1.0, "trade_price": 905.5, "trade_val": 905.5, "order_id": "1300000007106155"}, {"date": "17/02/2023", "time": "02:55 PM", "segment": "NSE_CASH", "symbol": "JUBLFOOD", "type": "SELL", "qty": 22.0, "trade_price": 454.75, "trade_val": 10004.5, "order_id": "1200000019504892"}, {"date": "17/02/2023", "time": "02:55 PM", "segment": "NSE_CASH", "symbol": "JUBLFOOD", "type": "SELL", "qty": 5.0, "trade_price": 454.75, "trade_val": 2273.75, "order_id": "1200000019504892"}, {"date": "17/02/2023", "time": "02:55 PM", "segment": "NSE_CASH", "symbol": "JUBLFOOD", "type": "SELL", "qty": 22.0, "trade_price": 454.75, "trade_val": 10004.5, "order_id": "1200000019504892"}, {"date": "17/02/2023", "time": "02:55 PM", "segment": "NSE_CASH", "symbol": "JUBLFOOD", "type": "SELL", "qty": 22.0, "trade_price": 454.75, "trade_val": 10004.5, "order_id": "1200000019504892"}, {"date": "17/02/2023", "time": "02:55 PM", "segment": "NSE_CASH", "symbol": "JUBLFOOD", "type": "SELL", "qty": 22.0, "trade_price": 454.75, "trade_val": 10004.5, "order_id": "1200000019504892"}, {"date": "17/02/2023", "time": "02:55 PM", "segment": "NSE_CASH", "symbol": "JUBLFOOD", "type": "SELL", "qty": 22.0, "trade_price": 454.75, "trade_val": 10004.5, "order_id": "1200000019504892"}, {"date": "17/02/2023", "time": "02:55 PM", "segment": "NSE_CASH", "symbol": "JUBLFOOD", "type": "SELL", "qty": 17.0, "trade_price": 454.75, "trade_val": 7730.75, "order_id": "1200000019504892"}, {"date": "17/02/2023", "time": "02:55 PM", "segment": "NSE_CASH", "symbol": "JUBLFOOD", "type": "SELL", "qty": 22.0, "trade_price": 454.75, "trade_val": 10004.5, "order_id": "1200000019504892"}, {"date": "17/02/2023", "time": "02:55 PM", "segment": "NSE_CASH", "symbol": "JUBLFOOD", "type": "SELL", "qty": 22.0, "trade_price": 454.75, "trade_val": 10004.5, "order_id": "1200000019504892"}, {"date": "17/02/2023", "time": "02:55 PM", "segment": "NSE_CASH", "symbol": "JUBLFOOD", "type": "SELL", "qty": 120.0, "trade_price": 454.75, "trade_val": 54570.0, "order_id": "1200000019504892"}, {"date": "17/02/2023", "time": "09:20 AM", "segment": "NSE_CASH", "symbol": "NAVINFLUOR", "type": "BUY", "qty": 21.0, "trade_price": 4204.35, "trade_val": 88291.35, "order_id": "1200000001083221"}, {"date": "17/02/2023", "time": "09:20 AM", "segment": "NSE_CASH", "symbol": "NAVINFLUOR", "type": "BUY", "qty": 14.0, "trade_price": 4204.35, "trade_val": 58860.9, "order_id": "1200000001083221"}, {"date": "17/02/2023", "time": "09:43 AM", "segment": "NSE_CASH", "symbol": "NAVINFLUOR", "type": "SELL", "qty": 17.0, "trade_price": 4251.95, "trade_val": 72283.15, "order_id": "1200000003540870"}, {"date": "17/02/2023", "time": "09:43 AM", "segment": "NSE_CASH", "symbol": "NAVINFLUOR", "type": "SELL", "qty": 16.0, "trade_price": 4251.95, "trade_val": 68031.2, "order_id": "1200000003540870"}, {"date": "17/02/2023", "time": "09:43 AM", "segment": "NSE_CASH", "symbol": "NAVINFLUOR", "type": "SELL", "qty": 2.0, "trade_price": 4251.95, "trade_val": 8503.9, "order_id": "1200000003540870"}, {"date": "17/02/2023", "time": "10:47 AM", "segment": "NSE_CASH", "symbol": "BIOCON", "type": "BUY", "qty": 638.0, "trade_price": 235.0, "trade_val": 149930.0, "order_id": "1000000007357361"}, {"date": "17/02/2023", "time": "11:11 AM", "segment": "NSE_CASH", "symbol": "BIOCON", "type": "SELL", "qty": 50.0, "trade_price": 234.75, "trade_val": 11737.5, "order_id": "1000000008171580"}, {"date": "17/02/2023", "time": "11:11 AM", "segment": "NSE_CASH", "symbol": "BIOCON", "type": "SELL", "qty": 95.0, "trade_price": 234.8, "trade_val": 22306.0, "order_id": "1000000008171580"}, {"date": "17/02/2023", "time": "11:11 AM", "segment": "NSE_CASH", "symbol": "BIOCON", "type": "SELL", "qty": 10.0, "trade_price": 234.8, "trade_val": 2348.0, "order_id": "1000000008171580"}, {"date": "17/02/2023", "time": "11:11 AM", "segment": "NSE_CASH", "symbol": "BIOCON", "type": "SELL", "qty": 50.0, "trade_price": 234.8, "trade_val": 11740.0, "order_id": "1000000008171580"}, {"date": "17/02/2023", "time": "11:11 AM", "segment": "NSE_CASH", "symbol": "BIOCON", "type": "SELL", "qty": 10.0, "trade_price": 234.8, "trade_val": 2348.0, "order_id": "1000000008171580"}, {"date": "17/02/2023", "time": "11:11 AM", "segment": "NSE_CASH", "symbol": "BIOCON", "type": "SELL", "qty": 10.0, "trade_price": 234.8, "trade_val": 2348.0, "order_id": "1000000008171580"}, {"date": "17/02/2023", "time": "11:11 AM", "segment": "NSE_CASH", "symbol": "BIOCON", "type": "SELL", "qty": 8.0, "trade_price": 234.8, "trade_val": 1878.4, "order_id": "1000000008171580"}, {"date": "17/02/2023", "time": "11:11 AM", "segment": "NSE_CASH", "symbol": "BIOCON", "type": "SELL", "qty": 20.0, "trade_price": 234.8, "trade_val": 4696.0, "order_id": "1000000008171580"}, {"date": "17/02/2023", "time": "11:11 AM", "segment": "NSE_CASH", "symbol": "BIOCON", "type": "SELL", "qty": 50.0, "trade_price": 234.75, "trade_val": 11737.5, "order_id": "1000000008171580"}, {"date": "17/02/2023", "time": "11:11 AM", "segment": "NSE_CASH", "symbol": "BIOCON", "type": "SELL", "qty": 7.0, "trade_price": 234.75, "trade_val": 1643.25, "order_id": "1000000008171580"}, {"date": "17/02/2023", "time": "11:11 AM", "segment": "NSE_CASH", "symbol": "BIOCON", "type": "SELL", "qty": 245.0, "trade_price": 234.75, "trade_val": 57513.75, "order_id": "1000000008171580"}, {"date": "17/02/2023", "time": "11:11 AM", "segment": "NSE_CASH", "symbol": "BIOCON", "type": "SELL", "qty": 12.0, "trade_price": 234.8, "trade_val": 2817.6, "order_id": "1000000008171580"}, {"date": "17/02/2023", "time": "11:11 AM", "segment": "NSE_CASH", "symbol": "BIOCON", "type": "SELL", "qty": 71.0, "trade_price": 234.75, "trade_val": 16667.25, "order_id": "1000000008171580"}, {"date": "17/02/2023", "time": "02:52 PM", "segment": "NSE_CASH", "symbol": "JUBLFOOD", "type": "BUY", "qty": 522.0, "trade_price": 454.25, "trade_val": 237118.5, "order_id": "1200000019362255"}, {"date": "17/02/2023", "time": "02:55 PM", "segment": "NSE_CASH", "symbol": "JUBLFOOD", "type": "SELL", "qty": 100.0, "trade_price": 454.75, "trade_val": 45475.0, "order_id": "1200000019504892"}, {"date": "17/02/2023", "time": "02:55 PM", "segment": "NSE_CASH", "symbol": "JUBLFOOD", "type": "SELL", "qty": 1.0, "trade_price": 454.75, "trade_val": 454.75, "order_id": "1200000019504892"}, {"date": "17/02/2023", "time": "02:55 PM", "segment": "NSE_CASH", "symbol": "JUBLFOOD", "type": "SELL", "qty": 100.0, "trade_price": 454.75, "trade_val": 45475.0, "order_id": "1200000019504892"}, {"date": "17/02/2023", "time": "02:55 PM", "segment": "NSE_CASH", "symbol": "JUBLFOOD", "type": "SELL", "qty": 25.0, "trade_price": 454.75, "trade_val": 11368.75, "order_id": "1200000019504892"}, {"date": "13/02/2023", "time": "02:28 PM", "segment": "NSE_CASH", "symbol": "NAVINFLUOR", "type": "BUY", "qty": 55.0, "trade_price": 4267.75, "trade_val": 234726.25, "order_id": "1200000020059907"}, {"date": "13/02/2023", "time": "03:10 PM", "segment": "NSE_CASH", "symbol": "NAVINFLUOR", "type": "SELL", "qty": 27.0, "trade_price": 4267.9, "trade_val": 115233.3, "order_id": "1200000021019955"}, {"date": "13/02/2023", "time": "03:10 PM", "segment": "NSE_CASH", "symbol": "NAVINFLUOR", "type": "SELL", "qty": 12.0, "trade_price": 4267.9, "trade_val": 51214.8, "order_id": "1200000021019955"}, {"date": "13/02/2023", "time": "03:10 PM", "segment": "NSE_CASH", "symbol": "NAVINFLUOR", "type": "SELL", "qty": 16.0, "trade_price": 4268.0, "trade_val": 68288.0, "order_id": "1200000021019955"}, {"date": "02/02/2023", "time": "01:55 PM", "segment": "NSE_CASH", "symbol": "TATACHEM", "type": "SELL", "qty": 170.0, "trade_price": 965.0, "trade_val": 164050.0, "order_id": "1300000022798278"}, {"date": "02/02/2023", "time": "01:55 PM", "segment": "NSE_CASH", "symbol": "TATACHEM", "type": "SELL", "qty": 33.0, "trade_price": 965.0, "trade_val": 31845.0, "order_id": "1300000022798278"}, {"date": "02/02/2023", "time": "11:58 AM", "segment": "NSE_CASH", "symbol": "TATACHEM", "type": "BUY", "qty": 392.0, "trade_price": 967.05, "trade_val": 379083.6, "order_id": "1300000015894490"}, {"date": "02/02/2023", "time": "01:51 PM", "segment": "NSE_CASH", "symbol": "TATACHEM", "type": "SELL", "qty": 122.0, "trade_price": 966.25, "trade_val": 117882.5, "order_id": "1300000022641041"}, {"date": "02/02/2023", "time": "01:55 PM", "segment": "NSE_CASH", "symbol": "TATACHEM", "type": "SELL", "qty": 67.0, "trade_price": 965.0, "trade_val": 64655.0, "order_id": "1300000022798278"}], "total_res": 47.0}, "status_code": 200, "code": 200}