{"s": "ok", "message": "Success", "data": {"COLUMNS": [{"date": "Date", "time": "Time", "segment": "Segment", "symbol": "Symbol", "type": "Trade Type", "qty": "Quantity", "trade_price": "Trade Price (\u20b9)", "trade_val": "Trade Value  (\u20b9)", "order_id": "Order id"}], "DATA": [{"date": "28/06/2024", "time": "09:40 AM", "segment": "NSE_CASH", "symbol": "BHARTIARTL", "type": "SELL", "qty": 19.0, "trade_price": 1491.5, "trade_val": 28338.5, "order_id": "1000000006710853"}, {"date": "28/06/2024", "time": "09:40 AM", "segment": "NSE_CASH", "symbol": "BHARTIARTL", "type": "SELL", "qty": 3.0, "trade_price": 1491.5, "trade_val": 4474.5, "order_id": "1000000006710853"}, {"date": "28/06/2024", "time": "09:40 AM", "segment": "NSE_CASH", "symbol": "BHARTIARTL", "type": "SELL", "qty": 19.0, "trade_price": 1491.5, "trade_val": 28338.5, "order_id": "1000000006710853"}, {"date": "28/06/2024", "time": "09:40 AM", "segment": "NSE_CASH", "symbol": "BHARTIARTL", "type": "SELL", "qty": 4.0, "trade_price": 1491.5, "trade_val": 5966.0, "order_id": "1000000006710853"}, {"date": "28/06/2024", "time": "09:40 AM", "segment": "NSE_CASH", "symbol": "BHARTIARTL", "type": "SELL", "qty": 1.0, "trade_price": 1491.5, "trade_val": 1491.5, "order_id": "1000000006710853"}, {"date": "28/06/2024", "time": "09:40 AM", "segment": "NSE_CASH", "symbol": "BHARTIARTL", "type": "SELL", "qty": 19.0, "trade_price": 1491.5, "trade_val": 28338.5, "order_id": "1000000006710853"}, {"date": "28/06/2024", "time": "09:40 AM", "segment": "NSE_CASH", "symbol": "BHARTIARTL", "type": "SELL", "qty": 17.0, "trade_price": 1491.5, "trade_val": 25355.5, "order_id": "1000000006710853"}, {"date": "28/06/2024", "time": "09:40 AM", "segment": "NSE_CASH", "symbol": "BHARTIARTL", "type": "SELL", "qty": 6.0, "trade_price": 1491.5, "trade_val": 8949.0, "order_id": "1000000006710853"}, {"date": "28/06/2024", "time": "09:40 AM", "segment": "NSE_CASH", "symbol": "BHARTIARTL", "type": "SELL", "qty": 14.0, "trade_price": 1491.5, "trade_val": 20881.0, "order_id": "1000000006710853"}, {"date": "28/06/2024", "time": "09:40 AM", "segment": "NSE_CASH", "symbol": "BHARTIARTL", "type": "SELL", "qty": 3.0, "trade_price": 1491.5, "trade_val": 4474.5, "order_id": "1000000006710853"}, {"date": "28/06/2024", "time": "09:40 AM", "segment": "NSE_CASH", "symbol": "BHARTIARTL", "type": "SELL", "qty": 4.0, "trade_price": 1491.5, "trade_val": 5966.0, "order_id": "1000000006710853"}, {"date": "28/06/2024", "time": "09:40 AM", "segment": "NSE_CASH", "symbol": "BHARTIARTL", "type": "SELL", "qty": 4.0, "trade_price": 1491.5, "trade_val": 5966.0, "order_id": "1000000006710853"}, {"date": "28/06/2024", "time": "09:40 AM", "segment": "NSE_CASH", "symbol": "BHARTIARTL", "type": "SELL", "qty": 12.0, "trade_price": 1491.5, "trade_val": 17898.0, "order_id": "1000000006710853"}, {"date": "28/06/2024", "time": "09:23 AM", "segment": "NSE_CASH", "symbol": "BHARTIARTL", "type": "BUY", "qty": 82.0, "trade_price": 1474.8, "trade_val": 120933.6, "order_id": "1000000002955125"}, {"date": "28/06/2024", "time": "09:23 AM", "segment": "NSE_CASH", "symbol": "BHARTIARTL", "type": "BUY", "qty": 41.0, "trade_price": 1474.8, "trade_val": 60466.8, "order_id": "1000000002955125"}, {"date": "28/06/2024", "time": "09:40 AM", "segment": "NSE_CASH", "symbol": "BHARTIARTL", "type": "SELL", "qty": 14.0, "trade_price": 1491.5, "trade_val": 20881.0, "order_id": "1000000006710853"}, {"date": "28/06/2024", "time": "09:23 AM", "segment": "NSE_CASH", "symbol": "BHARTIARTL", "type": "BUY", "qty": 38.0, "trade_price": 1474.8, "trade_val": 56042.4, "order_id": "1000000002955125"}, {"date": "28/06/2024", "time": "09:40 AM", "segment": "NSE_CASH", "symbol": "BHARTIARTL", "type": "SELL", "qty": 14.0, "trade_price": 1491.5, "trade_val": 20881.0, "order_id": "1000000006710853"}, {"date": "28/06/2024", "time": "09:40 AM", "segment": "NSE_CASH", "symbol": "BHARTIARTL", "type": "SELL", "qty": 3.0, "trade_price": 1491.5, "trade_val": 4474.5, "order_id": "1000000006710853"}, {"date": "28/06/2024", "time": "09:40 AM", "segment": "NSE_CASH", "symbol": "BHARTIARTL", "type": "SELL", "qty": 1.0, "trade_price": 1491.5, "trade_val": 1491.5, "order_id": "1000000006710853"}, {"date": "28/06/2024", "time": "09:40 AM", "segment": "NSE_CASH", "symbol": "BHARTIARTL", "type": "SELL", "qty": 4.0, "trade_price": 1491.5, "trade_val": 5966.0, "order_id": "1000000006710853"}, {"date": "24/06/2024", "time": "09:26 AM", "segment": "NSE_CASH", "symbol": "GOLDBEES", "type": "BUY", "qty": 2000.0, "trade_price": 60.78, "trade_val": 121560.0, "order_id": "1100000005121613"}, {"date": "20/06/2024", "time": "11:40 AM", "segment": "NSE_CASH", "symbol": "JAGRAN", "type": "BUY", "qty": 100.0, "trade_price": 91.8, "trade_val": 9180.0, "order_id": "1200000030236982"}, {"date": "20/06/2024", "time": "01:44 PM", "segment": "NSE_CASH", "symbol": "BOSCHLTD", "type": "SELL", "qty": 5.0, "trade_price": 32308.5, "trade_val": 161542.5, "order_id": "1000000034730790"}, {"date": "20/06/2024", "time": "01:44 PM", "segment": "NSE_CASH", "symbol": "BOSCHLTD", "type": "SELL", "qty": 2.0, "trade_price": 32308.5, "trade_val": 64617.0, "order_id": "1000000034730790"}, {"date": "20/06/2024", "time": "01:20 PM", "segment": "NSE_CASH", "symbol": "HEROMOTOCO", "type": "SELL", "qty": 39.0, "trade_price": 5541.85, "trade_val": 216132.15, "order_id": "1100000042648013"}, {"date": "20/06/2024", "time": "01:20 PM", "segment": "NSE_CASH", "symbol": "HEROMOTOCO", "type": "SELL", "qty": 3.0, "trade_price": 5541.85, "trade_val": 16625.55, "order_id": "1100000042648013"}, {"date": "20/06/2024", "time": "12:50 PM", "segment": "NSE_CASH", "symbol": "HEROMOTOCO", "type": "BUY", "qty": 42.0, "trade_price": 5539.35, "trade_val": 232652.7, "order_id": "1100000039171397"}, {"date": "20/06/2024", "time": "12:48 PM", "segment": "NSE_CASH", "symbol": "BOSCHLTD", "type": "BUY", "qty": 7.0, "trade_price": 32293.3, "trade_val": 226053.1, "order_id": "1000000031916259"}, {"date": "20/06/2024", "time": "11:47 AM", "segment": "NSE_CASH", "symbol": "JAGRAN", "type": "SELL", "qty": 2394.0, "trade_price": 91.85, "trade_val": 219888.9, "order_id": "1200000031119339"}, {"date": "20/06/2024", "time": "11:47 AM", "segment": "NSE_CASH", "symbol": "JAGRAN", "type": "SELL", "qty": 192.0, "trade_price": 91.85, "trade_val": 17635.2, "order_id": "1200000031119339"}, {"date": "20/06/2024", "time": "11:40 AM", "segment": "NSE_CASH", "symbol": "JAGRAN", "type": "BUY", "qty": 100.0, "trade_price": 91.8, "trade_val": 9180.0, "order_id": "1200000030236982"}, {"date": "20/06/2024", "time": "11:40 AM", "segment": "NSE_CASH", "symbol": "JAGRAN", "type": "BUY", "qty": 100.0, "trade_price": 91.8, "trade_val": 9180.0, "order_id": "1200000030236982"}, {"date": "20/06/2024", "time": "11:40 AM", "segment": "NSE_CASH", "symbol": "JAGRAN", "type": "BUY", "qty": 100.0, "trade_price": 91.8, "trade_val": 9180.0, "order_id": "1200000030236982"}, {"date": "20/06/2024", "time": "11:40 AM", "segment": "NSE_CASH", "symbol": "JAGRAN", "type": "BUY", "qty": 100.0, "trade_price": 91.8, "trade_val": 9180.0, "order_id": "1200000030236982"}, {"date": "20/06/2024", "time": "11:40 AM", "segment": "NSE_CASH", "symbol": "JAGRAN", "type": "BUY", "qty": 100.0, "trade_price": 91.8, "trade_val": 9180.0, "order_id": "1200000030236982"}, {"date": "20/06/2024", "time": "11:40 AM", "segment": "NSE_CASH", "symbol": "JAGRAN", "type": "BUY", "qty": 100.0, "trade_price": 91.8, "trade_val": 9180.0, "order_id": "1200000030236982"}, {"date": "20/06/2024", "time": "11:40 AM", "segment": "NSE_CASH", "symbol": "JAGRAN", "type": "BUY", "qty": 100.0, "trade_price": 91.8, "trade_val": 9180.0, "order_id": "1200000030236982"}, {"date": "20/06/2024", "time": "11:40 AM", "segment": "NSE_CASH", "symbol": "JAGRAN", "type": "BUY", "qty": 100.0, "trade_price": 91.8, "trade_val": 9180.0, "order_id": "1200000030236982"}, {"date": "20/06/2024", "time": "11:40 AM", "segment": "NSE_CASH", "symbol": "JAGRAN", "type": "BUY", "qty": 100.0, "trade_price": 91.8, "trade_val": 9180.0, "order_id": "1200000030236982"}, {"date": "20/06/2024", "time": "11:40 AM", "segment": "NSE_CASH", "symbol": "JAGRAN", "type": "BUY", "qty": 90.0, "trade_price": 91.8, "trade_val": 8262.0, "order_id": "1200000030236982"}, {"date": "20/06/2024", "time": "11:40 AM", "segment": "NSE_CASH", "symbol": "JAGRAN", "type": "BUY", "qty": 100.0, "trade_price": 91.8, "trade_val": 9180.0, "order_id": "1200000030236982"}, {"date": "20/06/2024", "time": "11:40 AM", "segment": "NSE_CASH", "symbol": "JAGRAN", "type": "BUY", "qty": 100.0, "trade_price": 91.8, "trade_val": 9180.0, "order_id": "1200000030236982"}, {"date": "20/06/2024", "time": "11:40 AM", "segment": "NSE_CASH", "symbol": "JAGRAN", "type": "BUY", "qty": 100.0, "trade_price": 91.8, "trade_val": 9180.0, "order_id": "1200000030236982"}, {"date": "20/06/2024", "time": "11:40 AM", "segment": "NSE_CASH", "symbol": "JAGRAN", "type": "BUY", "qty": 100.0, "trade_price": 91.8, "trade_val": 9180.0, "order_id": "1200000030236982"}, {"date": "20/06/2024", "time": "11:40 AM", "segment": "NSE_CASH", "symbol": "JAGRAN", "type": "BUY", "qty": 100.0, "trade_price": 91.8, "trade_val": 9180.0, "order_id": "1200000030236982"}, {"date": "20/06/2024", "time": "11:40 AM", "segment": "NSE_CASH", "symbol": "JAGRAN", "type": "BUY", "qty": 100.0, "trade_price": 91.8, "trade_val": 9180.0, "order_id": "1200000030236982"}, {"date": "20/06/2024", "time": "11:40 AM", "segment": "NSE_CASH", "symbol": "JAGRAN", "type": "BUY", "qty": 100.0, "trade_price": 91.8, "trade_val": 9180.0, "order_id": "1200000030236982"}, {"date": "20/06/2024", "time": "11:40 AM", "segment": "NSE_CASH", "symbol": "JAGRAN", "type": "BUY", "qty": 100.0, "trade_price": 91.8, "trade_val": 9180.0, "order_id": "1200000030236982"}, {"date": "20/06/2024", "time": "11:40 AM", "segment": "NSE_CASH", "symbol": "JAGRAN", "type": "BUY", "qty": 100.0, "trade_price": 91.8, "trade_val": 9180.0, "order_id": "1200000030236982"}, {"date": "20/06/2024", "time": "11:40 AM", "segment": "NSE_CASH", "symbol": "JAGRAN", "type": "BUY", "qty": 100.0, "trade_price": 91.8, "trade_val": 9180.0, "order_id": "1200000030236982"}, {"date": "20/06/2024", "time": "11:40 AM", "segment": "NSE_CASH", "symbol": "JAGRAN", "type": "BUY", "qty": 96.0, "trade_price": 91.8, "trade_val": 8812.8, "order_id": "1200000030236982"}, {"date": "20/06/2024", "time": "11:40 AM", "segment": "NSE_CASH", "symbol": "JAGRAN", "type": "BUY", "qty": 100.0, "trade_price": 91.8, "trade_val": 9180.0, "order_id": "1200000030236982"}, {"date": "20/06/2024", "time": "11:40 AM", "segment": "NSE_CASH", "symbol": "JAGRAN", "type": "BUY", "qty": 100.0, "trade_price": 91.8, "trade_val": 9180.0, "order_id": "1200000030236982"}, {"date": "20/06/2024", "time": "11:40 AM", "segment": "NSE_CASH", "symbol": "JAGRAN", "type": "BUY", "qty": 100.0, "trade_price": 91.8, "trade_val": 9180.0, "order_id": "1200000030236982"}, {"date": "20/06/2024", "time": "11:40 AM", "segment": "NSE_CASH", "symbol": "JAGRAN", "type": "BUY", "qty": 100.0, "trade_price": 91.8, "trade_val": 9180.0, "order_id": "1200000030236982"}, {"date": "20/06/2024", "time": "09:41 AM", "segment": "NSE_CASH", "symbol": "RELIANCE", "type": "SELL", "qty": 1.0, "trade_price": 2916.25, "trade_val": 2916.25, "order_id": "1300000008170120"}, {"date": "20/06/2024", "time": "09:37 AM", "segment": "NSE_CASH", "symbol": "RELIANCE", "type": "BUY", "qty": 1.0, "trade_price": 2918.85, "trade_val": 2918.85, "order_id": "1300000007209927"}, {"date": "20/06/2024", "time": "09:36 AM", "segment": "NSE_CASH", "symbol": "RELIANCE", "type": "SELL", "qty": 1.0, "trade_price": 2921.3, "trade_val": 2921.3, "order_id": "1300000006972183"}, {"date": "20/06/2024", "time": "09:28 AM", "segment": "NSE_CASH", "symbol": "RECLTD", "type": "BUY", "qty": 221.0, "trade_price": 503.4, "trade_val": 111251.4, "order_id": "1300000004781448"}, {"date": "20/06/2024", "time": "09:28 AM", "segment": "NSE_CASH", "symbol": "RECLTD", "type": "BUY", "qty": 1.0, "trade_price": 503.4, "trade_val": 503.4, "order_id": "1300000004781448"}, {"date": "20/06/2024", "time": "09:28 AM", "segment": "NSE_CASH", "symbol": "RECLTD", "type": "BUY", "qty": 1.0, "trade_price": 503.4, "trade_val": 503.4, "order_id": "1300000004781448"}, {"date": "20/06/2024", "time": "09:28 AM", "segment": "NSE_CASH", "symbol": "RECLTD", "type": "BUY", "qty": 242.0, "trade_price": 503.4, "trade_val": 121822.8, "order_id": "1300000004781448"}, {"date": "20/06/2024", "time": "09:27 AM", "segment": "NSE_CASH", "symbol": "RECLTD", "type": "SELL", "qty": 286.0, "trade_price": 503.2, "trade_val": 143915.2, "order_id": "1300000004553394"}, {"date": "20/06/2024", "time": "09:27 AM", "segment": "NSE_CASH", "symbol": "RECLTD", "type": "SELL", "qty": 99.0, "trade_price": 503.2, "trade_val": 49816.8, "order_id": "1300000004553394"}, {"date": "20/06/2024", "time": "09:27 AM", "segment": "NSE_CASH", "symbol": "RECLTD", "type": "SELL", "qty": 25.0, "trade_price": 503.2, "trade_val": 12580.0, "order_id": "1300000004553394"}, {"date": "20/06/2024", "time": "09:27 AM", "segment": "NSE_CASH", "symbol": "RECLTD", "type": "SELL", "qty": 5.0, "trade_price": 503.25, "trade_val": 2516.25, "order_id": "1300000004553394"}, {"date": "20/06/2024", "time": "09:27 AM", "segment": "NSE_CASH", "symbol": "RECLTD", "type": "SELL", "qty": 50.0, "trade_price": 503.2, "trade_val": 25160.0, "order_id": "1300000004553394"}, {"date": "20/06/2024", "time": "09:25 AM", "segment": "NSE_CASH", "symbol": "RECLTD", "type": "SELL", "qty": 25.0, "trade_price": 501.65, "trade_val": 12541.25, "order_id": "1300000003474413"}, {"date": "20/06/2024", "time": "09:25 AM", "segment": "NSE_CASH", "symbol": "RECLTD", "type": "SELL", "qty": 12.0, "trade_price": 501.65, "trade_val": 6019.8, "order_id": "1300000003474413"}, {"date": "20/06/2024", "time": "09:25 AM", "segment": "NSE_CASH", "symbol": "RECLTD", "type": "SELL", "qty": 300.0, "trade_price": 501.65, "trade_val": 150495.0, "order_id": "1300000003474413"}, {"date": "20/06/2024", "time": "09:25 AM", "segment": "NSE_CASH", "symbol": "RECLTD", "type": "SELL", "qty": 35.0, "trade_price": 501.55, "trade_val": 17554.25, "order_id": "1300000003474413"}, {"date": "20/06/2024", "time": "09:25 AM", "segment": "NSE_CASH", "symbol": "RECLTD", "type": "SELL", "qty": 2.0, "trade_price": 501.5, "trade_val": 1003.0, "order_id": "1300000003474413"}, {"date": "20/06/2024", "time": "09:25 AM", "segment": "NSE_CASH", "symbol": "RECLTD", "type": "SELL", "qty": 91.0, "trade_price": 501.5, "trade_val": 45636.5, "order_id": "1300000003474413"}, {"date": "20/06/2024", "time": "09:20 AM", "segment": "NSE_CASH", "symbol": "RECLTD", "type": "BUY", "qty": 123.0, "trade_price": 500.5, "trade_val": 61561.5, "order_id": "1300000002406249"}, {"date": "20/06/2024", "time": "09:20 AM", "segment": "NSE_CASH", "symbol": "RECLTD", "type": "BUY", "qty": 100.0, "trade_price": 500.5, "trade_val": 50050.0, "order_id": "1300000002406249"}, {"date": "20/06/2024", "time": "09:20 AM", "segment": "NSE_CASH", "symbol": "RECLTD", "type": "BUY", "qty": 242.0, "trade_price": 500.5, "trade_val": 121121.0, "order_id": "1300000002406249"}, {"date": "19/06/2024", "time": "01:24 PM", "segment": "NSE_CASH", "symbol": "BHARTIARTL", "type": "BUY", "qty": 1.0, "trade_price": 1404.1, "trade_val": 1404.1, "order_id": "1000000037864224"}, {"date": "19/06/2024", "time": "03:58 PM", "segment": "NSE_CASH", "symbol": "RELIANCE", "type": "BUY", "qty": 1.0, "trade_price": 2917.3, "trade_val": 2917.3, "order_id": "1300000053698458"}, {"date": "19/06/2024", "time": "02:02 PM", "segment": "NSE_CASH", "symbol": "BHARTIARTL", "type": "SELL", "qty": 46.0, "trade_price": 1404.8, "trade_val": 64620.8, "order_id": "1000000041562225"}, {"date": "19/06/2024", "time": "02:02 PM", "segment": "NSE_CASH", "symbol": "BHARTIARTL", "type": "SELL", "qty": 123.0, "trade_price": 1404.8, "trade_val": 172790.4, "order_id": "1000000041562225"}, {"date": "19/06/2024", "time": "01:24 PM", "segment": "NSE_CASH", "symbol": "BHARTIARTL", "type": "BUY", "qty": 120.0, "trade_price": 1404.1, "trade_val": 168492.0, "order_id": "1000000037864224"}, {"date": "19/06/2024", "time": "01:24 PM", "segment": "NSE_CASH", "symbol": "BHARTIARTL", "type": "BUY", "qty": 47.0, "trade_price": 1404.1, "trade_val": 65992.7, "order_id": "1000000037864224"}, {"date": "19/06/2024", "time": "01:24 PM", "segment": "NSE_CASH", "symbol": "BHARTIARTL", "type": "BUY", "qty": 1.0, "trade_price": 1404.1, "trade_val": 1404.1, "order_id": "1000000037864224"}, {"date": "18/06/2024", "time": "10:14 AM", "segment": "NSE_CASH", "symbol": "IRB", "type": "SELL", "qty": 10.0, "trade_price": 66.8, "trade_val": 668.0, "order_id": "1100000000320374"}, {"date": "18/06/2024", "time": "01:48 PM", "segment": "NSE_CASH", "symbol": "FLUOROCHEM", "type": "SELL", "qty": 49.0, "trade_price": 3164.8, "trade_val": 155075.2, "order_id": "1100000045111048"}, {"date": "18/06/2024", "time": "01:44 PM", "segment": "NSE_CASH", "symbol": "FLUOROCHEM", "type": "BUY", "qty": 49.0, "trade_price": 3165.1, "trade_val": 155089.9, "order_id": "1100000044505906"}, {"date": "18/06/2024", "time": "10:14 AM", "segment": "NSE_CASH", "symbol": "IRB", "type": "SELL", "qty": 1.0, "trade_price": 66.8, "trade_val": 66.8, "order_id": "1100000000320374"}, {"date": "18/06/2024", "time": "10:14 AM", "segment": "NSE_CASH", "symbol": "IRB", "type": "SELL", "qty": 697.0, "trade_price": 66.8, "trade_val": 46559.6, "order_id": "1100000000320374"}, {"date": "18/06/2024", "time": "10:14 AM", "segment": "NSE_CASH", "symbol": "IRB", "type": "SELL", "qty": 187.0, "trade_price": 66.8, "trade_val": 12491.6, "order_id": "1100000000320374"}, {"date": "18/06/2024", "time": "10:14 AM", "segment": "NSE_CASH", "symbol": "IRB", "type": "SELL", "qty": 100.0, "trade_price": 66.8, "trade_val": 6680.0, "order_id": "1100000000320374"}, {"date": "18/06/2024", "time": "10:14 AM", "segment": "NSE_CASH", "symbol": "IRB", "type": "SELL", "qty": 5.0, "trade_price": 66.8, "trade_val": 334.0, "order_id": "1100000000320374"}, {"date": "18/06/2024", "time": "09:18 AM", "segment": "NSE_CASH", "symbol": "ZYDUSLIFE", "type": "SELL", "qty": 26.0, "trade_price": 1085.95, "trade_val": 28234.7, "order_id": "1000000001603846"}, {"date": "18/06/2024", "time": "09:18 AM", "segment": "NSE_CASH", "symbol": "ZYDUSLIFE", "type": "SELL", "qty": 4.0, "trade_price": 1085.95, "trade_val": 4343.8, "order_id": "1000000001603846"}, {"date": "18/06/2024", "time": "09:18 AM", "segment": "NSE_CASH", "symbol": "ZYDUSLIFE", "type": "SELL", "qty": 10.0, "trade_price": 1085.95, "trade_val": 10859.5, "order_id": "1000000001603846"}, {"date": "18/06/2024", "time": "09:18 AM", "segment": "NSE_CASH", "symbol": "ZYDUSLIFE", "type": "SELL", "qty": 32.0, "trade_price": 1086.0, "trade_val": 34752.0, "order_id": "1000000001603846"}, {"date": "18/06/2024", "time": "09:18 AM", "segment": "NSE_CASH", "symbol": "ZYDUSLIFE", "type": "SELL", "qty": 1.0, "trade_price": 1086.0, "trade_val": 1086.0, "order_id": "1000000001603846"}, {"date": "18/06/2024", "time": "09:18 AM", "segment": "NSE_CASH", "symbol": "ZYDUSLIFE", "type": "SELL", "qty": 19.0, "trade_price": 1086.05, "trade_val": 20634.95, "order_id": "1000000001603846"}, {"date": "18/06/2024", "time": "09:18 AM", "segment": "NSE_CASH", "symbol": "ZYDUSLIFE", "type": "SELL", "qty": 18.0, "trade_price": 1086.05, "trade_val": 19548.9, "order_id": "1000000001603846"}, {"date": "18/06/2024", "time": "09:18 AM", "segment": "NSE_CASH", "symbol": "ZYDUSLIFE", "type": "SELL", "qty": 30.0, "trade_price": 1086.05, "trade_val": 32581.5, "order_id": "1000000001603846"}, {"date": "18/06/2024", "time": "09:18 AM", "segment": "NSE_CASH", "symbol": "ZYDUSLIFE", "type": "SELL", "qty": 52.0, "trade_price": 1086.05, "trade_val": 56474.6, "order_id": "1000000001603846"}, {"date": "18/06/2024", "time": "09:18 AM", "segment": "NSE_CASH", "symbol": "ZYDUSLIFE", "type": "SELL", "qty": 8.0, "trade_price": 1086.05, "trade_val": 8688.4, "order_id": "1000000001603846"}, {"date": "18/06/2024", "time": "09:18 AM", "segment": "NSE_CASH", "symbol": "ZYDUSLIFE", "type": "SELL", "qty": 18.0, "trade_price": 1086.0, "trade_val": 19548.0, "order_id": "1000000001603846"}, {"date": "18/06/2024", "time": "09:17 AM", "segment": "NSE_CASH", "symbol": "ZYDUSLIFE", "type": "BUY", "qty": 205.0, "trade_price": 1085.3, "trade_val": 222486.5, "order_id": "1000000001212857"}, {"date": "18/06/2024", "time": "09:17 AM", "segment": "NSE_CASH", "symbol": "ZYDUSLIFE", "type": "BUY", "qty": 13.0, "trade_price": 1085.3, "trade_val": 14108.9, "order_id": "1000000001212857"}, {"date": "14/06/2024", "time": "09:23 AM", "segment": "NSE_CASH", "symbol": "INDHOTEL", "type": "SELL", "qty": 9.0, "trade_price": 600.05, "trade_val": 5400.45, "order_id": "1100000003672081"}, {"date": "14/06/2024", "time": "09:23 AM", "segment": "NSE_CASH", "symbol": "INDHOTEL", "type": "SELL", "qty": 18.0, "trade_price": 600.05, "trade_val": 10800.9, "order_id": "1100000003672081"}, {"date": "14/06/2024", "time": "09:19 AM", "segment": "NSE_CASH", "symbol": "INDHOTEL", "type": "BUY", "qty": 35.0, "trade_price": 599.25, "trade_val": 20973.75, "order_id": "1100000002312313"}, {"date": "14/06/2024", "time": "09:19 AM", "segment": "NSE_CASH", "symbol": "INDHOTEL", "type": "BUY", "qty": 16.0, "trade_price": 599.25, "trade_val": 9588.0, "order_id": "1100000002312313"}, {"date": "14/06/2024", "time": "09:23 AM", "segment": "NSE_CASH", "symbol": "INDHOTEL", "type": "SELL", "qty": 24.0, "trade_price": 600.05, "trade_val": 14401.2, "order_id": "1100000003672081"}, {"date": "13/06/2024", "time": "09:16 AM", "segment": "NSE_CASH", "symbol": "DABUR", "type": "SELL", "qty": 1.0, "trade_price": 599.7, "trade_val": 599.7, "order_id": "1100000000857674"}, {"date": "13/06/2024", "time": "09:15 AM", "segment": "NSE_CASH", "symbol": "DABUR", "type": "BUY", "qty": 19.0, "trade_price": 591.25, "trade_val": 11233.75, "order_id": "1100000000625485"}, {"date": "13/06/2024", "time": "09:15 AM", "segment": "NSE_CASH", "symbol": "DABUR", "type": "BUY", "qty": 38.0, "trade_price": 591.25, "trade_val": 22467.5, "order_id": "1100000000625485"}, {"date": "13/06/2024", "time": "09:15 AM", "segment": "NSE_CASH", "symbol": "DABUR", "type": "BUY", "qty": 49.0, "trade_price": 591.3, "trade_val": 28973.7, "order_id": "1100000000625485"}, {"date": "13/06/2024", "time": "09:15 AM", "segment": "NSE_CASH", "symbol": "DABUR", "type": "BUY", "qty": 57.0, "trade_price": 591.3, "trade_val": 33704.1, "order_id": "1100000000625485"}, {"date": "13/06/2024", "time": "09:15 AM", "segment": "NSE_CASH", "symbol": "DABUR", "type": "BUY", "qty": 116.0, "trade_price": 591.3, "trade_val": 68590.8, "order_id": "1100000000625485"}, {"date": "13/06/2024", "time": "09:15 AM", "segment": "NSE_CASH", "symbol": "DABUR", "type": "BUY", "qty": 122.0, "trade_price": 591.2, "trade_val": 72126.4, "order_id": "1100000000625485"}, {"date": "13/06/2024", "time": "09:16 AM", "segment": "NSE_CASH", "symbol": "DABUR", "type": "SELL", "qty": 58.0, "trade_price": 599.7, "trade_val": 34782.6, "order_id": "1100000000857674"}, {"date": "13/06/2024", "time": "09:16 AM", "segment": "NSE_CASH", "symbol": "DABUR", "type": "SELL", "qty": 1.0, "trade_price": 599.7, "trade_val": 599.7, "order_id": "1100000000857674"}, {"date": "13/06/2024", "time": "09:16 AM", "segment": "NSE_CASH", "symbol": "DABUR", "type": "SELL", "qty": 341.0, "trade_price": 599.7, "trade_val": 204497.7, "order_id": "1100000000857674"}, {"date": "12/06/2024", "time": "01:11 PM", "segment": "NSE_CASH", "symbol": "INDHOTEL", "type": "SELL", "qty": 50.0, "trade_price": 585.9, "trade_val": 29295.0, "order_id": "1100000038605926"}, {"date": "12/06/2024", "time": "01:11 PM", "segment": "NSE_CASH", "symbol": "INDHOTEL", "type": "SELL", "qty": 50.0, "trade_price": 585.9, "trade_val": 29295.0, "order_id": "1100000038605926"}, {"date": "12/06/2024", "time": "12:08 PM", "segment": "NSE_CASH", "symbol": "INDHOTEL", "type": "BUY", "qty": 408.0, "trade_price": 581.95, "trade_val": 237435.6, "order_id": "1100000031533156"}, {"date": "12/06/2024", "time": "01:37 PM", "segment": "NSE_CASH", "symbol": "M&M", "type": "BUY", "qty": 84.0, "trade_price": 2807.2, "trade_val": 235804.8, "order_id": "1200000038438314"}, {"date": "12/06/2024", "time": "01:11 PM", "segment": "NSE_CASH", "symbol": "INDHOTEL", "type": "SELL", "qty": 22.0, "trade_price": 586.0, "trade_val": 12892.0, "order_id": "1100000038605926"}, {"date": "12/06/2024", "time": "02:04 PM", "segment": "NSE_CASH", "symbol": "M&M", "type": "SELL", "qty": 84.0, "trade_price": 2808.45, "trade_val": 235909.8, "order_id": "1200000040733319"}, {"date": "12/06/2024", "time": "01:11 PM", "segment": "NSE_CASH", "symbol": "INDHOTEL", "type": "SELL", "qty": 17.0, "trade_price": 585.9, "trade_val": 9960.3, "order_id": "1100000038605926"}, {"date": "12/06/2024", "time": "01:11 PM", "segment": "NSE_CASH", "symbol": "INDHOTEL", "type": "SELL", "qty": 6.0, "trade_price": 585.9, "trade_val": 3515.4, "order_id": "1100000038605926"}, {"date": "12/06/2024", "time": "01:11 PM", "segment": "NSE_CASH", "symbol": "INDHOTEL", "type": "SELL", "qty": 177.0, "trade_price": 585.95, "trade_val": 103713.15, "order_id": "1100000038605926"}, {"date": "12/06/2024", "time": "01:11 PM", "segment": "NSE_CASH", "symbol": "INDHOTEL", "type": "SELL", "qty": 32.0, "trade_price": 586.0, "trade_val": 18752.0, "order_id": "1100000038605926"}, {"date": "12/06/2024", "time": "01:11 PM", "segment": "NSE_CASH", "symbol": "INDHOTEL", "type": "SELL", "qty": 6.0, "trade_price": 585.9, "trade_val": 3515.4, "order_id": "1100000038605926"}, {"date": "12/06/2024", "time": "01:11 PM", "segment": "NSE_CASH", "symbol": "INDHOTEL", "type": "SELL", "qty": 2.0, "trade_price": 585.9, "trade_val": 1171.8, "order_id": "1100000038605926"}, {"date": "12/06/2024", "time": "01:11 PM", "segment": "NSE_CASH", "symbol": "INDHOTEL", "type": "SELL", "qty": 17.0, "trade_price": 585.9, "trade_val": 9960.3, "order_id": "1100000038605926"}, {"date": "12/06/2024", "time": "01:11 PM", "segment": "NSE_CASH", "symbol": "INDHOTEL", "type": "SELL", "qty": 6.0, "trade_price": 585.9, "trade_val": 3515.4, "order_id": "1100000038605926"}, {"date": "12/06/2024", "time": "01:11 PM", "segment": "NSE_CASH", "symbol": "INDHOTEL", "type": "SELL", "qty": 17.0, "trade_price": 585.9, "trade_val": 9960.3, "order_id": "1100000038605926"}, {"date": "12/06/2024", "time": "01:11 PM", "segment": "NSE_CASH", "symbol": "INDHOTEL", "type": "SELL", "qty": 6.0, "trade_price": 585.9, "trade_val": 3515.4, "order_id": "1100000038605926"}, {"date": "11/06/2024", "time": "03:04 PM", "segment": "NSE_CASH", "symbol": "TATAMOTORS", "type": "BUY", "qty": 15.0, "trade_price": 987.7, "trade_val": 14815.5, "order_id": "1300000045233979"}, {"date": "11/06/2024", "time": "02:57 PM", "segment": "NSE_CASH", "symbol": "TATAMOTORS", "type": "BUY", "qty": 47.0, "trade_price": 991.2, "trade_val": 46586.4, "order_id": "1300000044246069"}, {"date": "11/06/2024", "time": "03:03 PM", "segment": "NSE_CASH", "symbol": "TATAMOTORS", "type": "SELL", "qty": 53.0, "trade_price": 988.65, "trade_val": 52398.45, "order_id": "1300000045122455"}, {"date": "11/06/2024", "time": "03:03 PM", "segment": "NSE_CASH", "symbol": "TATAMOTORS", "type": "SELL", "qty": 17.0, "trade_price": 988.6, "trade_val": 16806.2, "order_id": "1300000045122455"}, {"date": "11/06/2024", "time": "03:03 PM", "segment": "NSE_CASH", "symbol": "TATAMOTORS", "type": "SELL", "qty": 59.0, "trade_price": 988.5, "trade_val": 58321.5, "order_id": "1300000045122455"}, {"date": "11/06/2024", "time": "03:03 PM", "segment": "NSE_CASH", "symbol": "TATAMOTORS", "type": "SELL", "qty": 216.0, "trade_price": 988.5, "trade_val": 213516.0, "order_id": "1300000045122455"}, {"date": "11/06/2024", "time": "03:03 PM", "segment": "NSE_CASH", "symbol": "TATAMOTORS", "type": "SELL", "qty": 100.0, "trade_price": 988.5, "trade_val": 98850.0, "order_id": "1300000045122455"}, {"date": "11/06/2024", "time": "03:03 PM", "segment": "NSE_CASH", "symbol": "TATAMOTORS", "type": "SELL", "qty": 138.0, "trade_price": 988.55, "trade_val": 136419.9, "order_id": "1300000045122455"}, {"date": "11/06/2024", "time": "03:03 PM", "segment": "NSE_CASH", "symbol": "TATAMOTORS", "type": "SELL", "qty": 5.0, "trade_price": 988.55, "trade_val": 4942.75, "order_id": "1300000045122455"}, {"date": "11/06/2024", "time": "03:04 PM", "segment": "NSE_CASH", "symbol": "TATAMOTORS", "type": "BUY", "qty": 15.0, "trade_price": 987.7, "trade_val": 14815.5, "order_id": "1300000045233979"}, {"date": "11/06/2024", "time": "03:04 PM", "segment": "NSE_CASH", "symbol": "TATAMOTORS", "type": "BUY", "qty": 20.0, "trade_price": 987.7, "trade_val": 19754.0, "order_id": "1300000045233979"}, {"date": "11/06/2024", "time": "03:04 PM", "segment": "NSE_CASH", "symbol": "TATAMOTORS", "type": "BUY", "qty": 15.0, "trade_price": 987.7, "trade_val": 14815.5, "order_id": "1300000045233979"}, {"date": "11/06/2024", "time": "03:04 PM", "segment": "NSE_CASH", "symbol": "TATAMOTORS", "type": "BUY", "qty": 4.0, "trade_price": 987.7, "trade_val": 3950.8, "order_id": "1300000045233979"}, {"date": "11/06/2024", "time": "03:04 PM", "segment": "NSE_CASH", "symbol": "TATAMOTORS", "type": "BUY", "qty": 150.0, "trade_price": 987.7, "trade_val": 148155.0, "order_id": "1300000045233979"}, {"date": "11/06/2024", "time": "03:04 PM", "segment": "NSE_CASH", "symbol": "TATAMOTORS", "type": "BUY", "qty": 4.0, "trade_price": 987.7, "trade_val": 3950.8, "order_id": "1300000045233979"}, {"date": "11/06/2024", "time": "03:04 PM", "segment": "NSE_CASH", "symbol": "TATAMOTORS", "type": "BUY", "qty": 1.0, "trade_price": 987.7, "trade_val": 987.7, "order_id": "1300000045233979"}, {"date": "11/06/2024", "time": "03:04 PM", "segment": "NSE_CASH", "symbol": "TATAMOTORS", "type": "BUY", "qty": 68.0, "trade_price": 987.7, "trade_val": 67163.6, "order_id": "1300000045233979"}, {"date": "11/06/2024", "time": "03:04 PM", "segment": "NSE_CASH", "symbol": "TATAMOTORS", "type": "BUY", "qty": 1.0, "trade_price": 987.7, "trade_val": 987.7, "order_id": "1300000045233979"}, {"date": "11/06/2024", "time": "03:04 PM", "segment": "NSE_CASH", "symbol": "TATAMOTORS", "type": "BUY", "qty": 20.0, "trade_price": 987.7, "trade_val": 19754.0, "order_id": "1300000045233979"}, {"date": "11/06/2024", "time": "03:04 PM", "segment": "NSE_CASH", "symbol": "TATAMOTORS", "type": "BUY", "qty": 9.0, "trade_price": 987.7, "trade_val": 8889.3, "order_id": "1300000045233979"}, {"date": "11/06/2024", "time": "03:04 PM", "segment": "NSE_CASH", "symbol": "TATAMOTORS", "type": "BUY", "qty": 20.0, "trade_price": 987.7, "trade_val": 19754.0, "order_id": "1300000045233979"}, {"date": "11/06/2024", "time": "03:04 PM", "segment": "NSE_CASH", "symbol": "TATAMOTORS", "type": "BUY", "qty": 3.0, "trade_price": 987.7, "trade_val": 2963.1, "order_id": "1300000045233979"}, {"date": "11/06/2024", "time": "03:04 PM", "segment": "NSE_CASH", "symbol": "TATAMOTORS", "type": "BUY", "qty": 15.0, "trade_price": 987.7, "trade_val": 14815.5, "order_id": "1300000045233979"}, {"date": "11/06/2024", "time": "03:04 PM", "segment": "NSE_CASH", "symbol": "TATAMOTORS", "type": "BUY", "qty": 20.0, "trade_price": 987.7, "trade_val": 19754.0, "order_id": "1300000045233979"}, {"date": "11/06/2024", "time": "03:04 PM", "segment": "NSE_CASH", "symbol": "TATAMOTORS", "type": "BUY", "qty": 15.0, "trade_price": 987.7, "trade_val": 14815.5, "order_id": "1300000045233979"}, {"date": "11/06/2024", "time": "03:04 PM", "segment": "NSE_CASH", "symbol": "TATAMOTORS", "type": "BUY", "qty": 20.0, "trade_price": 987.7, "trade_val": 19754.0, "order_id": "1300000045233979"}, {"date": "11/06/2024", "time": "03:04 PM", "segment": "NSE_CASH", "symbol": "TATAMOTORS", "type": "BUY", "qty": 20.0, "trade_price": 987.7, "trade_val": 19754.0, "order_id": "1300000045233979"}, {"date": "11/06/2024", "time": "03:04 PM", "segment": "NSE_CASH", "symbol": "TATAMOTORS", "type": "BUY", "qty": 20.0, "trade_price": 987.7, "trade_val": 19754.0, "order_id": "1300000045233979"}, {"date": "11/06/2024", "time": "03:04 PM", "segment": "NSE_CASH", "symbol": "TATAMOTORS", "type": "BUY", "qty": 15.0, "trade_price": 987.7, "trade_val": 14815.5, "order_id": "1300000045233979"}, {"date": "11/06/2024", "time": "03:04 PM", "segment": "NSE_CASH", "symbol": "TATAMOTORS", "type": "BUY", "qty": 20.0, "trade_price": 987.7, "trade_val": 19754.0, "order_id": "1300000045233979"}, {"date": "11/06/2024", "time": "03:04 PM", "segment": "NSE_CASH", "symbol": "TATAMOTORS", "type": "BUY", "qty": 15.0, "trade_price": 987.7, "trade_val": 14815.5, "order_id": "1300000045233979"}, {"date": "11/06/2024", "time": "03:04 PM", "segment": "NSE_CASH", "symbol": "TATAMOTORS", "type": "BUY", "qty": 20.0, "trade_price": 987.7, "trade_val": 19754.0, "order_id": "1300000045233979"}, {"date": "11/06/2024", "time": "03:04 PM", "segment": "NSE_CASH", "symbol": "TATAMOTORS", "type": "BUY", "qty": 15.0, "trade_price": 987.7, "trade_val": 14815.5, "order_id": "1300000045233979"}, {"date": "11/06/2024", "time": "03:04 PM", "segment": "NSE_CASH", "symbol": "TATAMOTORS", "type": "BUY", "qty": 1.0, "trade_price": 987.7, "trade_val": 987.7, "order_id": "1300000045233979"}, {"date": "10/06/2024", "time": "02:23 PM", "segment": "NSE_CASH", "symbol": "CONCOR", "type": "BUY", "qty": 70.0, "trade_price": 1047.65, "trade_val": 73335.5, "order_id": "1000000042075511"}, {"date": "10/06/2024", "time": "02:23 PM", "segment": "NSE_CASH", "symbol": "CONCOR", "type": "BUY", "qty": 8.0, "trade_price": 1047.65, "trade_val": 8381.2, "order_id": "1000000042075511"}, {"date": "10/06/2024", "time": "03:28 PM", "segment": "NSE_CASH", "symbol": "IRB", "type": "BUY", "qty": 777.0, "trade_price": 70.25, "trade_val": 54584.25, "order_id": "1100000060170411"}, {"date": "10/06/2024", "time": "03:28 PM", "segment": "NSE_CASH", "symbol": "IRB", "type": "BUY", "qty": 223.0, "trade_price": 70.25, "trade_val": 15665.75, "order_id": "1100000060170411"}, {"date": "10/06/2024", "time": "02:39 PM", "segment": "NSE_CASH", "symbol": "CONCOR", "type": "SELL", "qty": 2.0, "trade_price": 1048.3, "trade_val": 2096.6, "order_id": "1000000044748476"}, {"date": "10/06/2024", "time": "02:39 PM", "segment": "NSE_CASH", "symbol": "CONCOR", "type": "SELL", "qty": 224.0, "trade_price": 1048.3, "trade_val": 234819.2, "order_id": "1000000044748476"}, {"date": "10/06/2024", "time": "02:23 PM", "segment": "NSE_CASH", "symbol": "CONCOR", "type": "BUY", "qty": 71.0, "trade_price": 1047.65, "trade_val": 74383.15, "order_id": "1000000042075511"}, {"date": "10/06/2024", "time": "02:23 PM", "segment": "NSE_CASH", "symbol": "CONCOR", "type": "BUY", "qty": 10.0, "trade_price": 1047.65, "trade_val": 10476.5, "order_id": "1000000042075511"}, {"date": "10/06/2024", "time": "02:23 PM", "segment": "NSE_CASH", "symbol": "CONCOR", "type": "BUY", "qty": 53.0, "trade_price": 1047.65, "trade_val": 55525.45, "order_id": "1000000042075511"}, {"date": "10/06/2024", "time": "02:23 PM", "segment": "NSE_CASH", "symbol": "CONCOR", "type": "BUY", "qty": 4.0, "trade_price": 1047.65, "trade_val": 4190.6, "order_id": "1000000042075511"}, {"date": "10/06/2024", "time": "02:23 PM", "segment": "NSE_CASH", "symbol": "CONCOR", "type": "BUY", "qty": 10.0, "trade_price": 1047.65, "trade_val": 10476.5, "order_id": "1000000042075511"}, {"date": "07/06/2024", "time": "01:28 PM", "segment": "NSE_CASH", "symbol": "BSOFT", "type": "SELL", "qty": 13.0, "trade_price": 682.6, "trade_val": 8873.8, "order_id": "1000000034081914"}, {"date": "07/06/2024", "time": "01:28 PM", "segment": "NSE_CASH", "symbol": "BSOFT", "type": "SELL", "qty": 6.0, "trade_price": 682.6, "trade_val": 4095.6, "order_id": "1000000034081914"}, {"date": "07/06/2024", "time": "01:28 PM", "segment": "NSE_CASH", "symbol": "BSOFT", "type": "SELL", "qty": 84.0, "trade_price": 682.6, "trade_val": 57338.4, "order_id": "1000000034081914"}, {"date": "07/06/2024", "time": "01:28 PM", "segment": "NSE_CASH", "symbol": "BSOFT", "type": "SELL", "qty": 12.0, "trade_price": 682.6, "trade_val": 8191.2, "order_id": "1000000034081914"}, {"date": "07/06/2024", "time": "01:28 PM", "segment": "NSE_CASH", "symbol": "BSOFT", "type": "SELL", "qty": 13.0, "trade_price": 682.6, "trade_val": 8873.8, "order_id": "1000000034081914"}, {"date": "07/06/2024", "time": "01:28 PM", "segment": "NSE_CASH", "symbol": "BSOFT", "type": "SELL", "qty": 6.0, "trade_price": 682.6, "trade_val": 4095.6, "order_id": "1000000034081914"}, {"date": "07/06/2024", "time": "01:28 PM", "segment": "NSE_CASH", "symbol": "BSOFT", "type": "SELL", "qty": 13.0, "trade_price": 682.6, "trade_val": 8873.8, "order_id": "1000000034081914"}, {"date": "07/06/2024", "time": "01:28 PM", "segment": "NSE_CASH", "symbol": "BSOFT", "type": "SELL", "qty": 37.0, "trade_price": 682.6, "trade_val": 25256.2, "order_id": "1000000034081914"}, {"date": "07/06/2024", "time": "01:28 PM", "segment": "NSE_CASH", "symbol": "BSOFT", "type": "SELL", "qty": 37.0, "trade_price": 682.6, "trade_val": 25256.2, "order_id": "1000000034081914"}, {"date": "07/06/2024", "time": "01:28 PM", "segment": "NSE_CASH", "symbol": "BSOFT", "type": "SELL", "qty": 5.0, "trade_price": 682.6, "trade_val": 3413.0, "order_id": "1000000034081914"}, {"date": "07/06/2024", "time": "01:28 PM", "segment": "NSE_CASH", "symbol": "BSOFT", "type": "SELL", "qty": 5.0, "trade_price": 682.6, "trade_val": 3413.0, "order_id": "1000000034081914"}, {"date": "07/06/2024", "time": "01:28 PM", "segment": "NSE_CASH", "symbol": "BSOFT", "type": "SELL", "qty": 5.0, "trade_price": 682.6, "trade_val": 3413.0, "order_id": "1000000034081914"}, {"date": "07/06/2024", "time": "01:28 PM", "segment": "NSE_CASH", "symbol": "BSOFT", "type": "SELL", "qty": 13.0, "trade_price": 682.6, "trade_val": 8873.8, "order_id": "1000000034081914"}, {"date": "07/06/2024", "time": "01:28 PM", "segment": "NSE_CASH", "symbol": "BSOFT", "type": "BUY", "qty": 9.0, "trade_price": 682.9, "trade_val": 6146.1, "order_id": "1000000034071295"}, {"date": "07/06/2024", "time": "01:28 PM", "segment": "NSE_CASH", "symbol": "BSOFT", "type": "BUY", "qty": 105.0, "trade_price": 682.9, "trade_val": 71704.5, "order_id": "1000000034071295"}, {"date": "07/06/2024", "time": "01:28 PM", "segment": "NSE_CASH", "symbol": "BSOFT", "type": "BUY", "qty": 6.0, "trade_price": 682.9, "trade_val": 4097.4, "order_id": "1000000034071295"}, {"date": "07/06/2024", "time": "01:28 PM", "segment": "NSE_CASH", "symbol": "BSOFT", "type": "BUY", "qty": 48.0, "trade_price": 682.95, "trade_val": 32781.6, "order_id": "1000000034071295"}, {"date": "07/06/2024", "time": "01:28 PM", "segment": "NSE_CASH", "symbol": "BSOFT", "type": "BUY", "qty": 26.0, "trade_price": 682.9, "trade_val": 17755.4, "order_id": "1000000034071295"}, {"date": "07/06/2024", "time": "01:28 PM", "segment": "NSE_CASH", "symbol": "BSOFT", "type": "BUY", "qty": 144.0, "trade_price": 682.95, "trade_val": 98344.8, "order_id": "1000000034071295"}, {"date": "07/06/2024", "time": "01:28 PM", "segment": "NSE_CASH", "symbol": "BSOFT", "type": "BUY", "qty": 20.0, "trade_price": 682.95, "trade_val": 13659.0, "order_id": "1000000034071295"}, {"date": "07/06/2024", "time": "09:59 AM", "segment": "NSE_CASH", "symbol": "COFORGE", "type": "BUY", "qty": 40.0, "trade_price": 5419.55, "trade_val": 216782.0, "order_id": "1000000005863052"}, {"date": "07/06/2024", "time": "10:04 AM", "segment": "NSE_CASH", "symbol": "COFORGE", "type": "SELL", "qty": 40.0, "trade_price": 5424.8, "trade_val": 216992.0, "order_id": "1000000010230930"}, {"date": "07/06/2024", "time": "01:34 PM", "segment": "NSE_CASH", "symbol": "BSOFT", "type": "SELL", "qty": 348.0, "trade_price": 681.5, "trade_val": 237162.0, "order_id": "1000000034683540"}, {"date": "07/06/2024", "time": "01:33 PM", "segment": "NSE_CASH", "symbol": "BSOFT", "type": "BUY", "qty": 348.0, "trade_price": 682.0, "trade_val": 237336.0, "order_id": "1000000034620557"}, {"date": "07/06/2024", "time": "01:28 PM", "segment": "NSE_CASH", "symbol": "BSOFT", "type": "SELL", "qty": 37.0, "trade_price": 682.6, "trade_val": 25256.2, "order_id": "1000000034081914"}, {"date": "07/06/2024", "time": "01:28 PM", "segment": "NSE_CASH", "symbol": "BSOFT", "type": "SELL", "qty": 5.0, "trade_price": 682.6, "trade_val": 3413.0, "order_id": "1000000034081914"}, {"date": "07/06/2024", "time": "01:28 PM", "segment": "NSE_CASH", "symbol": "BSOFT", "type": "SELL", "qty": 1.0, "trade_price": 682.6, "trade_val": 682.6, "order_id": "1000000034081914"}, {"date": "07/06/2024", "time": "01:28 PM", "segment": "NSE_CASH", "symbol": "BSOFT", "type": "SELL", "qty": 5.0, "trade_price": 682.6, "trade_val": 3413.0, "order_id": "1000000034081914"}, {"date": "07/06/2024", "time": "01:28 PM", "segment": "NSE_CASH", "symbol": "BSOFT", "type": "SELL", "qty": 13.0, "trade_price": 682.6, "trade_val": 8873.8, "order_id": "1000000034081914"}, {"date": "07/06/2024", "time": "01:28 PM", "segment": "NSE_CASH", "symbol": "BSOFT", "type": "SELL", "qty": 37.0, "trade_price": 682.6, "trade_val": 25256.2, "order_id": "1000000034081914"}, {"date": "07/06/2024", "time": "01:28 PM", "segment": "NSE_CASH", "symbol": "BSOFT", "type": "SELL", "qty": 5.0, "trade_price": 682.6, "trade_val": 3413.0, "order_id": "1000000034081914"}, {"date": "07/06/2024", "time": "01:28 PM", "segment": "NSE_CASH", "symbol": "BSOFT", "type": "SELL", "qty": 6.0, "trade_price": 682.6, "trade_val": 4095.6, "order_id": "1000000034081914"}, {"date": "06/06/2024", "time": "01:17 PM", "segment": "NSE_CASH", "symbol": "AMBUJACEM", "type": "BUY", "qty": 3.0, "trade_price": 614.0, "trade_val": 1842.0, "order_id": "1000000043045295"}, {"date": "06/06/2024", "time": "02:29 PM", "segment": "NSE_CASH", "symbol": "AMBUJACEM", "type": "SELL", "qty": 55.0, "trade_price": 611.1, "trade_val": 33610.5, "order_id": "1000000046243860"}, {"date": "06/06/2024", "time": "02:29 PM", "segment": "NSE_CASH", "symbol": "AMBUJACEM", "type": "SELL", "qty": 30.0, "trade_price": 611.05, "trade_val": 18331.5, "order_id": "1000000046243860"}, {"date": "06/06/2024", "time": "02:29 PM", "segment": "NSE_CASH", "symbol": "AMBUJACEM", "type": "SELL", "qty": 76.0, "trade_price": 611.1, "trade_val": 46443.6, "order_id": "1000000046243860"}, {"date": "06/06/2024", "time": "02:29 PM", "segment": "NSE_CASH", "symbol": "AMBUJACEM", "type": "SELL", "qty": 224.0, "trade_price": 611.05, "trade_val": 136875.2, "order_id": "1000000046243860"}, {"date": "06/06/2024", "time": "02:29 PM", "segment": "NSE_CASH", "symbol": "AMBUJACEM", "type": "SELL", "qty": 1.0, "trade_price": 611.1, "trade_val": 611.1, "order_id": "1000000046243860"}, {"date": "06/06/2024", "time": "01:17 PM", "segment": "NSE_CASH", "symbol": "AMBUJACEM", "type": "BUY", "qty": 27.0, "trade_price": 614.0, "trade_val": 16578.0, "order_id": "1000000043045295"}, {"date": "06/06/2024", "time": "01:17 PM", "segment": "NSE_CASH", "symbol": "AMBUJACEM", "type": "BUY", "qty": 23.0, "trade_price": 614.0, "trade_val": 14122.0, "order_id": "1000000043045295"}, {"date": "06/06/2024", "time": "01:17 PM", "segment": "NSE_CASH", "symbol": "AMBUJACEM", "type": "BUY", "qty": 3.0, "trade_price": 614.0, "trade_val": 1842.0, "order_id": "1000000043045295"}, {"date": "06/06/2024", "time": "01:17 PM", "segment": "NSE_CASH", "symbol": "AMBUJACEM", "type": "BUY", "qty": 2.0, "trade_price": 614.0, "trade_val": 1228.0, "order_id": "1000000043045295"}, {"date": "06/06/2024", "time": "01:17 PM", "segment": "NSE_CASH", "symbol": "AMBUJACEM", "type": "BUY", "qty": 2.0, "trade_price": 614.0, "trade_val": 1228.0, "order_id": "1000000043045295"}, {"date": "06/06/2024", "time": "01:17 PM", "segment": "NSE_CASH", "symbol": "AMBUJACEM", "type": "BUY", "qty": 50.0, "trade_price": 614.0, "trade_val": 30700.0, "order_id": "1000000043045295"}, {"date": "06/06/2024", "time": "01:17 PM", "segment": "NSE_CASH", "symbol": "AMBUJACEM", "type": "BUY", "qty": 1.0, "trade_price": 614.0, "trade_val": 614.0, "order_id": "1000000043045295"}, {"date": "06/06/2024", "time": "01:17 PM", "segment": "NSE_CASH", "symbol": "AMBUJACEM", "type": "BUY", "qty": 1.0, "trade_price": 614.0, "trade_val": 614.0, "order_id": "1000000043045295"}, {"date": "06/06/2024", "time": "01:17 PM", "segment": "NSE_CASH", "symbol": "AMBUJACEM", "type": "BUY", "qty": 1.0, "trade_price": 614.0, "trade_val": 614.0, "order_id": "1000000043045295"}, {"date": "06/06/2024", "time": "01:17 PM", "segment": "NSE_CASH", "symbol": "AMBUJACEM", "type": "BUY", "qty": 256.0, "trade_price": 614.0, "trade_val": 157184.0, "order_id": "1000000043045295"}, {"date": "06/06/2024", "time": "01:17 PM", "segment": "NSE_CASH", "symbol": "AMBUJACEM", "type": "BUY", "qty": 1.0, "trade_price": 614.0, "trade_val": 614.0, "order_id": "1000000043045295"}, {"date": "06/06/2024", "time": "01:17 PM", "segment": "NSE_CASH", "symbol": "AMBUJACEM", "type": "BUY", "qty": 1.0, "trade_price": 614.0, "trade_val": 614.0, "order_id": "1000000043045295"}, {"date": "06/06/2024", "time": "01:17 PM", "segment": "NSE_CASH", "symbol": "AMBUJACEM", "type": "BUY", "qty": 1.0, "trade_price": 614.0, "trade_val": 614.0, "order_id": "1000000043045295"}, {"date": "06/06/2024", "time": "01:17 PM", "segment": "NSE_CASH", "symbol": "AMBUJACEM", "type": "BUY", "qty": 1.0, "trade_price": 614.0, "trade_val": 614.0, "order_id": "1000000043045295"}, {"date": "06/06/2024", "time": "01:17 PM", "segment": "NSE_CASH", "symbol": "AMBUJACEM", "type": "BUY", "qty": 1.0, "trade_price": 614.0, "trade_val": 614.0, "order_id": "1000000043045295"}, {"date": "06/06/2024", "time": "01:17 PM", "segment": "NSE_CASH", "symbol": "AMBUJACEM", "type": "BUY", "qty": 1.0, "trade_price": 614.0, "trade_val": 614.0, "order_id": "1000000043045295"}, {"date": "06/06/2024", "time": "01:17 PM", "segment": "NSE_CASH", "symbol": "AMBUJACEM", "type": "BUY", "qty": 1.0, "trade_price": 614.0, "trade_val": 614.0, "order_id": "1000000043045295"}, {"date": "06/06/2024", "time": "01:17 PM", "segment": "NSE_CASH", "symbol": "AMBUJACEM", "type": "BUY", "qty": 1.0, "trade_price": 614.0, "trade_val": 614.0, "order_id": "1000000043045295"}, {"date": "06/06/2024", "time": "01:17 PM", "segment": "NSE_CASH", "symbol": "AMBUJACEM", "type": "BUY", "qty": 1.0, "trade_price": 614.0, "trade_val": 614.0, "order_id": "1000000043045295"}, {"date": "06/06/2024", "time": "01:17 PM", "segment": "NSE_CASH", "symbol": "AMBUJACEM", "type": "BUY", "qty": 1.0, "trade_price": 614.0, "trade_val": 614.0, "order_id": "1000000043045295"}, {"date": "06/06/2024", "time": "01:17 PM", "segment": "NSE_CASH", "symbol": "AMBUJACEM", "type": "BUY", "qty": 1.0, "trade_price": 614.0, "trade_val": 614.0, "order_id": "1000000043045295"}, {"date": "06/06/2024", "time": "01:17 PM", "segment": "NSE_CASH", "symbol": "AMBUJACEM", "type": "BUY", "qty": 1.0, "trade_price": 614.0, "trade_val": 614.0, "order_id": "1000000043045295"}, {"date": "06/06/2024", "time": "01:17 PM", "segment": "NSE_CASH", "symbol": "AMBUJACEM", "type": "BUY", "qty": 1.0, "trade_price": 614.0, "trade_val": 614.0, "order_id": "1000000043045295"}, {"date": "06/06/2024", "time": "01:17 PM", "segment": "NSE_CASH", "symbol": "AMBUJACEM", "type": "BUY", "qty": 1.0, "trade_price": 614.0, "trade_val": 614.0, "order_id": "1000000043045295"}, {"date": "06/06/2024", "time": "01:17 PM", "segment": "NSE_CASH", "symbol": "AMBUJACEM", "type": "BUY", "qty": 1.0, "trade_price": 614.0, "trade_val": 614.0, "order_id": "1000000043045295"}, {"date": "06/06/2024", "time": "01:17 PM", "segment": "NSE_CASH", "symbol": "AMBUJACEM", "type": "BUY", "qty": 1.0, "trade_price": 614.0, "trade_val": 614.0, "order_id": "1000000043045295"}, {"date": "06/06/2024", "time": "01:17 PM", "segment": "NSE_CASH", "symbol": "AMBUJACEM", "type": "BUY", "qty": 1.0, "trade_price": 614.0, "trade_val": 614.0, "order_id": "1000000043045295"}, {"date": "06/06/2024", "time": "09:20 AM", "segment": "NSE_CASH", "symbol": "NTPC", "type": "SELL", "qty": 510.0, "trade_price": 353.4, "trade_val": 180234.0, "order_id": "1200000002212435"}, {"date": "06/06/2024", "time": "09:20 AM", "segment": "NSE_CASH", "symbol": "NTPC", "type": "SELL", "qty": 2.0, "trade_price": 353.4, "trade_val": 706.8, "order_id": "1200000002212435"}, {"date": "06/06/2024", "time": "09:20 AM", "segment": "NSE_CASH", "symbol": "NTPC", "type": "SELL", "qty": 30.0, "trade_price": 353.4, "trade_val": 10602.0, "order_id": "1200000002212435"}, {"date": "06/06/2024", "time": "09:20 AM", "segment": "NSE_CASH", "symbol": "NTPC", "type": "SELL", "qty": 4.0, "trade_price": 353.4, "trade_val": 1413.6, "order_id": "1200000002212435"}, {"date": "06/06/2024", "time": "09:20 AM", "segment": "NSE_CASH", "symbol": "NTPC", "type": "SELL", "qty": 104.0, "trade_price": 353.4, "trade_val": 36753.6, "order_id": "1200000002212435"}, {"date": "06/06/2024", "time": "09:19 AM", "segment": "NSE_CASH", "symbol": "NTPC", "type": "BUY", "qty": 650.0, "trade_price": 354.75, "trade_val": 230587.5, "order_id": "1200000002072124"}, {"date": "05/06/2024", "time": "09:19 AM", "segment": "NSE_CASH", "symbol": "SAIL", "type": "BUY", "qty": 1046.0, "trade_price": 131.75, "trade_val": 137810.5, "order_id": "1300000002026056"}, {"date": "05/06/2024", "time": "09:20 AM", "segment": "NSE_CASH", "symbol": "SAIL", "type": "SELL", "qty": 11.0, "trade_price": 128.6, "trade_val": 1414.6, "order_id": "1300000002468667"}, {"date": "05/06/2024", "time": "09:20 AM", "segment": "NSE_CASH", "symbol": "SAIL", "type": "SELL", "qty": 247.0, "trade_price": 128.6, "trade_val": 31764.2, "order_id": "1300000002468667"}, {"date": "05/06/2024", "time": "09:20 AM", "segment": "NSE_CASH", "symbol": "SAIL", "type": "SELL", "qty": 6.0, "trade_price": 128.6, "trade_val": 771.6, "order_id": "1300000002468667"}, {"date": "05/06/2024", "time": "09:20 AM", "segment": "NSE_CASH", "symbol": "SAIL", "type": "SELL", "qty": 260.0, "trade_price": 128.65, "trade_val": 33449.0, "order_id": "1300000002468667"}, {"date": "05/06/2024", "time": "09:20 AM", "segment": "NSE_CASH", "symbol": "SAIL", "type": "SELL", "qty": 316.0, "trade_price": 128.65, "trade_val": 40653.4, "order_id": "1300000002468667"}, {"date": "05/06/2024", "time": "09:20 AM", "segment": "NSE_CASH", "symbol": "SAIL", "type": "SELL", "qty": 461.0, "trade_price": 128.65, "trade_val": 59307.65, "order_id": "1300000002468667"}, {"date": "05/06/2024", "time": "09:20 AM", "segment": "NSE_CASH", "symbol": "SAIL", "type": "SELL", "qty": 122.0, "trade_price": 128.6, "trade_val": 15689.2, "order_id": "1300000002468667"}, {"date": "05/06/2024", "time": "09:20 AM", "segment": "NSE_CASH", "symbol": "SAIL", "type": "SELL", "qty": 33.0, "trade_price": 131.8, "trade_val": 4349.4, "order_id": "1300000002301629"}, {"date": "05/06/2024", "time": "09:20 AM", "segment": "NSE_CASH", "symbol": "SAIL", "type": "SELL", "qty": 20.0, "trade_price": 131.8, "trade_val": 2636.0, "order_id": "1300000002301629"}, {"date": "05/06/2024", "time": "09:20 AM", "segment": "NSE_CASH", "symbol": "SAIL", "type": "SELL", "qty": 4.0, "trade_price": 131.8, "trade_val": 527.2, "order_id": "1300000002301629"}, {"date": "05/06/2024", "time": "09:20 AM", "segment": "NSE_CASH", "symbol": "SAIL", "type": "SELL", "qty": 10.0, "trade_price": 131.8, "trade_val": 1318.0, "order_id": "1300000002301629"}, {"date": "05/06/2024", "time": "09:20 AM", "segment": "NSE_CASH", "symbol": "SAIL", "type": "SELL", "qty": 157.0, "trade_price": 131.8, "trade_val": 20692.6, "order_id": "1300000002301629"}, {"date": "05/06/2024", "time": "09:20 AM", "segment": "NSE_CASH", "symbol": "SAIL", "type": "SELL", "qty": 40.0, "trade_price": 131.8, "trade_val": 5272.0, "order_id": "1300000002301629"}, {"date": "05/06/2024", "time": "09:20 AM", "segment": "NSE_CASH", "symbol": "SAIL", "type": "SELL", "qty": 115.0, "trade_price": 128.6, "trade_val": 14789.0, "order_id": "1300000002468667"}, {"date": "05/06/2024", "time": "09:19 AM", "segment": "NSE_CASH", "symbol": "SAIL", "type": "BUY", "qty": 656.0, "trade_price": 131.75, "trade_val": 86428.0, "order_id": "1300000002026056"}, {"date": "05/06/2024", "time": "09:19 AM", "segment": "NSE_CASH", "symbol": "SAIL", "type": "BUY", "qty": 100.0, "trade_price": 131.75, "trade_val": 13175.0, "order_id": "1300000002026056"}, {"date": "04/06/2024", "time": "10:02 AM", "segment": "NSE_CASH", "symbol": "HINDUNILVR", "type": "BUY", "qty": 14.0, "trade_price": 2414.35, "trade_val": 33800.9, "order_id": "1100000018873389"}, {"date": "04/06/2024", "time": "10:02 AM", "segment": "NSE_CASH", "symbol": "HINDUNILVR", "type": "BUY", "qty": 21.0, "trade_price": 2414.35, "trade_val": 50701.35, "order_id": "1100000018873389"}, {"date": "04/06/2024", "time": "01:56 PM", "segment": "NSE_CASH", "symbol": "ADANIPOWER", "type": "SELL", "qty": 125.0, "trade_price": 784.95, "trade_val": 98118.75, "order_id": "1000000072545953"}, {"date": "04/06/2024", "time": "11:39 AM", "segment": "NSE_CASH", "symbol": "ADANIPOWER", "type": "BUY", "qty": 122.0, "trade_price": 771.15, "trade_val": 94080.3, "order_id": "1000000042361322"}, {"date": "04/06/2024", "time": "11:39 AM", "segment": "NSE_CASH", "symbol": "ADANIPOWER", "type": "BUY", "qty": 3.0, "trade_price": 771.2, "trade_val": 2313.6, "order_id": "1000000042361322"}, {"date": "04/06/2024", "time": "10:34 AM", "segment": "NSE_CASH", "symbol": "HINDUNILVR", "type": "SELL", "qty": 6.0, "trade_price": 2404.35, "trade_val": 14426.1, "order_id": "1100000019515670"}, {"date": "04/06/2024", "time": "10:34 AM", "segment": "NSE_CASH", "symbol": "HINDUNILVR", "type": "SELL", "qty": 20.0, "trade_price": 2404.35, "trade_val": 48087.0, "order_id": "1100000019515670"}, {"date": "04/06/2024", "time": "10:34 AM", "segment": "NSE_CASH", "symbol": "HINDUNILVR", "type": "SELL", "qty": 20.0, "trade_price": 2404.35, "trade_val": 48087.0, "order_id": "1100000019515670"}, {"date": "04/06/2024", "time": "10:34 AM", "segment": "NSE_CASH", "symbol": "HINDUNILVR", "type": "SELL", "qty": 6.0, "trade_price": 2404.35, "trade_val": 14426.1, "order_id": "1100000019515670"}, {"date": "04/06/2024", "time": "10:34 AM", "segment": "NSE_CASH", "symbol": "HINDUNILVR", "type": "SELL", "qty": 3.0, "trade_price": 2404.35, "trade_val": 7213.05, "order_id": "1100000019515670"}, {"date": "04/06/2024", "time": "10:34 AM", "segment": "NSE_CASH", "symbol": "HINDUNILVR", "type": "SELL", "qty": 17.0, "trade_price": 2404.35, "trade_val": 40873.95, "order_id": "1100000019515670"}, {"date": "04/06/2024", "time": "10:34 AM", "segment": "NSE_CASH", "symbol": "HINDUNILVR", "type": "SELL", "qty": 6.0, "trade_price": 2404.35, "trade_val": 14426.1, "order_id": "1100000019515670"}, {"date": "04/06/2024", "time": "10:34 AM", "segment": "NSE_CASH", "symbol": "HINDUNILVR", "type": "SELL", "qty": 20.0, "trade_price": 2404.35, "trade_val": 48087.0, "order_id": "1100000019515670"}, {"date": "04/06/2024", "time": "10:02 AM", "segment": "NSE_CASH", "symbol": "HINDUNILVR", "type": "BUY", "qty": 39.0, "trade_price": 2414.35, "trade_val": 94159.65, "order_id": "1100000018873389"}, {"date": "04/06/2024", "time": "10:02 AM", "segment": "NSE_CASH", "symbol": "HINDUNILVR", "type": "BUY", "qty": 14.0, "trade_price": 2414.35, "trade_val": 33800.9, "order_id": "1100000018873389"}, {"date": "04/06/2024", "time": "10:02 AM", "segment": "NSE_CASH", "symbol": "HINDUNILVR", "type": "BUY", "qty": 10.0, "trade_price": 2414.35, "trade_val": 24143.5, "order_id": "1100000018873389"}, {"date": "03/06/2024", "time": "02:00 PM", "segment": "NSE_CASH", "symbol": "HAVELLS", "type": "SELL", "qty": 46.0, "trade_price": 1873.5, "trade_val": 86181.0, "order_id": "1100000047356164"}, {"date": "03/06/2024", "time": "01:16 PM", "segment": "NSE_CASH", "symbol": "HAVELLS", "type": "BUY", "qty": 1.0, "trade_price": 1880.9, "trade_val": 1880.9, "order_id": "1100000044089068"}, {"date": "03/06/2024", "time": "02:00 PM", "segment": "NSE_CASH", "symbol": "HAVELLS", "type": "SELL", "qty": 201.0, "trade_price": 1873.5, "trade_val": 376573.5, "order_id": "1100000047356164"}, {"date": "03/06/2024", "time": "02:00 PM", "segment": "NSE_CASH", "symbol": "HAVELLS", "type": "SELL", "qty": 7.0, "trade_price": 1873.5, "trade_val": 13114.5, "order_id": "1100000047356164"}, {"date": "03/06/2024", "time": "01:29 PM", "segment": "NSE_CASH", "symbol": "HAVELLS", "type": "BUY", "qty": 253.0, "trade_price": 1872.5, "trade_val": 473742.5, "order_id": "1100000044089068"}], "total_res": 290.0}, "status_code": 200, "code": 200}