{"s": "ok", "message": "Success", "data": {"COLUMNS": [{"date": "Date", "time": "Time", "segment": "Segment", "symbol": "Symbol", "type": "Trade Type", "qty": "Quantity", "trade_price": "Trade Price (\u20b9)", "trade_val": "Trade Value  (\u20b9)", "order_id": "Order id"}], "DATA": [{"date": "28/01/2022", "time": "11:55 AM", "segment": "NSE_CASH", "symbol": "HINDUNILVR", "type": "SELL", "qty": 1.0, "trade_price": 2297.2, "trade_val": 2297.2, "order_id": "1100000011715753"}, {"date": "28/01/2022", "time": "11:06 AM", "segment": "NSE_CASH", "symbol": "HINDUNILVR", "type": "BUY", "qty": 9.0, "trade_price": 2294.95, "trade_val": 20654.55, "order_id": "1100000010096309"}, {"date": "28/01/2022", "time": "11:06 AM", "segment": "NSE_CASH", "symbol": "HINDUNILVR", "type": "BUY", "qty": 19.0, "trade_price": 2294.95, "trade_val": 43604.05, "order_id": "1100000010096309"}, {"date": "28/01/2022", "time": "11:06 AM", "segment": "NSE_CASH", "symbol": "HINDUNILVR", "type": "BUY", "qty": 21.0, "trade_price": 2295.0, "trade_val": 48195.0, "order_id": "1100000010096309"}, {"date": "28/01/2022", "time": "01:40 PM", "segment": "NSE_CASH", "symbol": "EICHERMOT", "type": "SELL", "qty": 5.0, "trade_price": 2648.65, "trade_val": 13243.25, "order_id": "1100000015509260"}, {"date": "28/01/2022", "time": "01:40 PM", "segment": "NSE_CASH", "symbol": "EICHERMOT", "type": "SELL", "qty": 29.0, "trade_price": 2648.65, "trade_val": 76810.85, "order_id": "1100000015509260"}, {"date": "28/01/2022", "time": "01:40 PM", "segment": "NSE_CASH", "symbol": "EICHERMOT", "type": "SELL", "qty": 8.0, "trade_price": 2648.65, "trade_val": 21189.2, "order_id": "1100000015509260"}, {"date": "28/01/2022", "time": "12:34 PM", "segment": "NSE_CASH", "symbol": "EICHERMOT", "type": "BUY", "qty": 2.0, "trade_price": 2660.25, "trade_val": 5320.5, "order_id": "1100000014914635"}, {"date": "28/01/2022", "time": "12:34 PM", "segment": "NSE_CASH", "symbol": "EICHERMOT", "type": "BUY", "qty": 40.0, "trade_price": 2660.25, "trade_val": 106410.0, "order_id": "1100000014914635"}, {"date": "28/01/2022", "time": "11:55 AM", "segment": "NSE_CASH", "symbol": "HINDUNILVR", "type": "SELL", "qty": 45.0, "trade_price": 2297.2, "trade_val": 103374.0, "order_id": "1100000011715753"}, {"date": "28/01/2022", "time": "11:55 AM", "segment": "NSE_CASH", "symbol": "HINDUNILVR", "type": "SELL", "qty": 3.0, "trade_price": 2297.2, "trade_val": 6891.6, "order_id": "1100000011715753"}, {"date": "20/01/2022", "time": "11:22 AM", "segment": "NSE_CASH", "symbol": "TATAELXSI", "type": "SELL", "qty": 2.0, "trade_price": 7346.05, "trade_val": 14692.1, "order_id": "1300000009483375"}, {"date": "20/01/2022", "time": "11:22 AM", "segment": "NSE_CASH", "symbol": "TATAELXSI", "type": "SELL", "qty": 8.0, "trade_price": 7346.05, "trade_val": 58768.4, "order_id": "1300000009483375"}, {"date": "20/01/2022", "time": "11:50 AM", "segment": "NSE_CASH", "symbol": "TATAELXSI", "type": "BUY", "qty": 15.0, "trade_price": 7382.35, "trade_val": 110735.25, "order_id": "1300000011268467"}, {"date": "20/01/2022", "time": "11:22 AM", "segment": "NSE_CASH", "symbol": "TATAELXSI", "type": "SELL", "qty": 1.0, "trade_price": 7346.05, "trade_val": 7346.05, "order_id": "1300000009483375"}, {"date": "20/01/2022", "time": "09:26 AM", "segment": "NSE_CASH", "symbol": "TATAELXSI", "type": "BUY", "qty": 9.0, "trade_price": 7291.2, "trade_val": 65620.8, "order_id": "1300000002075829"}, {"date": "20/01/2022", "time": "09:26 AM", "segment": "NSE_CASH", "symbol": "TATAELXSI", "type": "BUY", "qty": 7.0, "trade_price": 7291.2, "trade_val": 51038.4, "order_id": "1300000002075829"}, {"date": "20/01/2022", "time": "09:42 AM", "segment": "NSE_CASH", "symbol": "TATAELXSI", "type": "SELL", "qty": 12.0, "trade_price": 7213.35, "trade_val": 86560.2, "order_id": "1300000002168955"}, {"date": "20/01/2022", "time": "09:42 AM", "segment": "NSE_CASH", "symbol": "TATAELXSI", "type": "SELL", "qty": 4.0, "trade_price": 7213.35, "trade_val": 28853.4, "order_id": "1300000002168955"}, {"date": "20/01/2022", "time": "11:22 AM", "segment": "NSE_CASH", "symbol": "TATAELXSI", "type": "SELL", "qty": 4.0, "trade_price": 7346.05, "trade_val": 29384.2, "order_id": "1300000009483375"}, {"date": "19/01/2022", "time": "02:03 PM", "segment": "NSE_CASH", "symbol": "TATAELXSI", "type": "BUY", "qty": 3.0, "trade_price": 6947.9, "trade_val": 20843.7, "order_id": "1300000019243926"}, {"date": "19/01/2022", "time": "03:14 PM", "segment": "NSE_CASH", "symbol": "TATAELXSI", "type": "SELL", "qty": 3.0, "trade_price": 6962.85, "trade_val": 20888.55, "order_id": "1300000021210684"}, {"date": "18/01/2022", "time": "02:59 PM", "segment": "NSE_CASH", "symbol": "UPL", "type": "SELL", "qty": 35.0, "trade_price": 800.45, "trade_val": 28015.75, "order_id": "1300000019972260"}, {"date": "18/01/2022", "time": "01:42 AM", "segment": "MF_BSE", "symbol": "IC9600-GR           ", "type": "SELL", "qty": 755.535, "trade_price": 26.3, "trade_val": 19870.5705, "order_id": "359870062"}, {"date": "18/01/2022", "time": "09:46 AM", "segment": "NSE_CASH", "symbol": "VEDL", "type": "BUY", "qty": 91.0, "trade_price": 325.6, "trade_val": 29629.6, "order_id": "1300000001911010"}, {"date": "18/01/2022", "time": "09:55 AM", "segment": "NSE_CASH", "symbol": "VEDL", "type": "SELL", "qty": 32.0, "trade_price": 324.9, "trade_val": 10396.8, "order_id": "1300000005095352"}, {"date": "18/01/2022", "time": "09:55 AM", "segment": "NSE_CASH", "symbol": "VEDL", "type": "SELL", "qty": 26.0, "trade_price": 324.9, "trade_val": 8447.4, "order_id": "1300000005095352"}, {"date": "18/01/2022", "time": "09:55 AM", "segment": "NSE_CASH", "symbol": "VEDL", "type": "SELL", "qty": 33.0, "trade_price": 324.9, "trade_val": 10721.7, "order_id": "1300000005095352"}, {"date": "18/01/2022", "time": "10:50 AM", "segment": "NSE_CASH", "symbol": "RAYMOND", "type": "BUY", "qty": 38.0, "trade_price": 765.15, "trade_val": 29075.7, "order_id": "1300000008671476"}, {"date": "18/01/2022", "time": "12:06 PM", "segment": "NSE_CASH", "symbol": "RAYMOND", "type": "SELL", "qty": 38.0, "trade_price": 757.75, "trade_val": 28794.5, "order_id": "1300000010084996"}, {"date": "18/01/2022", "time": "02:45 PM", "segment": "NSE_CASH", "symbol": "UPL", "type": "BUY", "qty": 35.0, "trade_price": 801.75, "trade_val": 28061.25, "order_id": "1300000014431137"}, {"date": "17/01/2022", "time": "09:50 AM", "segment": "NSE_CASH", "symbol": "IOC", "type": "BUY", "qty": 247.0, "trade_price": 123.75, "trade_val": 30566.25, "order_id": "1100000004704053"}, {"date": "17/01/2022", "time": "03:16 PM", "segment": "NSE_CASH", "symbol": "EXIDEIND", "type": "SELL", "qty": 167.0, "trade_price": 182.55, "trade_val": 30485.85, "order_id": "1100000019860208"}, {"date": "17/01/2022", "time": "03:11 PM", "segment": "NSE_CASH", "symbol": "EXIDEIND", "type": "BUY", "qty": 167.0, "trade_price": 182.8, "trade_val": 30527.6, "order_id": "1100000017365591"}, {"date": "17/01/2022", "time": "01:01 PM", "segment": "NSE_CASH", "symbol": "BERGEPAINT", "type": "BUY", "qty": 39.0, "trade_price": 766.0, "trade_val": 29874.0, "order_id": "1000000011711432"}, {"date": "17/01/2022", "time": "12:53 PM", "segment": "NSE_CASH", "symbol": "BERGEPAINT", "type": "SELL", "qty": 1.0, "trade_price": 767.6, "trade_val": 767.6, "order_id": "1000000011323181"}, {"date": "17/01/2022", "time": "12:53 PM", "segment": "NSE_CASH", "symbol": "BERGEPAINT", "type": "SELL", "qty": 22.0, "trade_price": 767.6, "trade_val": 16887.2, "order_id": "1000000011323181"}, {"date": "17/01/2022", "time": "12:53 PM", "segment": "NSE_CASH", "symbol": "BERGEPAINT", "type": "SELL", "qty": 13.0, "trade_price": 767.6, "trade_val": 9978.8, "order_id": "1000000011323181"}, {"date": "17/01/2022", "time": "12:53 PM", "segment": "NSE_CASH", "symbol": "BERGEPAINT", "type": "SELL", "qty": 3.0, "trade_price": 767.65, "trade_val": 2302.95, "order_id": "1000000011323181"}, {"date": "17/01/2022", "time": "12:49 PM", "segment": "NSE_CASH", "symbol": "BERGEPAINT", "type": "SELL", "qty": 39.0, "trade_price": 767.7, "trade_val": 29940.3, "order_id": "1000000010837468"}, {"date": "17/01/2022", "time": "12:35 PM", "segment": "NSE_CASH", "symbol": "BERGEPAINT", "type": "BUY", "qty": 27.0, "trade_price": 768.9, "trade_val": 20760.3, "order_id": "1000000010714252"}, {"date": "17/01/2022", "time": "12:35 PM", "segment": "NSE_CASH", "symbol": "BERGEPAINT", "type": "BUY", "qty": 12.0, "trade_price": 768.9, "trade_val": 9226.8, "order_id": "1000000010714252"}, {"date": "17/01/2022", "time": "10:08 AM", "segment": "NSE_CASH", "symbol": "IOC", "type": "SELL", "qty": 247.0, "trade_price": 123.9, "trade_val": 30603.3, "order_id": "1100000004753198"}, {"date": "14/01/2022", "time": "02:14 PM", "segment": "NSE_CASH", "symbol": "MOTHERSUMI", "type": "BUY", "qty": 109.0, "trade_price": 188.7, "trade_val": 20568.3, "order_id": "1200000014981002"}, {"date": "14/01/2022", "time": "02:17 PM", "segment": "NSE_CASH", "symbol": "MOTHERSUMI", "type": "SELL", "qty": 166.0, "trade_price": 188.0, "trade_val": 31208.0, "order_id": "1200000016596849"}, {"date": "14/01/2022", "time": "02:14 PM", "segment": "NSE_CASH", "symbol": "MOTHERSUMI", "type": "BUY", "qty": 57.0, "trade_price": 188.7, "trade_val": 10755.9, "order_id": "1200000014981002"}], "total_res": 46.0}, "status_code": 200, "code": 200}