{"s": "ok", "message": "Success", "data": {"COLUMNS": [{"date": "Date", "time": "Time", "segment": "Segment", "symbol": "Symbol", "type": "Trade Type", "qty": "Quantity", "trade_price": "Trade Price (\u20b9)", "trade_val": "Trade Value  (\u20b9)", "order_id": "Order id"}], "DATA": [{"date": "29/01/2021", "time": "12:21 PM", "segment": "NSE_CASH", "symbol": "CONCOR", "type": "BUY", "qty": 22.0, "trade_price": 450.95, "trade_val": 9920.9, "order_id": "1000000012394944"}, {"date": "29/01/2021", "time": "12:21 PM", "segment": "NSE_CASH", "symbol": "CONCOR", "type": "BUY", "qty": 3.0, "trade_price": 450.95, "trade_val": 1352.85, "order_id": "1000000012394944"}, {"date": "29/01/2021", "time": "12:21 PM", "segment": "NSE_CASH", "symbol": "CONCOR", "type": "BUY", "qty": 15.0, "trade_price": 450.95, "trade_val": 6764.25, "order_id": "1000000012394944"}, {"date": "29/01/2021", "time": "01:17 PM", "segment": "NSE_CASH", "symbol": "CONCOR", "type": "SELL", "qty": 55.0, "trade_price": 446.2, "trade_val": 24541.0, "order_id": "1000000012519279"}, {"date": "29/01/2021", "time": "12:21 PM", "segment": "NSE_CASH", "symbol": "CONCOR", "type": "BUY", "qty": 15.0, "trade_price": 450.95, "trade_val": 6764.25, "order_id": "1000000012394944"}, {"date": "28/01/2021", "time": "01:56 PM", "segment": "NSE_CASH", "symbol": "DEEPAKFERT", "type": "SELL", "qty": 20.0, "trade_price": 156.05, "trade_val": 3121.0, "order_id": "1000000018210610"}, {"date": "28/01/2021", "time": "01:56 PM", "segment": "NSE_CASH", "symbol": "DEEPAKFERT", "type": "SELL", "qty": 80.0, "trade_price": 156.05, "trade_val": 12484.0, "order_id": "1000000018210610"}, {"date": "28/01/2021", "time": "01:12 PM", "segment": "NSE_CASH", "symbol": "DEEPAKFERT", "type": "BUY", "qty": 96.0, "trade_price": 155.85, "trade_val": 14961.6, "order_id": "1000000016296099"}, {"date": "28/01/2021", "time": "01:12 PM", "segment": "NSE_CASH", "symbol": "DEEPAKFERT", "type": "BUY", "qty": 4.0, "trade_price": 155.9, "trade_val": 623.6, "order_id": "1000000016296099"}, {"date": "27/01/2021", "time": "09:29 AM", "segment": "NSE_CASH", "symbol": "VOLTAS", "type": "BUY", "qty": 39.0, "trade_price": 933.05, "trade_val": 36388.95, "order_id": "1300000001574543"}, {"date": "27/01/2021", "time": "09:29 AM", "segment": "NSE_CASH", "symbol": "VOLTAS", "type": "BUY", "qty": 26.0, "trade_price": 933.0, "trade_val": 24258.0, "order_id": "1300000001574543"}, {"date": "27/01/2021", "time": "10:00 AM", "segment": "NSE_CASH", "symbol": "VOLTAS", "type": "SELL", "qty": 5.0, "trade_price": 931.5, "trade_val": 4657.5, "order_id": "1300000002390504"}, {"date": "27/01/2021", "time": "10:00 AM", "segment": "NSE_CASH", "symbol": "VOLTAS", "type": "SELL", "qty": 45.0, "trade_price": 931.6, "trade_val": 41922.0, "order_id": "1300000002390504"}, {"date": "27/01/2021", "time": "10:00 AM", "segment": "NSE_CASH", "symbol": "VOLTAS", "type": "SELL", "qty": 15.0, "trade_price": 931.5, "trade_val": 13972.5, "order_id": "1300000002390504"}, {"date": "27/01/2021", "time": "11:45 AM", "segment": "NSE_CASH", "symbol": "AUROPHARMA", "type": "BUY", "qty": 25.0, "trade_price": 957.7, "trade_val": 23942.5, "order_id": "1000000010999314"}, {"date": "27/01/2021", "time": "12:41 PM", "segment": "NSE_CASH", "symbol": "AUROPHARMA", "type": "SELL", "qty": 25.0, "trade_price": 962.6, "trade_val": 24065.0, "order_id": "1000000011904466"}, {"date": "25/01/2021", "time": "02:12 PM", "segment": "NSE_CASH", "symbol": "ATGL", "type": "SELL", "qty": 7.0, "trade_price": 380.5, "trade_val": 2663.5, "order_id": "1000000017230888"}, {"date": "25/01/2021", "time": "01:52 PM", "segment": "NSE_CASH", "symbol": "ATGL", "type": "BUY", "qty": 85.0, "trade_price": 381.9, "trade_val": 32461.5, "order_id": "1000000017187490"}, {"date": "25/01/2021", "time": "10:56 AM", "segment": "NSE_CASH", "symbol": "APOLLOTYRE", "type": "SELL", "qty": 141.0, "trade_price": 216.85, "trade_val": 30575.85, "order_id": "1000000009579179"}, {"date": "25/01/2021", "time": "10:46 AM", "segment": "NSE_CASH", "symbol": "APOLLOTYRE", "type": "BUY", "qty": 11.0, "trade_price": 218.8, "trade_val": 2406.8, "order_id": "1000000006637853"}, {"date": "25/01/2021", "time": "10:46 AM", "segment": "NSE_CASH", "symbol": "APOLLOTYRE", "type": "BUY", "qty": 30.0, "trade_price": 218.75, "trade_val": 6562.5, "order_id": "1000000006637853"}, {"date": "25/01/2021", "time": "10:46 AM", "segment": "NSE_CASH", "symbol": "APOLLOTYRE", "type": "BUY", "qty": 100.0, "trade_price": 218.75, "trade_val": 21875.0, "order_id": "1000000006637853"}, {"date": "25/01/2021", "time": "09:52 AM", "segment": "NSE_CASH", "symbol": "JKTYRE", "type": "SELL", "qty": 200.0, "trade_price": 138.85, "trade_val": 27770.0, "order_id": "1200000003726038"}, {"date": "25/01/2021", "time": "02:55 PM", "segment": "NSE_CASH", "symbol": "GODREJCP", "type": "SELL", "qty": 18.0, "trade_price": 781.2, "trade_val": 14061.6, "order_id": "1100000017291106"}, {"date": "25/01/2021", "time": "02:55 PM", "segment": "NSE_CASH", "symbol": "GODREJCP", "type": "SELL", "qty": 18.0, "trade_price": 781.2, "trade_val": 14061.6, "order_id": "1100000017291106"}, {"date": "25/01/2021", "time": "02:55 PM", "segment": "NSE_CASH", "symbol": "GODREJCP", "type": "SELL", "qty": 8.0, "trade_price": 781.2, "trade_val": 6249.6, "order_id": "1100000017291106"}, {"date": "25/01/2021", "time": "02:55 PM", "segment": "NSE_CASH", "symbol": "GODREJCP", "type": "SELL", "qty": 1.0, "trade_price": 781.1, "trade_val": 781.1, "order_id": "1100000017291106"}, {"date": "25/01/2021", "time": "02:55 PM", "segment": "NSE_CASH", "symbol": "GODREJCP", "type": "SELL", "qty": 30.0, "trade_price": 781.05, "trade_val": 23431.5, "order_id": "1100000017291106"}, {"date": "25/01/2021", "time": "02:45 PM", "segment": "NSE_CASH", "symbol": "GODREJCP", "type": "BUY", "qty": 37.0, "trade_price": 785.9, "trade_val": 29078.3, "order_id": "1100000016909763"}, {"date": "25/01/2021", "time": "02:45 PM", "segment": "NSE_CASH", "symbol": "GODREJCP", "type": "BUY", "qty": 38.0, "trade_price": 785.9, "trade_val": 29864.2, "order_id": "1100000016909763"}, {"date": "25/01/2021", "time": "02:12 PM", "segment": "NSE_CASH", "symbol": "ATGL", "type": "SELL", "qty": 10.0, "trade_price": 380.5, "trade_val": 3805.0, "order_id": "1000000017230888"}, {"date": "25/01/2021", "time": "02:12 PM", "segment": "NSE_CASH", "symbol": "ATGL", "type": "SELL", "qty": 7.0, "trade_price": 380.5, "trade_val": 2663.5, "order_id": "1000000017230888"}, {"date": "25/01/2021", "time": "02:12 PM", "segment": "NSE_CASH", "symbol": "ATGL", "type": "SELL", "qty": 12.0, "trade_price": 380.5, "trade_val": 4566.0, "order_id": "1000000017230888"}, {"date": "25/01/2021", "time": "02:12 PM", "segment": "NSE_CASH", "symbol": "ATGL", "type": "SELL", "qty": 12.0, "trade_price": 380.5, "trade_val": 4566.0, "order_id": "1000000017230888"}, {"date": "25/01/2021", "time": "02:12 PM", "segment": "NSE_CASH", "symbol": "ATGL", "type": "SELL", "qty": 7.0, "trade_price": 380.5, "trade_val": 2663.5, "order_id": "1000000017230888"}, {"date": "25/01/2021", "time": "02:12 PM", "segment": "NSE_CASH", "symbol": "ATGL", "type": "SELL", "qty": 7.0, "trade_price": 380.5, "trade_val": 2663.5, "order_id": "1000000017230888"}, {"date": "25/01/2021", "time": "02:12 PM", "segment": "NSE_CASH", "symbol": "ATGL", "type": "SELL", "qty": 11.0, "trade_price": 380.5, "trade_val": 4185.5, "order_id": "1000000017230888"}, {"date": "25/01/2021", "time": "02:12 PM", "segment": "NSE_CASH", "symbol": "ATGL", "type": "SELL", "qty": 12.0, "trade_price": 380.5, "trade_val": 4566.0, "order_id": "1000000017230888"}, {"date": "25/01/2021", "time": "09:32 AM", "segment": "NSE_CASH", "symbol": "SAIL", "type": "SELL", "qty": 479.0, "trade_price": 58.55, "trade_val": 28045.45, "order_id": "1300000002792395"}, {"date": "25/01/2021", "time": "09:27 AM", "segment": "NSE_CASH", "symbol": "SAIL", "type": "BUY", "qty": 25.0, "trade_price": 59.15, "trade_val": 1478.75, "order_id": "1300000002183156"}, {"date": "25/01/2021", "time": "09:27 AM", "segment": "NSE_CASH", "symbol": "SAIL", "type": "BUY", "qty": 30.0, "trade_price": 59.15, "trade_val": 1774.5, "order_id": "1300000002183156"}, {"date": "25/01/2021", "time": "09:27 AM", "segment": "NSE_CASH", "symbol": "SAIL", "type": "BUY", "qty": 50.0, "trade_price": 59.15, "trade_val": 2957.5, "order_id": "1300000002183156"}, {"date": "25/01/2021", "time": "09:27 AM", "segment": "NSE_CASH", "symbol": "SAIL", "type": "BUY", "qty": 291.0, "trade_price": 59.15, "trade_val": 17212.65, "order_id": "1300000002183156"}, {"date": "25/01/2021", "time": "09:27 AM", "segment": "NSE_CASH", "symbol": "SAIL", "type": "BUY", "qty": 83.0, "trade_price": 59.15, "trade_val": 4909.45, "order_id": "1300000002183156"}, {"date": "25/01/2021", "time": "09:49 AM", "segment": "NSE_CASH", "symbol": "JKTYRE", "type": "BUY", "qty": 200.0, "trade_price": 135.4, "trade_val": 27080.0, "order_id": "1200000003058611"}, {"date": "22/01/2021", "time": "10:43 AM", "segment": "NSE_CASH", "symbol": "JKTYRE", "type": "BUY", "qty": 172.0, "trade_price": 131.85, "trade_val": 22678.2, "order_id": "1200000005125468"}, {"date": "22/01/2021", "time": "10:57 AM", "segment": "NSE_CASH", "symbol": "JKTYRE", "type": "SELL", "qty": 250.0, "trade_price": 130.1, "trade_val": 32525.0, "order_id": "1200000006434707"}, {"date": "22/01/2021", "time": "10:43 AM", "segment": "NSE_CASH", "symbol": "JKTYRE", "type": "BUY", "qty": 78.0, "trade_price": 131.8, "trade_val": 10280.4, "order_id": "1200000005125468"}, {"date": "22/01/2021", "time": "02:29 PM", "segment": "NSE_CASH", "symbol": "BAJAJ-AUTO", "type": "SELL", "qty": 10.0, "trade_price": 4104.1, "trade_val": 41041.0, "order_id": "1000000018894224"}, {"date": "22/01/2021", "time": "02:29 PM", "segment": "NSE_CASH", "symbol": "BAJAJ-AUTO", "type": "SELL", "qty": 6.0, "trade_price": 4103.6, "trade_val": 24621.6, "order_id": "1000000018894224"}, {"date": "22/01/2021", "time": "01:38 PM", "segment": "NSE_CASH", "symbol": "BAJAJ-AUTO", "type": "BUY", "qty": 16.0, "trade_price": 4073.45, "trade_val": 65175.2, "order_id": "1000000018795684"}, {"date": "21/01/2021", "time": "11:31 AM", "segment": "NSE_CASH", "symbol": "ASHOKA", "type": "BUY", "qty": 200.0, "trade_price": 95.05, "trade_val": 19010.0, "order_id": "1000000008425605"}, {"date": "21/01/2021", "time": "02:08 PM", "segment": "NSE_CASH", "symbol": "JUSTDIAL", "type": "SELL", "qty": 20.0, "trade_price": 690.0, "trade_val": 13800.0, "order_id": "1200000007768558"}, {"date": "21/01/2021", "time": "01:17 PM", "segment": "NSE_CASH", "symbol": "TATACONSUM", "type": "SELL", "qty": 40.0, "trade_price": 605.5, "trade_val": 24220.0, "order_id": "1300000011849197"}, {"date": "21/01/2021", "time": "01:10 PM", "segment": "NSE_CASH", "symbol": "TATACONSUM", "type": "BUY", "qty": 40.0, "trade_price": 605.45, "trade_val": 24218.0, "order_id": "1300000011043736"}, {"date": "21/01/2021", "time": "12:26 PM", "segment": "NSE_CASH", "symbol": "JUSTDIAL", "type": "BUY", "qty": 20.0, "trade_price": 701.8, "trade_val": 14036.0, "order_id": "1200000006738886"}, {"date": "21/01/2021", "time": "12:03 PM", "segment": "NSE_CASH", "symbol": "ASHOKA", "type": "SELL", "qty": 200.0, "trade_price": 94.6, "trade_val": 18920.0, "order_id": "1000000008845620"}, {"date": "20/01/2021", "time": "09:20 AM", "segment": "NSE_CASH", "symbol": "HINDZINC", "type": "BUY", "qty": 40.0, "trade_price": 310.4, "trade_val": 12416.0, "order_id": "1100000000443966"}, {"date": "20/01/2021", "time": "11:07 AM", "segment": "NSE_CASH", "symbol": "HINDZINC", "type": "SELL", "qty": 5.0, "trade_price": 304.8, "trade_val": 1524.0, "order_id": "1100000004885252"}, {"date": "20/01/2021", "time": "11:07 AM", "segment": "NSE_CASH", "symbol": "HINDZINC", "type": "SELL", "qty": 120.0, "trade_price": 304.8, "trade_val": 36576.0, "order_id": "1100000004885252"}, {"date": "20/01/2021", "time": "10:46 AM", "segment": "NSE_CASH", "symbol": "HINDZINC", "type": "BUY", "qty": 125.0, "trade_price": 306.75, "trade_val": 38343.75, "order_id": "1100000003258189"}, {"date": "20/01/2021", "time": "09:57 AM", "segment": "NSE_CASH", "symbol": "TVSMOTOR", "type": "SELL", "qty": 150.0, "trade_price": 516.6, "trade_val": 77490.0, "order_id": "1300000003505951"}, {"date": "20/01/2021", "time": "09:43 AM", "segment": "NSE_CASH", "symbol": "TVSMOTOR", "type": "BUY", "qty": 150.0, "trade_price": 515.85, "trade_val": 77377.5, "order_id": "1300000003257826"}, {"date": "20/01/2021", "time": "09:33 AM", "segment": "NSE_CASH", "symbol": "HINDZINC", "type": "SELL", "qty": 9.0, "trade_price": 308.05, "trade_val": 2772.45, "order_id": "1100000000991277"}, {"date": "20/01/2021", "time": "09:33 AM", "segment": "NSE_CASH", "symbol": "HINDZINC", "type": "SELL", "qty": 1.0, "trade_price": 308.0, "trade_val": 308.0, "order_id": "1100000000991277"}, {"date": "20/01/2021", "time": "09:33 AM", "segment": "NSE_CASH", "symbol": "HINDZINC", "type": "SELL", "qty": 20.0, "trade_price": 308.0, "trade_val": 6160.0, "order_id": "1100000000991277"}, {"date": "20/01/2021", "time": "09:33 AM", "segment": "NSE_CASH", "symbol": "HINDZINC", "type": "SELL", "qty": 75.0, "trade_price": 308.0, "trade_val": 23100.0, "order_id": "1100000000991277"}, {"date": "20/01/2021", "time": "09:33 AM", "segment": "NSE_CASH", "symbol": "HINDZINC", "type": "SELL", "qty": 20.0, "trade_price": 308.0, "trade_val": 6160.0, "order_id": "1100000000991277"}, {"date": "20/01/2021", "time": "09:20 AM", "segment": "NSE_CASH", "symbol": "HINDZINC", "type": "BUY", "qty": 68.0, "trade_price": 310.4, "trade_val": 21107.2, "order_id": "1100000000443966"}, {"date": "20/01/2021", "time": "09:20 AM", "segment": "NSE_CASH", "symbol": "HINDZINC", "type": "BUY", "qty": 17.0, "trade_price": 310.4, "trade_val": 5276.8, "order_id": "1100000000443966"}, {"date": "19/01/2021", "time": "11:40 AM", "segment": "NSE_CASH", "symbol": "GRASIM", "type": "SELL", "qty": 25.0, "trade_price": 1047.0, "trade_val": 26175.0, "order_id": "1100000006628496"}, {"date": "19/01/2021", "time": "11:26 AM", "segment": "NSE_CASH", "symbol": "GRASIM", "type": "BUY", "qty": 25.0, "trade_price": 1049.8, "trade_val": 26245.0, "order_id": "1100000006144877"}, {"date": "18/01/2021", "time": "09:30 AM", "segment": "NSE_CASH", "symbol": "ASIANPAINT", "type": "SELL", "qty": 7.0, "trade_price": 2593.35, "trade_val": 18153.45, "order_id": "1000000001921577"}, {"date": "18/01/2021", "time": "09:30 AM", "segment": "NSE_CASH", "symbol": "ASIANPAINT", "type": "SELL", "qty": 33.0, "trade_price": 2593.3, "trade_val": 85578.9, "order_id": "1000000001921577"}, {"date": "18/01/2021", "time": "09:20 AM", "segment": "NSE_CASH", "symbol": "ASIANPAINT", "type": "BUY", "qty": 40.0, "trade_price": 2611.1, "trade_val": 104444.0, "order_id": "1000000000786526"}, {"date": "15/01/2021", "time": "09:18 AM", "segment": "NSE_CASH", "symbol": "JKTYRE", "type": "BUY", "qty": 150.0, "trade_price": 90.9, "trade_val": 13635.0, "order_id": "1200000000395953"}, {"date": "15/01/2021", "time": "03:11 PM", "segment": "NSE_CASH", "symbol": "MARICO", "type": "SELL", "qty": 4.0, "trade_price": 416.95, "trade_val": 1667.8, "order_id": "1200000010949270"}, {"date": "15/01/2021", "time": "03:11 PM", "segment": "NSE_CASH", "symbol": "MARICO", "type": "SELL", "qty": 93.0, "trade_price": 416.9, "trade_val": 38771.7, "order_id": "1200000010949270"}, {"date": "15/01/2021", "time": "03:11 PM", "segment": "NSE_CASH", "symbol": "MARICO", "type": "SELL", "qty": 177.0, "trade_price": 416.95, "trade_val": 73800.15, "order_id": "1200000010949270"}, {"date": "15/01/2021", "time": "03:11 PM", "segment": "NSE_CASH", "symbol": "MARICO", "type": "SELL", "qty": 1.0, "trade_price": 416.95, "trade_val": 416.95, "order_id": "1200000010949270"}, {"date": "15/01/2021", "time": "01:37 PM", "segment": "NSE_CASH", "symbol": "MARICO", "type": "BUY", "qty": 64.0, "trade_price": 418.2, "trade_val": 26764.8, "order_id": "1200000010789496"}, {"date": "15/01/2021", "time": "01:37 PM", "segment": "NSE_CASH", "symbol": "MARICO", "type": "BUY", "qty": 92.0, "trade_price": 418.15, "trade_val": 38469.8, "order_id": "1200000010789496"}, {"date": "15/01/2021", "time": "01:37 PM", "segment": "NSE_CASH", "symbol": "MARICO", "type": "BUY", "qty": 119.0, "trade_price": 418.15, "trade_val": 49759.85, "order_id": "1200000010789496"}, {"date": "15/01/2021", "time": "10:39 AM", "segment": "NSE_CASH", "symbol": "UPL", "type": "SELL", "qty": 90.0, "trade_price": 518.2, "trade_val": 46638.0, "order_id": "1300000006359331"}, {"date": "15/01/2021", "time": "10:19 AM", "segment": "NSE_CASH", "symbol": "UPL", "type": "BUY", "qty": 38.0, "trade_price": 520.7, "trade_val": 19786.6, "order_id": "1300000005488827"}, {"date": "15/01/2021", "time": "10:19 AM", "segment": "NSE_CASH", "symbol": "UPL", "type": "BUY", "qty": 50.0, "trade_price": 520.7, "trade_val": 26035.0, "order_id": "1300000005488827"}, {"date": "15/01/2021", "time": "10:19 AM", "segment": "NSE_CASH", "symbol": "UPL", "type": "BUY", "qty": 2.0, "trade_price": 520.7, "trade_val": 1041.4, "order_id": "1300000005488827"}, {"date": "15/01/2021", "time": "10:15 AM", "segment": "NSE_CASH", "symbol": "JKTYRE", "type": "SELL", "qty": 4.0, "trade_price": 91.6, "trade_val": 366.4, "order_id": "1200000003847152"}, {"date": "15/01/2021", "time": "10:15 AM", "segment": "NSE_CASH", "symbol": "JKTYRE", "type": "SELL", "qty": 77.0, "trade_price": 91.6, "trade_val": 7053.2, "order_id": "1200000003847152"}, {"date": "15/01/2021", "time": "10:15 AM", "segment": "NSE_CASH", "symbol": "JKTYRE", "type": "SELL", "qty": 272.0, "trade_price": 91.6, "trade_val": 24915.2, "order_id": "1200000003847152"}, {"date": "15/01/2021", "time": "10:15 AM", "segment": "NSE_CASH", "symbol": "JKTYRE", "type": "SELL", "qty": 147.0, "trade_price": 91.6, "trade_val": 13465.2, "order_id": "1200000003847152"}, {"date": "15/01/2021", "time": "09:18 AM", "segment": "NSE_CASH", "symbol": "JKTYRE", "type": "BUY", "qty": 64.0, "trade_price": 90.95, "trade_val": 5820.8, "order_id": "1200000000395953"}, {"date": "15/01/2021", "time": "09:18 AM", "segment": "NSE_CASH", "symbol": "JKTYRE", "type": "BUY", "qty": 10.0, "trade_price": 90.9, "trade_val": 909.0, "order_id": "1200000000395953"}, {"date": "15/01/2021", "time": "09:18 AM", "segment": "NSE_CASH", "symbol": "JKTYRE", "type": "BUY", "qty": 20.0, "trade_price": 90.9, "trade_val": 1818.0, "order_id": "1200000000395953"}, {"date": "15/01/2021", "time": "09:18 AM", "segment": "NSE_CASH", "symbol": "JKTYRE", "type": "BUY", "qty": 100.0, "trade_price": 90.9, "trade_val": 9090.0, "order_id": "1200000000395953"}, {"date": "15/01/2021", "time": "09:18 AM", "segment": "NSE_CASH", "symbol": "JKTYRE", "type": "BUY", "qty": 156.0, "trade_price": 90.9, "trade_val": 14180.4, "order_id": "1200000000395953"}, {"date": "14/01/2021", "time": "09:18 AM", "segment": "NSE_CASH", "symbol": "SAIL", "type": "SELL", "qty": 200.0, "trade_price": 68.65, "trade_val": 13730.0, "order_id": "1300000000765810"}, {"date": "14/01/2021", "time": "03:14 PM", "segment": "NSE_CASH", "symbol": "BECTORFOOD", "type": "SELL", "qty": 65.0, "trade_price": 438.5, "trade_val": 28502.5, "order_id": "1000000014530329"}, {"date": "14/01/2021", "time": "02:19 PM", "segment": "NSE_CASH", "symbol": "BECTORFOOD", "type": "BUY", "qty": 17.0, "trade_price": 442.4, "trade_val": 7520.8, "order_id": "1000000013611468"}, {"date": "14/01/2021", "time": "02:19 PM", "segment": "NSE_CASH", "symbol": "BECTORFOOD", "type": "BUY", "qty": 17.0, "trade_price": 442.4, "trade_val": 7520.8, "order_id": "1000000013611468"}, {"date": "14/01/2021", "time": "02:19 PM", "segment": "NSE_CASH", "symbol": "BECTORFOOD", "type": "BUY", "qty": 17.0, "trade_price": 442.4, "trade_val": 7520.8, "order_id": "1000000013611468"}, {"date": "14/01/2021", "time": "02:19 PM", "segment": "NSE_CASH", "symbol": "BECTORFOOD", "type": "BUY", "qty": 14.0, "trade_price": 442.4, "trade_val": 6193.6, "order_id": "1000000013611468"}, {"date": "14/01/2021", "time": "11:48 AM", "segment": "NSE_CASH", "symbol": "CIPLA", "type": "SELL", "qty": 99.0, "trade_price": 832.95, "trade_val": 82462.05, "order_id": "1000000007886909"}, {"date": "14/01/2021", "time": "11:48 AM", "segment": "NSE_CASH", "symbol": "CIPLA", "type": "SELL", "qty": 1.0, "trade_price": 832.95, "trade_val": 832.95, "order_id": "1000000007886909"}, {"date": "14/01/2021", "time": "11:07 AM", "segment": "NSE_CASH", "symbol": "CIPLA", "type": "BUY", "qty": 100.0, "trade_price": 834.0, "trade_val": 83400.0, "order_id": "1000000007405452"}, {"date": "14/01/2021", "time": "10:56 AM", "segment": "NSE_CASH", "symbol": "LUPIN", "type": "SELL", "qty": 21.0, "trade_price": 1083.3, "trade_val": 22749.3, "order_id": "1200000005833730"}, {"date": "14/01/2021", "time": "10:56 AM", "segment": "NSE_CASH", "symbol": "LUPIN", "type": "SELL", "qty": 16.0, "trade_price": 1083.3, "trade_val": 17332.8, "order_id": "1200000005833730"}, {"date": "14/01/2021", "time": "10:56 AM", "segment": "NSE_CASH", "symbol": "LUPIN", "type": "SELL", "qty": 48.0, "trade_price": 1083.3, "trade_val": 51998.4, "order_id": "1200000005833730"}, {"date": "14/01/2021", "time": "10:45 AM", "segment": "NSE_CASH", "symbol": "LUPIN", "type": "BUY", "qty": 85.0, "trade_price": 1072.9, "trade_val": 91196.5, "order_id": "1200000005151276"}, {"date": "14/01/2021", "time": "09:40 AM", "segment": "NSE_CASH", "symbol": "NTPC", "type": "SELL", "qty": 500.0, "trade_price": 102.2, "trade_val": 51100.0, "order_id": "1200000002151421"}, {"date": "14/01/2021", "time": "09:15 AM", "segment": "NSE_CASH", "symbol": "SAIL", "type": "BUY", "qty": 200.0, "trade_price": 68.5, "trade_val": 13700.0, "order_id": "1300000000203163"}, {"date": "14/01/2021", "time": "09:26 AM", "segment": "NSE_CASH", "symbol": "M&M", "type": "SELL", "qty": 50.0, "trade_price": 834.5, "trade_val": 41725.0, "order_id": "1200000000936959"}, {"date": "14/01/2021", "time": "09:25 AM", "segment": "NSE_CASH", "symbol": "NTPC", "type": "BUY", "qty": 500.0, "trade_price": 103.4, "trade_val": 51700.0, "order_id": "1200000000554911"}, {"date": "14/01/2021", "time": "09:23 AM", "segment": "NSE_CASH", "symbol": "M&M", "type": "BUY", "qty": 50.0, "trade_price": 834.55, "trade_val": 41727.5, "order_id": "1200000000849217"}, {"date": "13/01/2021", "time": "09:28 AM", "segment": "NSE_CASH", "symbol": "HINDZINC", "type": "SELL", "qty": 30.0, "trade_price": 297.45, "trade_val": 8923.5, "order_id": "1100000001398865"}, {"date": "13/01/2021", "time": "09:15 AM", "segment": "NSE_CASH", "symbol": "HINDZINC", "type": "BUY", "qty": 14.0, "trade_price": 296.7, "trade_val": 4153.8, "order_id": "1100000000185213"}, {"date": "13/01/2021", "time": "09:15 AM", "segment": "NSE_CASH", "symbol": "HINDZINC", "type": "BUY", "qty": 41.0, "trade_price": 296.7, "trade_val": 12164.7, "order_id": "1100000000185213"}, {"date": "13/01/2021", "time": "09:15 AM", "segment": "NSE_CASH", "symbol": "HINDZINC", "type": "BUY", "qty": 5.0, "trade_price": 296.7, "trade_val": 1483.5, "order_id": "1100000000185213"}, {"date": "13/01/2021", "time": "09:15 AM", "segment": "NSE_CASH", "symbol": "HINDZINC", "type": "BUY", "qty": 40.0, "trade_price": 296.7, "trade_val": 11868.0, "order_id": "1100000000185213"}, {"date": "13/01/2021", "time": "09:28 AM", "segment": "NSE_CASH", "symbol": "HINDZINC", "type": "SELL", "qty": 23.0, "trade_price": 297.2, "trade_val": 6835.6, "order_id": "1100000001398865"}, {"date": "13/01/2021", "time": "09:28 AM", "segment": "NSE_CASH", "symbol": "HINDZINC", "type": "SELL", "qty": 16.0, "trade_price": 297.45, "trade_val": 4759.2, "order_id": "1100000001398865"}, {"date": "13/01/2021", "time": "09:28 AM", "segment": "NSE_CASH", "symbol": "HINDZINC", "type": "SELL", "qty": 23.0, "trade_price": 297.2, "trade_val": 6835.6, "order_id": "1100000001398865"}, {"date": "13/01/2021", "time": "09:28 AM", "segment": "NSE_CASH", "symbol": "HINDZINC", "type": "SELL", "qty": 6.0, "trade_price": 297.2, "trade_val": 1783.2, "order_id": "1100000001398865"}, {"date": "13/01/2021", "time": "09:28 AM", "segment": "NSE_CASH", "symbol": "HINDZINC", "type": "SELL", "qty": 2.0, "trade_price": 297.45, "trade_val": 594.9, "order_id": "1100000001398865"}, {"date": "13/01/2021", "time": "09:50 AM", "segment": "NSE_CASH", "symbol": "GNA", "type": "BUY", "qty": 1.0, "trade_price": 406.3, "trade_val": 406.3, "order_id": "1100000003154401"}, {"date": "13/01/2021", "time": "11:32 AM", "segment": "NSE_CASH", "symbol": "GNA", "type": "SELL", "qty": 1.0, "trade_price": 398.6, "trade_val": 398.6, "order_id": "1100000008006246"}, {"date": "13/01/2021", "time": "12:45 PM", "segment": "NSE_CASH", "symbol": "BPCL", "type": "BUY", "qty": 60.0, "trade_price": 417.8, "trade_val": 25068.0, "order_id": "1000000013323021"}, {"date": "13/01/2021", "time": "12:46 PM", "segment": "NSE_CASH", "symbol": "M&M", "type": "BUY", "qty": 43.0, "trade_price": 830.4, "trade_val": 35707.2, "order_id": "1200000010628271"}, {"date": "13/01/2021", "time": "01:09 PM", "segment": "NSE_CASH", "symbol": "BPCL", "type": "SELL", "qty": 50.0, "trade_price": 416.2, "trade_val": 20810.0, "order_id": "1000000014372582"}, {"date": "13/01/2021", "time": "01:09 PM", "segment": "NSE_CASH", "symbol": "BPCL", "type": "SELL", "qty": 10.0, "trade_price": 416.2, "trade_val": 4162.0, "order_id": "1000000014372582"}, {"date": "13/01/2021", "time": "01:09 PM", "segment": "NSE_CASH", "symbol": "M&M", "type": "SELL", "qty": 43.0, "trade_price": 833.5, "trade_val": 35840.5, "order_id": "1200000011748663"}, {"date": "13/01/2021", "time": "01:41 PM", "segment": "NSE_CASH", "symbol": "TATAELXSI", "type": "BUY", "qty": 12.0, "trade_price": 2272.4, "trade_val": 27268.8, "order_id": "1300000012710306"}, {"date": "13/01/2021", "time": "01:41 PM", "segment": "NSE_CASH", "symbol": "TATAELXSI", "type": "BUY", "qty": 11.0, "trade_price": 2272.9, "trade_val": 25001.9, "order_id": "1300000012710306"}, {"date": "13/01/2021", "time": "01:49 PM", "segment": "NSE_CASH", "symbol": "TATAELXSI", "type": "SELL", "qty": 23.0, "trade_price": 2263.65, "trade_val": 52063.95, "order_id": "1300000013869670"}, {"date": "12/01/2021", "time": "11:59 AM", "segment": "NSE_CASH", "symbol": "JSL", "type": "BUY", "qty": 300.0, "trade_price": 90.3, "trade_val": 27090.0, "order_id": "1200000007826988"}, {"date": "12/01/2021", "time": "02:48 PM", "segment": "NSE_CASH", "symbol": "JKPAPER", "type": "SELL", "qty": 390.0, "trade_price": 128.3, "trade_val": 50037.0, "order_id": "1200000012736578"}, {"date": "12/01/2021", "time": "02:48 PM", "segment": "NSE_CASH", "symbol": "JKPAPER", "type": "SELL", "qty": 10.0, "trade_price": 128.35, "trade_val": 1283.5, "order_id": "1200000012736578"}, {"date": "12/01/2021", "time": "02:27 PM", "segment": "NSE_CASH", "symbol": "JKPAPER", "type": "BUY", "qty": 163.0, "trade_price": 129.1, "trade_val": 21043.3, "order_id": "1200000012206378"}, {"date": "12/01/2021", "time": "02:27 PM", "segment": "NSE_CASH", "symbol": "JKPAPER", "type": "BUY", "qty": 237.0, "trade_price": 129.1, "trade_val": 30596.7, "order_id": "1200000012206378"}, {"date": "12/01/2021", "time": "02:18 PM", "segment": "NSE_CASH", "symbol": "MMTC", "type": "SELL", "qty": 100.0, "trade_price": 32.0, "trade_val": 3200.0, "order_id": "1200000012276191"}, {"date": "12/01/2021", "time": "02:15 PM", "segment": "NSE_CASH", "symbol": "MMTC", "type": "BUY", "qty": 100.0, "trade_price": 32.5, "trade_val": 3250.0, "order_id": "1200000012244818"}, {"date": "12/01/2021", "time": "01:04 PM", "segment": "NSE_CASH", "symbol": "ASIANPAINT", "type": "SELL", "qty": 9.0, "trade_price": 2798.0, "trade_val": 25182.0, "order_id": "1000000011940798"}, {"date": "12/01/2021", "time": "01:04 PM", "segment": "NSE_CASH", "symbol": "ASIANPAINT", "type": "SELL", "qty": 36.0, "trade_price": 2798.0, "trade_val": 100728.0, "order_id": "1000000011940798"}, {"date": "12/01/2021", "time": "12:45 PM", "segment": "NSE_CASH", "symbol": "ASIANPAINT", "type": "BUY", "qty": 2.0, "trade_price": 2794.0, "trade_val": 5588.0, "order_id": "1000000011053481"}, {"date": "12/01/2021", "time": "12:45 PM", "segment": "NSE_CASH", "symbol": "ASIANPAINT", "type": "BUY", "qty": 43.0, "trade_price": 2794.0, "trade_val": 120142.0, "order_id": "1000000011053481"}, {"date": "12/01/2021", "time": "12:14 PM", "segment": "NSE_CASH", "symbol": "JSL", "type": "SELL", "qty": 300.0, "trade_price": 90.4, "trade_val": 27120.0, "order_id": "1200000007845119"}, {"date": "12/01/2021", "time": "11:46 AM", "segment": "NSE_CASH", "symbol": "IOC", "type": "SELL", "qty": 200.0, "trade_price": 98.75, "trade_val": 19750.0, "order_id": "1100000007524863"}, {"date": "12/01/2021", "time": "11:34 AM", "segment": "NSE_CASH", "symbol": "WHIRLPOOL", "type": "SELL", "qty": 1.0, "trade_price": 2485.3, "trade_val": 2485.3, "order_id": "1300000010243062"}, {"date": "12/01/2021", "time": "11:34 AM", "segment": "NSE_CASH", "symbol": "WHIRLPOOL", "type": "SELL", "qty": 17.0, "trade_price": 2485.25, "trade_val": 42249.25, "order_id": "1300000010243062"}, {"date": "12/01/2021", "time": "11:33 AM", "segment": "NSE_CASH", "symbol": "WHIRLPOOL", "type": "BUY", "qty": 9.0, "trade_price": 2489.95, "trade_val": 22409.55, "order_id": "1300000010015305"}, {"date": "12/01/2021", "time": "11:33 AM", "segment": "NSE_CASH", "symbol": "WHIRLPOOL", "type": "BUY", "qty": 4.0, "trade_price": 2489.9, "trade_val": 9959.6, "order_id": "1300000010015305"}, {"date": "12/01/2021", "time": "11:33 AM", "segment": "NSE_CASH", "symbol": "WHIRLPOOL", "type": "BUY", "qty": 5.0, "trade_price": 2487.9, "trade_val": 12439.5, "order_id": "1300000010015305"}, {"date": "12/01/2021", "time": "11:26 AM", "segment": "NSE_CASH", "symbol": "IOC", "type": "BUY", "qty": 200.0, "trade_price": 98.75, "trade_val": 19750.0, "order_id": "1100000007342319"}, {"date": "12/01/2021", "time": "10:52 AM", "segment": "NSE_CASH", "symbol": "PLASTIBLEN", "type": "SELL", "qty": 20.0, "trade_price": 262.5, "trade_val": 5250.0, "order_id": "1200000005454407"}, {"date": "12/01/2021", "time": "10:51 AM", "segment": "NSE_CASH", "symbol": "PLASTIBLEN", "type": "BUY", "qty": 20.0, "trade_price": 265.5, "trade_val": 5310.0, "order_id": "1200000005409089"}, {"date": "12/01/2021", "time": "10:15 AM", "segment": "NSE_CASH", "symbol": "ABFRL", "type": "SELL", "qty": 39.0, "trade_price": 171.75, "trade_val": 6698.25, "order_id": "1000000003068783"}, {"date": "12/01/2021", "time": "10:15 AM", "segment": "NSE_CASH", "symbol": "ABFRL", "type": "SELL", "qty": 2.0, "trade_price": 171.7, "trade_val": 343.4, "order_id": "1000000003068783"}, {"date": "12/01/2021", "time": "10:15 AM", "segment": "NSE_CASH", "symbol": "ABFRL", "type": "SELL", "qty": 59.0, "trade_price": 171.7, "trade_val": 10130.3, "order_id": "1000000003068783"}, {"date": "12/01/2021", "time": "10:15 AM", "segment": "NSE_CASH", "symbol": "ABFRL", "type": "SELL", "qty": 100.0, "trade_price": 171.7, "trade_val": 17170.0, "order_id": "1000000003068783"}, {"date": "12/01/2021", "time": "09:46 AM", "segment": "NSE_CASH", "symbol": "ABFRL", "type": "BUY", "qty": 200.0, "trade_price": 169.65, "trade_val": 33930.0, "order_id": "1000000003008783"}, {"date": "12/01/2021", "time": "09:41 AM", "segment": "NSE_CASH", "symbol": "GAIL", "type": "SELL", "qty": 200.0, "trade_price": 142.55, "trade_val": 28510.0, "order_id": "1100000001690377"}, {"date": "12/01/2021", "time": "09:39 AM", "segment": "NSE_CASH", "symbol": "COALINDIA", "type": "SELL", "qty": 200.0, "trade_price": 143.7, "trade_val": 28740.0, "order_id": "1000000000936190"}, {"date": "12/01/2021", "time": "09:21 AM", "segment": "NSE_CASH", "symbol": "GAIL", "type": "BUY", "qty": 200.0, "trade_price": 142.25, "trade_val": 28450.0, "order_id": "1100000000176045"}, {"date": "12/01/2021", "time": "09:19 AM", "segment": "NSE_CASH", "symbol": "COALINDIA", "type": "BUY", "qty": 200.0, "trade_price": 142.55, "trade_val": 28510.0, "order_id": "1000000000724937"}, {"date": "11/01/2021", "time": "09:44 AM", "segment": "NSE_CASH", "symbol": "JINDWORLD", "type": "BUY", "qty": 26.0, "trade_price": 59.65, "trade_val": 1550.9, "order_id": "1200000002054765"}, {"date": "11/01/2021", "time": "09:15 AM", "segment": "NSE_CASH", "symbol": "IFCI", "type": "SELL", "qty": 600.0, "trade_price": 10.25, "trade_val": 6150.0, "order_id": "1100000000342289"}, {"date": "11/01/2021", "time": "03:16 PM", "segment": "NSE_CASH", "symbol": "KITEX", "type": "SELL", "qty": 18.0, "trade_price": 112.55, "trade_val": 2025.9, "order_id": "1200000014887000"}, {"date": "11/01/2021", "time": "02:07 PM", "segment": "NSE_CASH", "symbol": "KITEX", "type": "BUY", "qty": 18.0, "trade_price": 113.15, "trade_val": 2036.7, "order_id": "1200000009938069"}, {"date": "11/01/2021", "time": "02:05 PM", "segment": "NSE_CASH", "symbol": "HAL", "type": "SELL", "qty": 6.0, "trade_price": 908.25, "trade_val": 5449.5, "order_id": "1100000009975493"}, {"date": "11/01/2021", "time": "02:05 PM", "segment": "NSE_CASH", "symbol": "HAL", "type": "SELL", "qty": 1.0, "trade_price": 908.25, "trade_val": 908.25, "order_id": "1100000009975493"}, {"date": "11/01/2021", "time": "02:05 PM", "segment": "NSE_CASH", "symbol": "HAL", "type": "SELL", "qty": 25.0, "trade_price": 908.25, "trade_val": 22706.25, "order_id": "1100000009975493"}, {"date": "11/01/2021", "time": "02:05 PM", "segment": "NSE_CASH", "symbol": "HAL", "type": "SELL", "qty": 2.0, "trade_price": 908.25, "trade_val": 1816.5, "order_id": "1100000009975493"}, {"date": "11/01/2021", "time": "02:05 PM", "segment": "NSE_CASH", "symbol": "HAL", "type": "SELL", "qty": 12.0, "trade_price": 908.25, "trade_val": 10899.0, "order_id": "1100000009975493"}, {"date": "11/01/2021", "time": "02:05 PM", "segment": "NSE_CASH", "symbol": "HAL", "type": "SELL", "qty": 4.0, "trade_price": 908.25, "trade_val": 3633.0, "order_id": "1100000009975493"}, {"date": "11/01/2021", "time": "11:45 AM", "segment": "NSE_CASH", "symbol": "HAL", "type": "BUY", "qty": 50.0, "trade_price": 913.7, "trade_val": 45685.0, "order_id": "1100000007305967"}, {"date": "11/01/2021", "time": "10:22 AM", "segment": "NSE_CASH", "symbol": "JINDWORLD", "type": "SELL", "qty": 100.0, "trade_price": 58.6, "trade_val": 5860.0, "order_id": "1200000004377446"}, {"date": "11/01/2021", "time": "10:21 AM", "segment": "NSE_CASH", "symbol": "JINDWORLD", "type": "SELL", "qty": 100.0, "trade_price": 58.95, "trade_val": 5895.0, "order_id": "1200000003084731"}, {"date": "11/01/2021", "time": "09:44 AM", "segment": "NSE_CASH", "symbol": "JINDWORLD", "type": "BUY", "qty": 75.0, "trade_price": 59.65, "trade_val": 4473.75, "order_id": "1200000002054765"}, {"date": "11/01/2021", "time": "09:44 AM", "segment": "NSE_CASH", "symbol": "JINDWORLD", "type": "BUY", "qty": 23.0, "trade_price": 59.65, "trade_val": 1371.95, "order_id": "1200000002054765"}, {"date": "11/01/2021", "time": "09:44 AM", "segment": "NSE_CASH", "symbol": "JINDWORLD", "type": "BUY", "qty": 76.0, "trade_price": 59.7, "trade_val": 4537.2, "order_id": "1200000002054765"}, {"date": "08/01/2021", "time": "01:25 PM", "segment": "NSE_CASH", "symbol": "HEMIPROP", "type": "SELL", "qty": 200.0, "trade_price": 113.25, "trade_val": 22650.0, "order_id": "1100000010358777"}, {"date": "08/01/2021", "time": "01:20 PM", "segment": "NSE_CASH", "symbol": "HEMIPROP", "type": "BUY", "qty": 151.0, "trade_price": 110.15, "trade_val": 16632.65, "order_id": "1100000010152652"}, {"date": "08/01/2021", "time": "03:11 PM", "segment": "NSE_CASH", "symbol": "IFCI", "type": "BUY", "qty": 600.0, "trade_price": 10.25, "trade_val": 6150.0, "order_id": "1100000014440481"}, {"date": "08/01/2021", "time": "01:20 PM", "segment": "NSE_CASH", "symbol": "HEMIPROP", "type": "BUY", "qty": 49.0, "trade_price": 110.2, "trade_val": 5399.8, "order_id": "1100000010152652"}, {"date": "07/01/2021", "time": "01:42 PM", "segment": "NSE_CASH", "symbol": "AJANTPHARM", "type": "BUY", "qty": 3.0, "trade_price": 1783.1, "trade_val": 5349.3, "order_id": "1000000013767055"}, {"date": "07/01/2021", "time": "02:09 PM", "segment": "NSE_CASH", "symbol": "AJANTPHARM", "type": "SELL", "qty": 10.0, "trade_price": 1778.0, "trade_val": 17780.0, "order_id": "1000000013911145"}, {"date": "07/01/2021", "time": "02:09 PM", "segment": "NSE_CASH", "symbol": "AJANTPHARM", "type": "SELL", "qty": 10.0, "trade_price": 1777.95, "trade_val": 17779.5, "order_id": "1000000013911145"}, {"date": "07/01/2021", "time": "01:42 PM", "segment": "NSE_CASH", "symbol": "AJANTPHARM", "type": "BUY", "qty": 2.0, "trade_price": 1783.0, "trade_val": 3566.0, "order_id": "1000000013767055"}, {"date": "07/01/2021", "time": "01:42 PM", "segment": "NSE_CASH", "symbol": "AJANTPHARM", "type": "BUY", "qty": 1.0, "trade_price": 1782.95, "trade_val": 1782.95, "order_id": "1000000013767055"}, {"date": "07/01/2021", "time": "01:42 PM", "segment": "NSE_CASH", "symbol": "AJANTPHARM", "type": "BUY", "qty": 4.0, "trade_price": 1782.9, "trade_val": 7131.6, "order_id": "1000000013767055"}, {"date": "07/01/2021", "time": "01:42 PM", "segment": "NSE_CASH", "symbol": "AJANTPHARM", "type": "BUY", "qty": 1.0, "trade_price": 1782.9, "trade_val": 1782.9, "order_id": "1000000013767055"}, {"date": "07/01/2021", "time": "01:42 PM", "segment": "NSE_CASH", "symbol": "AJANTPHARM", "type": "BUY", "qty": 3.0, "trade_price": 1783.1, "trade_val": 5349.3, "order_id": "1000000013767055"}, {"date": "07/01/2021", "time": "01:42 PM", "segment": "NSE_CASH", "symbol": "AJANTPHARM", "type": "BUY", "qty": 6.0, "trade_price": 1783.7, "trade_val": 10702.2, "order_id": "1000000013767055"}, {"date": "07/01/2021", "time": "09:24 AM", "segment": "NSE_CASH", "symbol": "GODREJPROP", "type": "SELL", "qty": 10.0, "trade_price": 1507.2, "trade_val": 15072.0, "order_id": "1100000000663052"}, {"date": "07/01/2021", "time": "09:18 AM", "segment": "NSE_CASH", "symbol": "GODREJPROP", "type": "BUY", "qty": 10.0, "trade_price": 1518.0, "trade_val": 15180.0, "order_id": "1100000000602877"}, {"date": "06/01/2021", "time": "09:25 AM", "segment": "NSE_CASH", "symbol": "CONCOR", "type": "BUY", "qty": 100.0, "trade_price": 420.25, "trade_val": 42025.0, "order_id": "1000000001504997"}, {"date": "06/01/2021", "time": "01:22 PM", "segment": "NSE_CASH", "symbol": "JMCPROJECT", "type": "SELL", "qty": 200.0, "trade_price": 70.15, "trade_val": 14030.0, "order_id": "1200000011042454"}, {"date": "06/01/2021", "time": "01:21 PM", "segment": "NSE_CASH", "symbol": "JMCPROJECT", "type": "BUY", "qty": 200.0, "trade_price": 70.05, "trade_val": 14010.0, "order_id": "1200000011004398"}, {"date": "06/01/2021", "time": "12:56 PM", "segment": "NSE_CASH", "symbol": "KALPATPOWR", "type": "SELL", "qty": 100.0, "trade_price": 330.05, "trade_val": 33005.0, "order_id": "1200000009723380"}, {"date": "06/01/2021", "time": "12:46 PM", "segment": "NSE_CASH", "symbol": "KALPATPOWR", "type": "BUY", "qty": 100.0, "trade_price": 325.9, "trade_val": 32590.0, "order_id": "1200000009682703"}, {"date": "06/01/2021", "time": "10:32 AM", "segment": "NSE_CASH", "symbol": "INDUSTOWER", "type": "SELL", "qty": 10.0, "trade_price": 261.55, "trade_val": 2615.5, "order_id": "1100000004736812"}, {"date": "06/01/2021", "time": "10:32 AM", "segment": "NSE_CASH", "symbol": "INDUSTOWER", "type": "SELL", "qty": 190.0, "trade_price": 261.4, "trade_val": 49666.0, "order_id": "1100000004736812"}, {"date": "06/01/2021", "time": "10:22 AM", "segment": "NSE_CASH", "symbol": "INDUSTOWER", "type": "BUY", "qty": 9.0, "trade_price": 262.1, "trade_val": 2358.9, "order_id": "1100000004583598"}, {"date": "06/01/2021", "time": "10:22 AM", "segment": "NSE_CASH", "symbol": "INDUSTOWER", "type": "BUY", "qty": 191.0, "trade_price": 262.1, "trade_val": 50061.1, "order_id": "1100000004583598"}, {"date": "06/01/2021", "time": "10:06 AM", "segment": "NSE_CASH", "symbol": "LUPIN", "type": "SELL", "qty": 100.0, "trade_price": 1012.25, "trade_val": 101225.0, "order_id": "1200000003811653"}, {"date": "06/01/2021", "time": "10:00 AM", "segment": "NSE_CASH", "symbol": "LUPIN", "type": "BUY", "qty": 100.0, "trade_price": 1015.7, "trade_val": 101570.0, "order_id": "1200000003044110"}, {"date": "06/01/2021", "time": "09:32 AM", "segment": "NSE_CASH", "symbol": "CONCOR", "type": "SELL", "qty": 16.0, "trade_price": 418.65, "trade_val": 6698.4, "order_id": "1000000001595315"}, {"date": "06/01/2021", "time": "09:32 AM", "segment": "NSE_CASH", "symbol": "CONCOR", "type": "SELL", "qty": 84.0, "trade_price": 418.65, "trade_val": 35166.6, "order_id": "1000000001595315"}, {"date": "05/01/2021", "time": "09:15 AM", "segment": "NSE_CASH", "symbol": "BIOCON", "type": "BUY", "qty": 54.0, "trade_price": 467.05, "trade_val": 25220.7, "order_id": "1000000000192008"}, {"date": "05/01/2021", "time": "02:17 PM", "segment": "NSE_CASH", "symbol": "MGL", "type": "SELL", "qty": 76.0, "trade_price": 1101.45, "trade_val": 83710.2, "order_id": "1200000011163746"}, {"date": "05/01/2021", "time": "02:17 PM", "segment": "NSE_CASH", "symbol": "MGL", "type": "SELL", "qty": 4.0, "trade_price": 1101.35, "trade_val": 4405.4, "order_id": "1200000011163746"}, {"date": "05/01/2021", "time": "01:47 PM", "segment": "NSE_CASH", "symbol": "MGL", "type": "BUY", "qty": 80.0, "trade_price": 1100.25, "trade_val": 88020.0, "order_id": "1200000011027439"}, {"date": "05/01/2021", "time": "09:56 AM", "segment": "NSE_CASH", "symbol": "RICOAUTO", "type": "SELL", "qty": 200.0, "trade_price": 39.7, "trade_val": 7940.0, "order_id": "1300000003046610"}, {"date": "05/01/2021", "time": "09:44 AM", "segment": "NSE_CASH", "symbol": "RICOAUTO", "type": "BUY", "qty": 200.0, "trade_price": 38.8, "trade_val": 7760.0, "order_id": "1300000002987129"}, {"date": "05/01/2021", "time": "09:30 AM", "segment": "NSE_CASH", "symbol": "MGL", "type": "SELL", "qty": 25.0, "trade_price": 1112.5, "trade_val": 27812.5, "order_id": "1200000001196670"}, {"date": "05/01/2021", "time": "09:25 AM", "segment": "NSE_CASH", "symbol": "BIOCON", "type": "SELL", "qty": 54.0, "trade_price": 465.5, "trade_val": 25137.0, "order_id": "1000000000599203"}, {"date": "05/01/2021", "time": "09:23 AM", "segment": "NSE_CASH", "symbol": "MGL", "type": "BUY", "qty": 25.0, "trade_price": 1095.25, "trade_val": 27381.25, "order_id": "1200000000191060"}, {"date": "05/01/2021", "time": "09:20 AM", "segment": "NSE_CASH", "symbol": "IGL", "type": "SELL", "qty": 72.0, "trade_price": 513.35, "trade_val": 36961.2, "order_id": "1100000000751568"}, {"date": "05/01/2021", "time": "09:15 AM", "segment": "NSE_CASH", "symbol": "IGL", "type": "BUY", "qty": 72.0, "trade_price": 508.55, "trade_val": 36615.6, "order_id": "1100000000181821"}, {"date": "04/01/2021", "time": "10:48 AM", "segment": "NSE_CASH", "symbol": "TATAMOTORS", "type": "SELL", "qty": 25.0, "trade_price": 191.05, "trade_val": 4776.25, "order_id": "1300000002008118"}, {"date": "04/01/2021", "time": "01:14 PM", "segment": "NSE_CASH", "symbol": "CANTABIL", "type": "SELL", "qty": 40.0, "trade_price": 390.5, "trade_val": 15620.0, "order_id": "1000000011204471"}, {"date": "04/01/2021", "time": "12:41 PM", "segment": "NSE_CASH", "symbol": "CANTABIL", "type": "BUY", "qty": 16.0, "trade_price": 393.6, "trade_val": 6297.6, "order_id": "1000000010935160"}, {"date": "04/01/2021", "time": "12:41 PM", "segment": "NSE_CASH", "symbol": "CANTABIL", "type": "BUY", "qty": 24.0, "trade_price": 393.6, "trade_val": 9446.4, "order_id": "1000000010935160"}, {"date": "04/01/2021", "time": "12:05 PM", "segment": "NSE_CASH", "symbol": "JISLJALEQS", "type": "SELL", "qty": 300.0, "trade_price": 19.2, "trade_val": 5760.0, "order_id": "1200000007879975"}, {"date": "04/01/2021", "time": "12:04 PM", "segment": "NSE_CASH", "symbol": "JISLJALEQS", "type": "BUY", "qty": 300.0, "trade_price": 19.35, "trade_val": 5805.0, "order_id": "1200000007840856"}, {"date": "04/01/2021", "time": "10:48 AM", "segment": "NSE_CASH", "symbol": "TATAMOTORS", "type": "SELL", "qty": 6.0, "trade_price": 191.05, "trade_val": 1146.3, "order_id": "1300000002008118"}, {"date": "04/01/2021", "time": "10:48 AM", "segment": "NSE_CASH", "symbol": "TATAMOTORS", "type": "SELL", "qty": 19.0, "trade_price": 191.05, "trade_val": 3629.95, "order_id": "1300000002008118"}, {"date": "04/01/2021", "time": "10:48 AM", "segment": "NSE_CASH", "symbol": "TATAMOTORS", "type": "SELL", "qty": 100.0, "trade_price": 191.05, "trade_val": 19105.0, "order_id": "1300000002008118"}, {"date": "04/01/2021", "time": "10:27 AM", "segment": "NSE_CASH", "symbol": "ORICONENT", "type": "SELL", "qty": 500.0, "trade_price": 25.7, "trade_val": 12850.0, "order_id": "1200000003016710"}, {"date": "04/01/2021", "time": "10:01 AM", "segment": "NSE_CASH", "symbol": "ORICONENT", "type": "BUY", "qty": 500.0, "trade_price": 24.8, "trade_val": 12400.0, "order_id": "1200000002899868"}, {"date": "04/01/2021", "time": "09:44 AM", "segment": "NSE_CASH", "symbol": "MANGCHEFER", "type": "SELL", "qty": 200.0, "trade_price": 51.3, "trade_val": 10260.0, "order_id": "1200000001180137"}, {"date": "04/01/2021", "time": "09:24 AM", "segment": "NSE_CASH", "symbol": "MANGCHEFER", "type": "BUY", "qty": 200.0, "trade_price": 51.75, "trade_val": 10350.0, "order_id": "1200000000895833"}, {"date": "04/01/2021", "time": "09:24 AM", "segment": "NSE_CASH", "symbol": "TATAMOTORS", "type": "BUY", "qty": 138.0, "trade_price": 191.5, "trade_val": 26427.0, "order_id": "1300000000218302"}, {"date": "04/01/2021", "time": "09:24 AM", "segment": "NSE_CASH", "symbol": "TATAMOTORS", "type": "BUY", "qty": 12.0, "trade_price": 191.5, "trade_val": 2298.0, "order_id": "1300000000218302"}, {"date": "01/01/2021", "time": "09:15 AM", "segment": "NSE_CASH", "symbol": "JKTYRE", "type": "BUY", "qty": 5.0, "trade_price": 75.35, "trade_val": 376.75, "order_id": "1200000000146358"}, {"date": "01/01/2021", "time": "02:33 PM", "segment": "NSE_CASH", "symbol": "RAIN", "type": "SELL", "qty": 425.0, "trade_price": 143.1, "trade_val": 60817.5, "order_id": "1300000008262367"}, {"date": "01/01/2021", "time": "01:29 PM", "segment": "NSE_CASH", "symbol": "RAIN", "type": "BUY", "qty": 425.0, "trade_price": 145.35, "trade_val": 61773.75, "order_id": "1300000007578742"}, {"date": "01/01/2021", "time": "09:39 AM", "segment": "NSE_CASH", "symbol": "DEEPAKFERT", "type": "SELL", "qty": 90.0, "trade_price": 158.75, "trade_val": 14287.5, "order_id": "1000000001765280"}, {"date": "01/01/2021", "time": "09:39 AM", "segment": "NSE_CASH", "symbol": "DEEPAKFERT", "type": "SELL", "qty": 10.0, "trade_price": 158.8, "trade_val": 1588.0, "order_id": "1000000001765280"}, {"date": "01/01/2021", "time": "09:15 AM", "segment": "NSE_CASH", "symbol": "JKTYRE", "type": "BUY", "qty": 113.0, "trade_price": 75.35, "trade_val": 8514.55, "order_id": "1200000000146358"}, {"date": "01/01/2021", "time": "09:37 AM", "segment": "NSE_CASH", "symbol": "INDHOTEL", "type": "SELL", "qty": 150.0, "trade_price": 122.95, "trade_val": 18442.5, "order_id": "1100000001425053"}, {"date": "01/01/2021", "time": "09:33 AM", "segment": "NSE_CASH", "symbol": "JKTYRE", "type": "SELL", "qty": 24.0, "trade_price": 75.2, "trade_val": 1804.8, "order_id": "1200000000496608"}, {"date": "01/01/2021", "time": "09:33 AM", "segment": "NSE_CASH", "symbol": "JKTYRE", "type": "SELL", "qty": 153.0, "trade_price": 75.2, "trade_val": 11505.6, "order_id": "1200000000496608"}, {"date": "01/01/2021", "time": "09:15 AM", "segment": "NSE_CASH", "symbol": "JKTYRE", "type": "BUY", "qty": 19.0, "trade_price": 75.35, "trade_val": 1431.65, "order_id": "1200000000146358"}, {"date": "01/01/2021", "time": "09:30 AM", "segment": "NSE_CASH", "symbol": "DEEPAKFERT", "type": "BUY", "qty": 57.0, "trade_price": 158.6, "trade_val": 9040.2, "order_id": "1000000001377481"}, {"date": "01/01/2021", "time": "09:30 AM", "segment": "NSE_CASH", "symbol": "DEEPAKFERT", "type": "BUY", "qty": 43.0, "trade_price": 158.6, "trade_val": 6819.8, "order_id": "1000000001377481"}, {"date": "01/01/2021", "time": "09:15 AM", "segment": "NSE_CASH", "symbol": "JKTYRE", "type": "BUY", "qty": 40.0, "trade_price": 75.35, "trade_val": 3014.0, "order_id": "1200000000146358"}, {"date": "01/01/2021", "time": "09:29 AM", "segment": "NSE_CASH", "symbol": "INDHOTEL", "type": "BUY", "qty": 40.0, "trade_price": 123.65, "trade_val": 4946.0, "order_id": "1100000001106637"}, {"date": "01/01/2021", "time": "09:29 AM", "segment": "NSE_CASH", "symbol": "INDHOTEL", "type": "BUY", "qty": 110.0, "trade_price": 123.7, "trade_val": 13607.0, "order_id": "1100000001106637"}], "total_res": 249.0}, "status_code": 200, "code": 200}