{"s": "ok", "message": "Success", "data": {"COLUMNS": [{"date": "Date", "time": "Time", "segment": "Segment", "symbol": "Symbol", "type": "Trade Type", "qty": "Quantity", "trade_price": "Trade Price (\u20b9)", "trade_val": "Trade Value  (\u20b9)", "order_id": "Order id"}], "DATA": [{"date": "17/04/2025", "time": "10:26 AM", "segment": "NSE_CASH", "symbol": "GOLDBEES", "type": "SELL", "qty": 2430.0, "trade_price": 79.89, "trade_val": 194132.7, "order_id": "1100000019170858"}, {"date": "02/04/2025", "time": "02:28 PM", "segment": "NSE_CASH", "symbol": "GOLDBEES", "type": "BUY", "qty": 377.0, "trade_price": 76.32, "trade_val": 28772.64, "order_id": "1100000054095328"}, {"date": "02/04/2025", "time": "02:28 PM", "segment": "NSE_CASH", "symbol": "GOLDBEES", "type": "BUY", "qty": 882.0, "trade_price": 76.32, "trade_val": 67314.24, "order_id": "1100000054095328"}, {"date": "02/04/2025", "time": "02:28 PM", "segment": "NSE_CASH", "symbol": "GOLDBEES", "type": "BUY", "qty": 196.0, "trade_price": 76.32, "trade_val": 14958.72, "order_id": "1100000054095328"}, {"date": "02/04/2025", "time": "02:28 PM", "segment": "NSE_CASH", "symbol": "GOLDBEES", "type": "BUY", "qty": 777.0, "trade_price": 76.32, "trade_val": 59300.64, "order_id": "1100000054095328"}, {"date": "02/04/2025", "time": "02:28 PM", "segment": "NSE_CASH", "symbol": "GOLDBEES", "type": "BUY", "qty": 48.0, "trade_price": 76.32, "trade_val": 3663.36, "order_id": "1100000054095328"}, {"date": "02/04/2025", "time": "02:28 PM", "segment": "NSE_CASH", "symbol": "GOLDBEES", "type": "BUY", "qty": 150.0, "trade_price": 76.32, "trade_val": 11448.0, "order_id": "1100000054095328"}], "total_res": 7.0}, "status_code": 200, "code": 200}