{"s": "ok", "message": "Success", "data": {"COLUMNS": [{"exchange": "Segment", "date": "Date", "settlement_no": "Settlement Number", "bill_amt": "Bill Amount (\u20b9)"}], "DATA": [{"exchange": "NSE_CASH", "date": "07/09/2022", "settlement_no": 2022169, "bill_amt": -47.71}, {"exchange": "NSE_CASH", "date": "08/09/2022", "settlement_no": 2022170, "bill_amt": 85.11}, {"exchange": "NSE_CASH", "date": "09/09/2022", "settlement_no": 2022171, "bill_amt": 14.38}, {"exchange": "NSE_CASH", "date": "16/09/2022", "settlement_no": 2022176, "bill_amt": -4795.92}, {"exchange": "NSE_CASH", "date": "21/09/2022", "settlement_no": 2022179, "bill_amt": -3222.22}, {"exchange": "NSE_CASH", "date": "23/09/2022", "settlement_no": 2022181, "bill_amt": 1068.79}]}, "status_code": 200, "code": 200}