{"s": "ok", "message": "Success", "data": {"COLUMNS": [{"exchange": "Segment", "date": "Date", "settlement_no": "Settlement Number", "bill_amt": "Bill Amount (\u20b9)"}], "DATA": [{"exchange": "NSE_CASH", "date": "14/01/2022", "settlement_no": 2022010, "bill_amt": -149.95}, {"exchange": "NSE_CASH", "date": "17/01/2022", "settlement_no": 2022011, "bill_amt": -118.18}, {"exchange": "NSE_CASH", "date": "18/01/2022", "settlement_no": 2022012, "bill_amt": -482.94}, {"exchange": "MF_BSE", "date": "18/01/2022", "settlement_no": 2021198, "bill_amt": 19870.37}, {"exchange": "NSE_CASH", "date": "19/01/2022", "settlement_no": 2022013, "bill_amt": 22.68}, {"exchange": "NSE_CASH", "date": "20/01/2022", "settlement_no": 2022014, "bill_amt": -1963.65}, {"exchange": "NSE_CASH", "date": "28/01/2022", "settlement_no": 2022019, "bill_amt": -554.09}]}, "status_code": 200, "code": 200}