{"s": "ok", "message": "Success", "data": {"COLUMNS": [{"exchange": "Segment", "date": "Date", "settlement_no": "Settlement Number", "bill_amt": "Bill Amount (\u20b9)"}], "DATA": [{"exchange": "NSE_CASH", "date": "05/04/2021", "settlement_no": 2021063, "bill_amt": -448.53}, {"exchange": "NSE_CASH", "date": "07/04/2021", "settlement_no": 2021065, "bill_amt": -0.41}, {"exchange": "NSE_CASH", "date": "09/04/2021", "settlement_no": 2021067, "bill_amt": -355.35}, {"exchange": "NSE_CASH", "date": "12/04/2021", "settlement_no": 2021068, "bill_amt": -32719.08}, {"exchange": "NSE_CASH", "date": "13/04/2021", "settlement_no": 2021069, "bill_amt": -2.32}, {"exchange": "NSE_CASH", "date": "15/04/2021", "settlement_no": 2021070, "bill_amt": 32873.92}, {"exchange": "NSE_CASH", "date": "16/04/2021", "settlement_no": 2021071, "bill_amt": -5.14}, {"exchange": "NSE_CASH", "date": "20/04/2021", "settlement_no": 2021073, "bill_amt": -3034.76}, {"exchange": "NSE_CASH", "date": "22/04/2021", "settlement_no": 2021074, "bill_amt": -1466.21}, {"exchange": "NSE_CASH", "date": "23/04/2021", "settlement_no": 2021075, "bill_amt": -5261.42}, {"exchange": "NSE_CASH", "date": "26/04/2021", "settlement_no": 2021076, "bill_amt": -23146.57}, {"exchange": "NSE_CASH", "date": "27/04/2021", "settlement_no": 2021077, "bill_amt": 24385.0}, {"exchange": "NSE_CASH", "date": "28/04/2021", "settlement_no": 2021078, "bill_amt": -105.38}, {"exchange": "NSE_CASH", "date": "29/04/2021", "settlement_no": 2021079, "bill_amt": -136.78}, {"exchange": "NSE_CASH", "date": "30/04/2021", "settlement_no": 2021080, "bill_amt": 147.97}]}, "status_code": 200, "code": 200}