{"s": "ok", "message": "Success", "data": {"COLUMNS": [{"exchange": "Segment", "date": "Date", "settlement_no": "Settlement Number", "bill_amt": "Bill Amount (\u20b9)"}], "DATA": [{"exchange": "NSE_CASH", "date": "03/08/2022", "settlement_no": 2022147, "bill_amt": 543.13}, {"exchange": "NSE_CASH", "date": "18/08/2022", "settlement_no": 2022156, "bill_amt": 639.84}, {"exchange": "NSE_CASH", "date": "19/08/2022", "settlement_no": 2022157, "bill_amt": 160.86}, {"exchange": "NSE_CASH", "date": "29/08/2022", "settlement_no": 2022163, "bill_amt": 83911.08}]}, "status_code": 200, "code": 200}