{"s": "ok", "message": "Success", "data": {"COLUMNS": [{"exchange": "Segment", "date": "Date", "settlement_no": "Settlement Number", "bill_amt": "Bill Amount (\u20b9)"}], "DATA": [{"exchange": "NSE_CASH", "date": "01/01/2021", "settlement_no": 2021001, "bill_amt": -1191.06}, {"exchange": "NSE_CASH", "date": "04/01/2021", "settlement_no": 2021002, "bill_amt": 47.24}, {"exchange": "NSE_CASH", "date": "05/01/2021", "settlement_no": 2021003, "bill_amt": 789.33}, {"exchange": "NSE_CASH", "date": "06/01/2021", "settlement_no": 2021004, "bill_amt": -439.19}, {"exchange": "NSE_CASH", "date": "07/01/2021", "settlement_no": 2021005, "bill_amt": -266.51}, {"exchange": "NSE_CASH", "date": "08/01/2021", "settlement_no": 2021006, "bill_amt": -5563.7}, {"exchange": "NSE_CASH", "date": "11/01/2021", "settlement_no": 2021007, "bill_amt": 5619.32}, {"exchange": "NSE_CASH", "date": "12/01/2021", "settlement_no": 2021008, "bill_amt": 62.71}, {"exchange": "NSE_CASH", "date": "13/01/2021", "settlement_no": 2021009, "bill_amt": -265.7}, {"exchange": "NSE_CASH", "date": "14/01/2021", "settlement_no": 2021010, "bill_amt": -345.46}, {"exchange": "NSE_CASH", "date": "15/01/2021", "settlement_no": 2021011, "bill_amt": -400.53}, {"exchange": "NSE_CASH", "date": "18/01/2021", "settlement_no": 2021012, "bill_amt": -795.13}, {"exchange": "NSE_CASH", "date": "19/01/2021", "settlement_no": 2021013, "bill_amt": -98.39}, {"exchange": "NSE_CASH", "date": "20/01/2021", "settlement_no": 2021014, "bill_amt": -586.13}, {"exchange": "NSE_CASH", "date": "21/01/2021", "settlement_no": 2021015, "bill_amt": -383.64}, {"exchange": "NSE_CASH", "date": "22/01/2021", "settlement_no": 2021016, "bill_amt": -50.11}, {"exchange": "NSE_CASH", "date": "25/01/2021", "settlement_no": 2021017, "bill_amt": -527.36}, {"exchange": "NSE_CASH", "date": "27/01/2021", "settlement_no": 2021018, "bill_amt": -61.42}, {"exchange": "NSE_CASH", "date": "28/01/2021", "settlement_no": 2021019, "bill_amt": 3.88}, {"exchange": "NSE_CASH", "date": "29/01/2021", "settlement_no": 2021020, "bill_amt": -287.43}]}, "status_code": 200, "code": 200}