{"s": "ok", "message": "Success", "data": {"COLUMNS": [{"exchange": "Segment", "date": "Date", "settlement_no": "Settlement Number", "bill_amt": "Bill Amount (\u20b9)"}], "DATA": [{"exchange": "NSE_CASH", "date": "01/12/2021", "settlement_no": 2021226, "bill_amt": -88.71}, {"exchange": "NSE_CASH", "date": "03/12/2021", "settlement_no": 2021228, "bill_amt": 525.69}, {"exchange": "NSE_CASH", "date": "13/12/2021", "settlement_no": 2021234, "bill_amt": -127.7}, {"exchange": "NSE_CASH", "date": "14/12/2021", "settlement_no": 2021235, "bill_amt": -5067.21}, {"exchange": "NSE_CASH", "date": "15/12/2021", "settlement_no": 2021236, "bill_amt": -703.85}, {"exchange": "NSE_CASH", "date": "16/12/2021", "settlement_no": 2021237, "bill_amt": 5695.9}, {"exchange": "NSE_CASH", "date": "17/12/2021", "settlement_no": 2021238, "bill_amt": -490.22}, {"exchange": "NSE_CASH", "date": "22/12/2021", "settlement_no": 2021241, "bill_amt": -12.46}, {"exchange": "NSE_CASH", "date": "23/12/2021", "settlement_no": 2021242, "bill_amt": -4477.18}, {"exchange": "NSE_CASH", "date": "24/12/2021", "settlement_no": 2021243, "bill_amt": 4470.32}, {"exchange": "NSE_CASH", "date": "28/12/2021", "settlement_no": 2021245, "bill_amt": -124.62}, {"exchange": "NSE_CASH", "date": "29/12/2021", "settlement_no": 2021246, "bill_amt": -6401.52}, {"exchange": "NSE_CASH", "date": "30/12/2021", "settlement_no": 2021247, "bill_amt": 6517.78}]}, "status_code": 200, "code": 200}