{"s": "ok", "message": "Success", "data": {"COLUMNS": [{"exchange": "Segment", "date": "Date", "settlement_no": "Settlement Number", "bill_amt": "Bill Amount (\u20b9)"}], "DATA": [{"exchange": "NSE_CASH", "date": "01/11/2021", "settlement_no": 2021206, "bill_amt": -151.06}, {"exchange": "NSE_CASH", "date": "03/11/2021", "settlement_no": 2021208, "bill_amt": -613.51}, {"exchange": "NSE_CASH", "date": "18/11/2021", "settlement_no": 2021218, "bill_amt": -5874.4}, {"exchange": "NSE_CASH", "date": "23/11/2021", "settlement_no": 2021220, "bill_amt": 6831.82}]}, "status_code": 200, "code": 200}