{"s": "ok", "message": "Success", "data": {"COLUMNS": [{"exchange": "Segment", "date": "Date", "settlement_no": "Settlement Number", "bill_amt": "Bill Amount (\u20b9)"}], "DATA": [{"exchange": "NSE_CASH", "date": "03/02/2025", "settlement_no": 2025025, "bill_amt": -4675.17}, {"exchange": "NSE_CASH", "date": "04/02/2025", "settlement_no": 2025026, "bill_amt": -3531.14}, {"exchange": "NSE_CASH", "date": "21/02/2025", "settlement_no": 2025039, "bill_amt": -291.6}, {"exchange": "NSE_CASH", "date": "28/02/2025", "settlement_no": 2025043, "bill_amt": 9691.12}]}, "status_code": 200, "code": 200}