{"s": "ok", "message": "Success", "data": {"COLUMNS": [{"exchange": "Segment", "date": "Date", "settlement_no": "Settlement Number", "bill_amt": "Bill Amount (\u20b9)"}], "DATA": [{"exchange": "NSE_CASH", "date": "02/02/2023", "settlement_no": 2023023, "bill_amt": -853.38}, {"exchange": "NSE_CASH", "date": "13/02/2023", "settlement_no": 2023030, "bill_amt": -119.14}, {"exchange": "NSE_CASH", "date": "17/02/2023", "settlement_no": 2023034, "bill_amt": 1448.18}, {"exchange": "NSE_CASH", "date": "23/02/2023", "settlement_no": 2023038, "bill_amt": -0.65}, {"exchange": "NSE_CASH", "date": "24/02/2023", "settlement_no": 2023039, "bill_amt": 21.97}]}, "status_code": 200, "code": 200}