{"s": "ok", "message": "Success", "data": {"COLUMNS": [{"exchange": "Segment", "date": "Date", "settlement_no": "Settlement Number", "bill_amt": "Bill Amount (\u20b9)"}], "DATA": [{"exchange": "NSE_CASH", "date": "02/01/2025", "settlement_no": 2025002, "bill_amt": -6821.91}, {"exchange": "NSE_CASH", "date": "06/01/2025", "settlement_no": 2025004, "bill_amt": -11220.86}, {"exchange": "NSE_CASH", "date": "23/01/2025", "settlement_no": 2025017, "bill_amt": -3846.71}]}, "status_code": 200, "code": 200}