{"s": "ok", "message": "Success", "data": {"COLUMNS": [{"exchange": "Segment", "date": "Date", "settlement_no": "Settlement Number", "bill_amt": "Bill Amount (\u20b9)"}], "DATA": [{"exchange": "NSE_CASH", "date": "01/03/2021", "settlement_no": 2021041, "bill_amt": 475.53}, {"exchange": "NSE_CASH", "date": "02/03/2021", "settlement_no": 2021042, "bill_amt": 614.83}, {"exchange": "NSE_CASH", "date": "03/03/2021", "settlement_no": 2021043, "bill_amt": 642.65}, {"exchange": "NSE_CASH", "date": "04/03/2021", "settlement_no": 2021044, "bill_amt": -596.89}, {"exchange": "NSE_CASH", "date": "05/03/2021", "settlement_no": 2021045, "bill_amt": 20.61}, {"exchange": "NSE_CASH", "date": "08/03/2021", "settlement_no": 2021046, "bill_amt": -77.91}, {"exchange": "NSE_CASH", "date": "09/03/2021", "settlement_no": 2021047, "bill_amt": -46.05}, {"exchange": "NSE_CASH", "date": "10/03/2021", "settlement_no": 2021048, "bill_amt": -580.53}, {"exchange": "NSE_CASH", "date": "31/03/2021", "settlement_no": 2021061, "bill_amt": -776.02}]}, "status_code": 200, "code": 200}