{"s": "ok", "message": "Success", "data": {"COLUMNS": [{"exchange": "Segment", "date": "Date", "settlement_no": "Settlement Number", "bill_amt": "Bill Amount (\u20b9)"}], "DATA": [{"exchange": "NSE_CASH", "date": "01/07/2024", "settlement_no": 2024122, "bill_amt": -148601.99}, {"exchange": "NSE_CASH", "date": "03/07/2024", "settlement_no": 2024124, "bill_amt": -3293.8}, {"exchange": "NSE_CASH", "date": "05/07/2024", "settlement_no": 2024126, "bill_amt": -52.89}, {"exchange": "NSE_CASH", "date": "08/07/2024", "settlement_no": 2024127, "bill_amt": 562.91}, {"exchange": "NSE_CASH", "date": "09/07/2024", "settlement_no": 2024128, "bill_amt": -9075.39}, {"exchange": "NSE_CASH", "date": "10/07/2024", "settlement_no": 2024129, "bill_amt": 10.05}, {"exchange": "NSE_CASH", "date": "11/07/2024", "settlement_no": 2024130, "bill_amt": 229.45}, {"exchange": "NSE_CASH", "date": "12/07/2024", "settlement_no": 2024131, "bill_amt": -841.29}, {"exchange": "NSE_CASH", "date": "15/07/2024", "settlement_no": 2024132, "bill_amt": 1118.48}, {"exchange": "NSE_CASH", "date": "16/07/2024", "settlement_no": 2024133, "bill_amt": 1764.7}, {"exchange": "NSE_CASH", "date": "19/07/2024", "settlement_no": 2024135, "bill_amt": -207.27}, {"exchange": "NSE_CASH", "date": "25/07/2024", "settlement_no": 2024139, "bill_amt": -656.82}, {"exchange": "NSE_CASH", "date": "29/07/2024", "settlement_no": 2024141, "bill_amt": 273662.12}, {"exchange": "NSE_CASH", "date": "30/07/2024", "settlement_no": 2024142, "bill_amt": 549.07}]}, "status_code": 200, "code": 200}