{"s": "ok", "message": "Success", "data": {"COLUMNS": [{"exchange": "Segment", "date": "Date", "settlement_no": "Settlement Number", "bill_amt": "Bill Amount (\u20b9)"}], "DATA": [{"exchange": "NSE_CASH", "date": "05/12/2022", "settlement_no": 2022229, "bill_amt": -779.65}, {"exchange": "NSE_CASH", "date": "07/12/2022", "settlement_no": 2022231, "bill_amt": -754.09}, {"exchange": "NSE_CASH", "date": "08/12/2022", "settlement_no": 2022232, "bill_amt": -6855.48}]}, "status_code": 200, "code": 200}