{
  "s": "ok",
  "message": "Success",
  "data": {
    "COLUMNS": [
      {
        "exchange": "Segment",
        "date": "Date",
        "settlement_no": "Settlement Number",
        "bill_amt": "Bill Amount (\u20b9)"
      }
    ],
    "DATA": [
      {
        "exchange": "NSE_CASH",
        "date": "01/07/2025",
        "settlement_no": 2025124,
        "bill_amt": -189.15
      },
      {
        "exchange": "NSE_CASH",
        "date": "02/07/2025",
        "settlement_no": 2025125,
        "bill_amt": -1285.94
      },
      {
        "exchange": "NSE_CASH",
        "date": "03/07/2025",
        "settlement_no": 2025126,
        "bill_amt": -1396.6
      },
      {
        "exchange": "NSE_CASH",
        "date": "04/07/2025",
        "settlement_no": 2025127,
        "bill_amt": -497945.59
      },
      {
        "exchange": "NSE_CASH",
        "date": "07/07/2025",
        "settlement_no": 2025128,
        "bill_amt": 498753.22
      },
      {
        "exchange": "NSE_CASH",
        "date": "08/07/2025",
        "settlement_no": 2025129,
        "bill_amt": -7606.28
      },
      {
        "exchange": "NSE_CASH",
        "date": "11/07/2025",
        "settlement_no": 2025132,
        "bill_amt": -4474.68
      },
      {
        "exchange": "NSE_CASH",
        "date": "14/07/2025",
        "settlement_no": 2025133,
        "bill_amt": -9751.25
      },
      {
        "exchange": "NSE_CASH",
        "date": "15/07/2025",
        "settlement_no": 2025134,
        "bill_amt": 2096.36
      },
      {
        "exchange": "NSE_CASH",
        "date": "16/07/2025",
        "settlement_no": 2025135,
        "bill_amt": -1558.73
      },
      {
        "exchange": "NSE_CASH",
        "date": "17/07/2025",
        "settlement_no": 2025136,
        "bill_amt": -161.93
      },
      {
        "exchange": "NSE_CASH",
        "date": "18/07/2025",
        "settlement_no": 2025137,
        "bill_amt": -1969.25
      },
      {
        "exchange": "NSE_CASH",
        "date": "21/07/2025",
        "settlement_no": 2025138,
        "bill_amt": -2675.78
      },
      {
        "exchange": "NSE_CASH",
        "date": "22/07/2025",
        "settlement_no": 2025139,
        "bill_amt": 16.48
      },
      {
        "exchange": "NSE_CASH",
        "date": "23/07/2025",
        "settlement_no": 2025140,
        "bill_amt": -4590.07
      },
      {
        "exchange": "NSE_FNO",
        "date": "24/07/2025",
        "settlement_no": 20250724,
        "bill_amt": -2233.37
      },
      {
        "exchange": "NSE_CASH",
        "date": "25/07/2025",
        "settlement_no": 2025142,
        "bill_amt": -453.92
      },
      {
        "exchange": "NSE_CASH",
        "date": "29/07/2025",
        "settlement_no": 2025144,
        "bill_amt": -2157.31
      },
      {
        "exchange": "NSE_FNO",
        "date": "31/07/2025",
        "settlement_no": 20250731,
        "bill_amt": 3.01
      }
    ]
  },
  "status_code": 200,
  "code": 200
}