{"s": "ok", "message": "Success", "data": {"COLUMNS": [{"exchange": "Segment", "date": "Date", "settlement_no": "Settlement Number", "bill_amt": "Bill Amount (\u20b9)"}], "DATA": [{"exchange": "NSE_CASH", "date": "02/08/2024", "settlement_no": 2024145, "bill_amt": -26.74}, {"exchange": "NSE_CASH", "date": "05/08/2024", "settlement_no": 2024146, "bill_amt": -190.82}, {"exchange": "NSE_CASH", "date": "13/08/2024", "settlement_no": 2024152, "bill_amt": -237740.69}, {"exchange": "NSE_CASH", "date": "14/08/2024", "settlement_no": 2024153, "bill_amt": 7610.93}, {"exchange": "NSE_CASH", "date": "19/08/2024", "settlement_no": 2024155, "bill_amt": -49828.21}, {"exchange": "NSE_CASH", "date": "20/08/2024", "settlement_no": 2024156, "bill_amt": 278740.7}, {"exchange": "NSE_CASH", "date": "23/08/2024", "settlement_no": 2024159, "bill_amt": 189.84}, {"exchange": "NSE_CASH", "date": "27/08/2024", "settlement_no": 2024161, "bill_amt": 4280.87}, {"exchange": "NSE_CASH", "date": "28/08/2024", "settlement_no": 2024162, "bill_amt": 34.7}, {"exchange": "NSE_CASH", "date": "29/08/2024", "settlement_no": 2024163, "bill_amt": 3799.04}, {"exchange": "NSE_CASH", "date": "30/08/2024", "settlement_no": 2024164, "bill_amt": -125279.06}]}, "status_code": 200, "code": 200}