{
  "s": "ok",
  "message": "Success",
  "data": {
    "COLUMNS": [
      {
        "exchange": "Segment",
        "date": "Date",
        "settlement_no": "Settlement Number",
        "bill_amt": "Bill Amount (\u20b9)"
      }
    ],
    "DATA": [
      {
        "exchange": "NSE_FNO",
        "date": "05/08/2025",
        "settlement_no": 20250805,
        "bill_amt": 3322.74
      },
      {
        "exchange": "NSE_FNO",
        "date": "07/08/2025",
        "settlement_no": 20250807,
        "bill_amt": -2516.66
      },
      {
        "exchange": "NSE_FNO",
        "date": "13/08/2025",
        "settlement_no": 20250813,
        "bill_amt": -642.99
      },
      {
        "exchange": "NSE_FNO",
        "date": "18/08/2025",
        "settlement_no": 20250818,
        "bill_amt": -89.6
      },
      {
        "exchange": "NSE_FNO",
        "date": "19/08/2025",
        "settlement_no": 20250819,
        "bill_amt": -255.71
      },
      {
        "exchange": "NSE_FNO",
        "date": "20/08/2025",
        "settlement_no": 20250820,
        "bill_amt": -66.08
      },
      {
        "exchange": "NSE_FNO",
        "date": "21/08/2025",
        "settlement_no": 20250821,
        "bill_amt": -7480.88
      }
    ]
  },
  "status_code": 200,
  "code": 200
}