{"s": "ok", "message": "Success", "data": {"COLUMNS": [{"exchange": "Segment", "date": "Date", "settlement_no": "Settlement Number", "bill_amt": "Bill Amount (\u20b9)"}], "DATA": [{"exchange": "NSE_CASH", "date": "01/02/2021", "settlement_no": 2021021, "bill_amt": 48.73}, {"exchange": "NSE_CASH", "date": "02/02/2021", "settlement_no": 2021022, "bill_amt": 3233.43}, {"exchange": "NSE_CASH", "date": "03/02/2021", "settlement_no": 2021023, "bill_amt": -438.57}, {"exchange": "NSE_CASH", "date": "04/02/2021", "settlement_no": 2021024, "bill_amt": -98.42}, {"exchange": "NSE_CASH", "date": "05/02/2021", "settlement_no": 2021025, "bill_amt": -464.29}, {"exchange": "NSE_CASH", "date": "08/02/2021", "settlement_no": 2021026, "bill_amt": 168.69}, {"exchange": "NSE_CASH", "date": "09/02/2021", "settlement_no": 2021027, "bill_amt": -49.25}, {"exchange": "NSE_CASH", "date": "10/02/2021", "settlement_no": 2021028, "bill_amt": -535.0}, {"exchange": "NSE_CASH", "date": "15/02/2021", "settlement_no": 2021031, "bill_amt": 922.37}, {"exchange": "NSE_CASH", "date": "16/02/2021", "settlement_no": 2021032, "bill_amt": 40.06}, {"exchange": "NSE_CASH", "date": "17/02/2021", "settlement_no": 2021033, "bill_amt": 16.96}, {"exchange": "NSE_CASH", "date": "18/02/2021", "settlement_no": 2021034, "bill_amt": -1420.86}, {"exchange": "NSE_CASH", "date": "19/02/2021", "settlement_no": 2021035, "bill_amt": -741.98}, {"exchange": "NSE_CASH", "date": "22/02/2021", "settlement_no": 2021036, "bill_amt": 45.16}, {"exchange": "NSE_CASH", "date": "23/02/2021", "settlement_no": 2021037, "bill_amt": -142.02}, {"exchange": "NSE_CASH", "date": "24/02/2021", "settlement_no": 2021038, "bill_amt": -153.57}, {"exchange": "NSE_CASH", "date": "25/02/2021", "settlement_no": 2021039, "bill_amt": -417.69}, {"exchange": "NSE_CASH", "date": "26/02/2021", "settlement_no": 2021040, "bill_amt": -95.11}]}, "status_code": 200, "code": 200}