{"s": "ok", "message": "Success", "data": {"COLUMNS": [{"exchange": "Segment", "date": "Date", "settlement_no": "Settlement Number", "bill_amt": "Bill Amount (\u20b9)"}], "DATA": [{"exchange": "NSE_CASH", "date": "03/10/2024", "settlement_no": 2024187, "bill_amt": -299270.69}, {"exchange": "NSE_CASH", "date": "07/10/2024", "settlement_no": 2024189, "bill_amt": 291703.48}, {"exchange": "NSE_CASH", "date": "09/10/2024", "settlement_no": 2024191, "bill_amt": -88.17}, {"exchange": "NSE_CASH", "date": "11/10/2024", "settlement_no": 2024193, "bill_amt": -17869.19}, {"exchange": "NSE_CASH", "date": "14/10/2024", "settlement_no": 2024194, "bill_amt": 1139.33}, {"exchange": "NSE_CASH", "date": "18/10/2024", "settlement_no": 2024198, "bill_amt": -4344.73}, {"exchange": "NSE_CASH", "date": "21/10/2024", "settlement_no": 2024199, "bill_amt": -8681.35}, {"exchange": "NSE_CASH", "date": "22/10/2024", "settlement_no": 2024200, "bill_amt": 44.26}, {"exchange": "NSE_CASH", "date": "23/10/2024", "settlement_no": 2024201, "bill_amt": -2985.68}, {"exchange": "NSE_CASH", "date": "24/10/2024", "settlement_no": 2024202, "bill_amt": 28429.46}, {"exchange": "NSE_CASH", "date": "25/10/2024", "settlement_no": 2024203, "bill_amt": -140.57}, {"exchange": "NSE_CASH", "date": "28/10/2024", "settlement_no": 2024204, "bill_amt": 404.38}, {"exchange": "NSE_CASH", "date": "29/10/2024", "settlement_no": 2024205, "bill_amt": -1497.91}, {"exchange": "NSE_CASH", "date": "30/10/2024", "settlement_no": 2024206, "bill_amt": 476.99}]}, "status_code": 200, "code": 200}