{"s": "ok", "message": "Success", "data": {"COLUMNS": [{"exchange": "Segment", "date": "Date", "settlement_no": "Settlement Number", "bill_amt": "Bill Amount (\u20b9)"}], "DATA": [{"exchange": "NSE_CASH", "date": "04/06/2025", "settlement_no": 2025105, "bill_amt": -44.67}, {"exchange": "NSE_CASH", "date": "10/06/2025", "settlement_no": 2025109, "bill_amt": 8377.64}, {"exchange": "NSE_CASH", "date": "12/06/2025", "settlement_no": 2025111, "bill_amt": 17.41}, {"exchange": "NSE_CASH", "date": "13/06/2025", "settlement_no": 2025112, "bill_amt": -240.28}, {"exchange": "NSE_CASH", "date": "27/06/2025", "settlement_no": 2025122, "bill_amt": -234.84}]}, "status_code": 200, "code": 200}