{
  "s": "ok",
  "message": "Success",
  "data": {
    "COLUMNS": [
      {
        "exchange": "Segment",
        "date": "Date",
        "settlement_no": "Settlement Number",
        "bill_amt": "Bill Amount (\u20b9)"
      }
    ],
    "DATA": [
      {
        "exchange": "NSE_FNO",
        "date": "09/09/2025",
        "settlement_no": 20250909,
        "bill_amt": 120.32
      },
      {
        "exchange": "NSE_FNO",
        "date": "11/09/2025",
        "settlement_no": 20250911,
        "bill_amt": 5101.24
      },
      {
        "exchange": "NSE_FNO",
        "date": "17/09/2025",
        "settlement_no": 20250917,
        "bill_amt": -3618.42
      },
      {
        "exchange": "NSE_FNO",
        "date": "26/09/2025",
        "settlement_no": 20250926,
        "bill_amt": -296.53
      }
    ]
  },
  "status_code": 200,
  "code": 200
}