{"s": "ok", "message": "Success", "data": {"COLUMNS": [{"exchange": "Segment", "date": "Date", "settlement_no": "Settlement Number", "bill_amt": "Bill Amount (\u20b9)"}], "DATA": [{"exchange": "NSE_CASH", "date": "04/05/2021", "settlement_no": 2021082, "bill_amt": -3265.38}, {"exchange": "NSE_CASH", "date": "05/05/2021", "settlement_no": 2021083, "bill_amt": -7.96}, {"exchange": "NSE_CASH", "date": "06/05/2021", "settlement_no": 2021084, "bill_amt": -2488.39}, {"exchange": "NSE_CASH", "date": "07/05/2021", "settlement_no": 2021085, "bill_amt": -496.98}, {"exchange": "NSE_CASH", "date": "10/05/2021", "settlement_no": 2021086, "bill_amt": 1119.12}, {"exchange": "NSE_CASH", "date": "11/05/2021", "settlement_no": 2021087, "bill_amt": 188.29}, {"exchange": "NSE_CASH", "date": "12/05/2021", "settlement_no": 2021088, "bill_amt": -4960.68}, {"exchange": "NSE_CASH", "date": "17/05/2021", "settlement_no": 2021090, "bill_amt": -142.67}, {"exchange": "NSE_CASH", "date": "18/05/2021", "settlement_no": 2021091, "bill_amt": 768.55}, {"exchange": "NSE_CASH", "date": "19/05/2021", "settlement_no": 2021092, "bill_amt": -15.71}, {"exchange": "NSE_CASH", "date": "20/05/2021", "settlement_no": 2021093, "bill_amt": 34.76}, {"exchange": "NSE_CASH", "date": "21/05/2021", "settlement_no": 2021094, "bill_amt": -2474.35}, {"exchange": "NSE_CASH", "date": "24/05/2021", "settlement_no": 2021095, "bill_amt": -59.12}, {"exchange": "NSE_CASH", "date": "25/05/2021", "settlement_no": 2021096, "bill_amt": -1252.23}, {"exchange": "NSE_CASH", "date": "26/05/2021", "settlement_no": 2021097, "bill_amt": -1.19}, {"exchange": "NSE_CASH", "date": "27/05/2021", "settlement_no": 2021098, "bill_amt": 126.11}]}, "status_code": 200, "code": 200}