{"s": "ok", "message": "Success", "data": {"COLUMNS": [{"exchange": "Segment", "date": "Date", "settlement_no": "Settlement Number", "bill_amt": "Bill Amount (\u20b9)"}], "DATA": [{"exchange": "NSE_CASH", "date": "08/09/2021", "settlement_no": 2021170, "bill_amt": -9.19}, {"exchange": "NSE_CASH", "date": "09/09/2021", "settlement_no": 2021171, "bill_amt": -87.44}, {"exchange": "NSE_CASH", "date": "13/09/2021", "settlement_no": 2021172, "bill_amt": 473.2}, {"exchange": "NSE_CASH", "date": "14/09/2021", "settlement_no": 2021173, "bill_amt": -710.36}, {"exchange": "NSE_CASH", "date": "15/09/2021", "settlement_no": 2021174, "bill_amt": -317.73}, {"exchange": "NSE_CASH", "date": "16/09/2021", "settlement_no": 2021175, "bill_amt": 22.22}, {"exchange": "NSE_CASH", "date": "23/09/2021", "settlement_no": 2021180, "bill_amt": -1236.0}, {"exchange": "NSE_CASH", "date": "27/09/2021", "settlement_no": 2021182, "bill_amt": 2353.14}, {"exchange": "NSE_CASH", "date": "28/09/2021", "settlement_no": 2021183, "bill_amt": 597.02}, {"exchange": "NSE_CASH", "date": "29/09/2021", "settlement_no": 2021184, "bill_amt": -990.41}, {"exchange": "NSE_CASH", "date": "30/09/2021", "settlement_no": 2021185, "bill_amt": -510.38}]}, "status_code": 200, "code": 200}