{"s": "ok", "message": "Success", "data": {"COLUMNS": [{"exchange": "Segment", "date": "Date", "settlement_no": "Settlement Number", "bill_amt": "Bill Amount (\u20b9)"}], "DATA": [{"exchange": "NSE_CASH", "date": "02/09/2024", "settlement_no": 2024165, "bill_amt": 886.04}, {"exchange": "NSE_CASH", "date": "03/09/2024", "settlement_no": 2024166, "bill_amt": 130950.34}, {"exchange": "NSE_CASH", "date": "04/09/2024", "settlement_no": 2024167, "bill_amt": 10076.24}, {"exchange": "NSE_CASH", "date": "05/09/2024", "settlement_no": 2024168, "bill_amt": -9336.54}, {"exchange": "NSE_CASH", "date": "06/09/2024", "settlement_no": 2024169, "bill_amt": 3422.98}, {"exchange": "NSE_CASH", "date": "09/09/2024", "settlement_no": 2024170, "bill_amt": 139.21}, {"exchange": "NSE_CASH", "date": "10/09/2024", "settlement_no": 2024171, "bill_amt": -810.55}, {"exchange": "NSE_CASH", "date": "11/09/2024", "settlement_no": 2024172, "bill_amt": -30149.11}, {"exchange": "NSE_CASH", "date": "12/09/2024", "settlement_no": 2024173, "bill_amt": 3061.88}, {"exchange": "NSE_CASH", "date": "13/09/2024", "settlement_no": 2024174, "bill_amt": 477.96}, {"exchange": "NSE_CASH", "date": "16/09/2024", "settlement_no": 2024175, "bill_amt": -195864.35}, {"exchange": "NSE_CASH", "date": "17/09/2024", "settlement_no": 2024176, "bill_amt": -82259.44}, {"exchange": "NSE_CASH", "date": "18/09/2024", "settlement_no": 2024177, "bill_amt": 191256.31}, {"exchange": "NSE_CASH", "date": "19/09/2024", "settlement_no": 2024178, "bill_amt": 38817.58}, {"exchange": "NSE_CASH", "date": "20/09/2024", "settlement_no": 2024179, "bill_amt": -10677.48}, {"exchange": "NSE_CASH", "date": "24/09/2024", "settlement_no": 2024181, "bill_amt": -150626.92}, {"exchange": "NSE_CASH", "date": "25/09/2024", "settlement_no": 2024182, "bill_amt": 149277.52}, {"exchange": "NSE_CASH", "date": "26/09/2024", "settlement_no": 2024183, "bill_amt": 5113.63}, {"exchange": "NSE_CASH", "date": "27/09/2024", "settlement_no": 2024184, "bill_amt": 3033.45}, {"exchange": "NSE_CASH", "date": "30/09/2024", "settlement_no": 2024185, "bill_amt": -17841.08}]}, "status_code": 200, "code": 200}