{"s": "ok", "message": "Success", "data": {"COLUMNS": [{"exchange": "Segment", "date": "Date", "settlement_no": "Settlement Number", "bill_amt": "Bill Amount (\u20b9)"}], "DATA": [{"exchange": "NSE_CASH", "date": "03/06/2021", "settlement_no": 2021103, "bill_amt": -1948.41}, {"exchange": "NSE_CASH", "date": "10/06/2021", "settlement_no": 2021108, "bill_amt": -289.1}, {"exchange": "NSE_CASH", "date": "11/06/2021", "settlement_no": 2021109, "bill_amt": -34.05}, {"exchange": "NSE_CASH", "date": "21/06/2021", "settlement_no": 2021115, "bill_amt": -8860.04}, {"exchange": "NSE_CASH", "date": "22/06/2021", "settlement_no": 2021116, "bill_amt": -37.98}, {"exchange": "NSE_CASH", "date": "25/06/2021", "settlement_no": 2021119, "bill_amt": -21.03}]}, "status_code": 200, "code": 200}