{"s": "ok", "message": "Success", "data": {"COLUMNS": [{"exchange": "Segment", "date": "Date", "settlement_no": "Settlement Number", "bill_amt": "Bill Amount (\u20b9)"}], "DATA": [{"exchange": "NSE_CASH", "date": "02/12/2024", "settlement_no": 2024227, "bill_amt": 75.73}, {"exchange": "NSE_CASH", "date": "04/12/2024", "settlement_no": 2024229, "bill_amt": -111366.25}, {"exchange": "NSE_CASH", "date": "05/12/2024", "settlement_no": 2024230, "bill_amt": 109982.28}, {"exchange": "NSE_CASH", "date": "16/12/2024", "settlement_no": 2024237, "bill_amt": 73.83}, {"exchange": "NSE_CASH", "date": "18/12/2024", "settlement_no": 2024239, "bill_amt": 19000.68}, {"exchange": "NSE_CASH", "date": "19/12/2024", "settlement_no": 2024240, "bill_amt": -62.51}, {"exchange": "NSE_CASH", "date": "26/12/2024", "settlement_no": 2024244, "bill_amt": -1869.1}, {"exchange": "NSE_CASH", "date": "30/12/2024", "settlement_no": 2024246, "bill_amt": -2831.51}]}, "status_code": 200, "code": 200}