{"s": "ok", "message": "Success", "data": {"COLUMNS": [{"exchange": "Segment", "date": "Date", "settlement_no": "Settlement Number", "bill_amt": "Bill Amount (\u20b9)"}], "DATA": [{"exchange": "NSE_CASH", "date": "21/12/2020", "settlement_no": 2020245, "bill_amt": -152.37}, {"exchange": "NSE_CASH", "date": "22/12/2020", "settlement_no": 2020246, "bill_amt": 63.74}, {"exchange": "NSE_CASH", "date": "23/12/2020", "settlement_no": 2020247, "bill_amt": -730.82}, {"exchange": "NSE_CASH", "date": "28/12/2020", "settlement_no": 2020249, "bill_amt": -715.88}, {"exchange": "NSE_CASH", "date": "29/12/2020", "settlement_no": 2020250, "bill_amt": -488.14}, {"exchange": "NSE_CASH", "date": "30/12/2020", "settlement_no": 2020251, "bill_amt": 158.82}, {"exchange": "NSE_CASH", "date": "31/12/2020", "settlement_no": 2020252, "bill_amt": -1507.01}]}, "status_code": 200, "code": 200}