{
  "s": "ok",
  "message": "Success",
  "data": {
    "COLUMNS": [
      {
        "exchange": "Segment",
        "date": "Date",
        "settlement_no": "Settlement Number",
        "bill_amt": "Bill Amount (\u20b9)"
      }
    ],
    "DATA": [
      {
        "exchange": "NSE_FNO",
        "date": "13/10/2025",
        "settlement_no": 20251013,
        "bill_amt": -11654.23
      },
      {
        "exchange": "NSE_FNO",
        "date": "14/10/2025",
        "settlement_no": 20251014,
        "bill_amt": -9972.02
      },
      {
        "exchange": "NSE_FNO",
        "date": "15/10/2025",
        "settlement_no": 20251015,
        "bill_amt": -10271.36
      },
      {
        "exchange": "NSE_FNO",
        "date": "17/10/2025",
        "settlement_no": 20251017,
        "bill_amt": 2136.68
      },
      {
        "exchange": "NSE_FNO",
        "date": "21/10/2025",
        "settlement_no": 20251021,
        "bill_amt": -2285.57
      },
      {
        "exchange": "NSE_FNO",
        "date": "27/10/2025",
        "settlement_no": 20251027,
        "bill_amt": 124.96
      },
      {
        "exchange": "NSE_FNO",
        "date": "28/10/2025",
        "settlement_no": 20251028,
        "bill_amt": 840.37
      },
      {
        "exchange": "NSE_FNO",
        "date": "29/10/2025",
        "settlement_no": 20251029,
        "bill_amt": 404.95
      },
      {
        "exchange": "NSE_FNO",
        "date": "30/10/2025",
        "settlement_no": 20251030,
        "bill_amt": -6501.09
      }
    ]
  },
  "status_code": 200,
  "code": 200
}