{"s": "ok", "message": "Success", "data": {"COLUMNS": [{"exchange": "Segment", "date": "Date", "settlement_no": "Settlement Number", "bill_amt": "Bill Amount (\u20b9)"}], "DATA": [{"exchange": "NSE_CASH", "date": "01/07/2021", "settlement_no": 2021123, "bill_amt": 8671.21}, {"exchange": "NSE_CASH", "date": "05/07/2021", "settlement_no": 2021125, "bill_amt": -8.15}, {"exchange": "NSE_CASH", "date": "26/07/2021", "settlement_no": 2021139, "bill_amt": -8902.38}, {"exchange": "NSE_CASH", "date": "29/07/2021", "settlement_no": 2021142, "bill_amt": 8570.64}]}, "status_code": 200, "code": 200}