{"s": "ok", "message": "Success", "data": {"COLUMNS": [{"exchange": "Segment", "date": "Date", "settlement_no": "Settlement Number", "bill_amt": "Bill Amount (\u20b9)"}], "DATA": [{"exchange": "NSE_CASH", "date": "06/10/2021", "settlement_no": 2021189, "bill_amt": -1675.91}, {"exchange": "NSE_CASH", "date": "07/10/2021", "settlement_no": 2021190, "bill_amt": -1684.89}, {"exchange": "NSE_CASH", "date": "13/10/2021", "settlement_no": 2021194, "bill_amt": 7.45}, {"exchange": "MF_BSE", "date": "13/10/2021", "settlement_no": 2021133, "bill_amt": -19999.0}, {"exchange": "MF_BSE", "date": "13/10/2021", "settlement_no": 2021133, "bill_amt": -1.0}, {"exchange": "NSE_CASH", "date": "14/10/2021", "settlement_no": 2021195, "bill_amt": 531.51}, {"exchange": "NSE_CASH", "date": "18/10/2021", "settlement_no": 2021196, "bill_amt": 70.34}, {"exchange": "NSE_CASH", "date": "20/10/2021", "settlement_no": 2021198, "bill_amt": -150.86}, {"exchange": "NSE_CASH", "date": "21/10/2021", "settlement_no": 2021199, "bill_amt": 6.23}, {"exchange": "NSE_CASH", "date": "22/10/2021", "settlement_no": 2021200, "bill_amt": -411.19}]}, "status_code": 200, "code": 200}