{"s": "ok", "message": "Success", "data": {"COLUMNS": [{"exchange": "Segment", "date": "Date", "settlement_no": "Settlement Number", "bill_amt": "Bill Amount (\u20b9)"}], "DATA": [{"exchange": "NSE_CASH", "date": "05/11/2024", "settlement_no": 2024210, "bill_amt": -297.43}, {"exchange": "NSE_CASH", "date": "07/11/2024", "settlement_no": 2024212, "bill_amt": 148.31}, {"exchange": "NSE_CASH", "date": "11/11/2024", "settlement_no": 2024214, "bill_amt": -13187.69}, {"exchange": "NSE_CASH", "date": "12/11/2024", "settlement_no": 2024215, "bill_amt": -4519.69}, {"exchange": "NSE_CASH", "date": "13/11/2024", "settlement_no": 2024216, "bill_amt": -253831.29}, {"exchange": "NSE_CASH", "date": "14/11/2024", "settlement_no": 2024217, "bill_amt": -1443.47}, {"exchange": "NSE_CASH", "date": "21/11/2024", "settlement_no": 2024220, "bill_amt": 256503.91}, {"exchange": "NSE_CASH", "date": "22/11/2024", "settlement_no": 2024221, "bill_amt": -11975.69}, {"exchange": "NSE_CASH", "date": "26/11/2024", "settlement_no": 2024223, "bill_amt": -6704.14}, {"exchange": "NSE_CASH", "date": "27/11/2024", "settlement_no": 2024224, "bill_amt": 362.7}, {"exchange": "NSE_CASH", "date": "28/11/2024", "settlement_no": 2024225, "bill_amt": -1294.06}, {"exchange": "NSE_CASH", "date": "29/11/2024", "settlement_no": 2024226, "bill_amt": 2854.48}]}, "status_code": 200, "code": 200}