{"s": "ok", "message": "Success", "data": {"COLUMNS": [{"exchange": "Segment", "date": "Date", "settlement_no": "Settlement Number", "bill_amt": "Bill Amount (\u20b9)"}], "DATA": [{"exchange": "NSE_CASH", "date": "03/06/2024", "settlement_no": 2024103, "bill_amt": 27.0}, {"exchange": "NSE_CASH", "date": "04/06/2024", "settlement_no": 2024104, "bill_amt": 530.53}, {"exchange": "NSE_CASH", "date": "05/06/2024", "settlement_no": 2024105, "bill_amt": -4924.14}, {"exchange": "NSE_CASH", "date": "06/06/2024", "settlement_no": 2024106, "bill_amt": -2272.65}, {"exchange": "NSE_CASH", "date": "07/06/2024", "settlement_no": 2024107, "bill_amt": -475.99}, {"exchange": "NSE_CASH", "date": "10/06/2024", "settlement_no": 2024108, "bill_amt": -70319.24}, {"exchange": "NSE_CASH", "date": "11/06/2024", "settlement_no": 2024109, "bill_amt": 50.11}, {"exchange": "NSE_CASH", "date": "12/06/2024", "settlement_no": 2024110, "bill_amt": 1465.18}, {"exchange": "NSE_CASH", "date": "13/06/2024", "settlement_no": 2024111, "bill_amt": 3249.97}, {"exchange": "NSE_CASH", "date": "14/06/2024", "settlement_no": 2024112, "bill_amt": 7.68}, {"exchange": "NSE_CASH", "date": "18/06/2024", "settlement_no": 2024113, "bill_amt": 66636.54}, {"exchange": "NSE_CASH", "date": "19/06/2024", "settlement_no": 2024114, "bill_amt": -2935.48}, {"exchange": "NSE_CASH", "date": "20/06/2024", "settlement_no": 2024115, "bill_amt": 3022.61}, {"exchange": "NSE_CASH", "date": "24/06/2024", "settlement_no": 2024117, "bill_amt": -121582.9}, {"exchange": "NSE_CASH", "date": "28/06/2024", "settlement_no": 2024121, "bill_amt": 2555.22}]}, "status_code": 200, "code": 200}