{"s": "ok", "message": "Success", "data": {"COLUMNS": [{"trade_date": "Trade Date", "turnover": "Turnover (\u20b9)", "sebi_toc": "SEBI Turnover Charge (\u20b9)", "exchange_txn_charge": "Exchange Transaction Charge (\u20b9)", "brokerage": "Brokerage (\u20b9)", "cm_charge": "CM Charges (\u20b9)", "stt": "STT/CTT", "gst": "GST (\u20b9)", "stamp_duty": "Stamp Duty (\u20b9)", "cgst": "CGST (\u20b9)", "sgst": "SGST (\u20b9)", "igst": "IGST (\u20b9)", "ipft": "IPFT (\u20b9)"}], "DATA": [{"trade_date": "08/09/2021", "turnover": 36.4, "sebi_toc": 0.09, "exchange_txn_charge": 2.38, "brokerage": 26.01, "cm_charge": 0.0, "stt": 11.0, "gst": 5.11, "stamp_duty": 1.0, "cgst": 0.0, "sgst": 0.0, "igst": 5.11, "ipft": 0.0}, {"trade_date": "09/09/2021", "turnover": 16.65, "sebi_toc": 0.13, "exchange_txn_charge": 3.68, "brokerage": 40.1, "cm_charge": 0.0, "stt": 17.0, "gst": 7.88, "stamp_duty": 2.0, "cgst": 0.0, "sgst": 0.0, "igst": 7.88, "ipft": 0.0}, {"trade_date": "13/09/2021", "turnover": 693.45, "sebi_toc": 0.68, "exchange_txn_charge": 18.77, "brokerage": 86.8, "cm_charge": 0.0, "stt": 85.0, "gst": 19.0, "stamp_duty": 10.0, "cgst": 0.0, "sgst": 0.0, "igst": 19.0, "ipft": 0.0}, {"trade_date": "14/09/2021", "turnover": 612.5, "sebi_toc": 0.28, "exchange_txn_charge": 9.64, "brokerage": 40.0, "cm_charge": 0.0, "stt": 35.0, "gst": 8.94, "stamp_duty": 4.0, "cgst": 0.0, "sgst": 0.0, "igst": 8.94, "ipft": 0.0}, {"trade_date": "15/09/2021", "turnover": 242.0, "sebi_toc": 0.17, "exchange_txn_charge": 4.54, "brokerage": 40.0, "cm_charge": 0.0, "stt": 21.0, "gst": 8.02, "stamp_duty": 2.0, "cgst": 0.0, "sgst": 0.0, "igst": 8.02, "ipft": 0.0}, {"trade_date": "16/09/2021", "turnover": 120.0, "sebi_toc": 0.28, "exchange_txn_charge": 9.58, "brokerage": 40.0, "cm_charge": 0.0, "stt": 35.0, "gst": 8.92, "stamp_duty": 4.0, "cgst": 0.0, "sgst": 0.0, "igst": 8.92, "ipft": 0.0}, {"trade_date": "23/09/2021", "turnover": 1040.0, "sebi_toc": 0.59, "exchange_txn_charge": 16.11, "brokerage": 80.0, "cm_charge": 0.0, "stt": 73.0, "gst": 17.3, "stamp_duty": 9.0, "cgst": 0.0, "sgst": 0.0, "igst": 17.3, "ipft": 0.0}, {"trade_date": "27/09/2021", "turnover": 2448.6, "sebi_toc": 0.28, "exchange_txn_charge": 7.61, "brokerage": 40.0, "cm_charge": 0.0, "stt": 35.0, "gst": 8.57, "stamp_duty": 4.0, "cgst": 0.0, "sgst": 0.0, "igst": 8.57, "ipft": 0.0}, {"trade_date": "28/09/2021", "turnover": 762.5, "sebi_toc": 0.48, "exchange_txn_charge": 16.42, "brokerage": 66.63, "cm_charge": 0.0, "stt": 60.0, "gst": 14.95, "stamp_duty": 7.0, "cgst": 0.0, "sgst": 0.0, "igst": 14.95, "ipft": 0.0}, {"trade_date": "29/09/2021", "turnover": 888.8, "sebi_toc": 0.31, "exchange_txn_charge": 8.56, "brokerage": 40.0, "cm_charge": 0.0, "stt": 39.0, "gst": 8.74, "stamp_duty": 5.0, "cgst": 0.0, "sgst": 0.0, "igst": 8.74, "ipft": 0.0}, {"trade_date": "30/09/2021", "turnover": 483.15, "sebi_toc": 0.6, "exchange_txn_charge": 18.74, "brokerage": 82.22, "cm_charge": 0.0, "stt": 76.0, "gst": 18.17, "stamp_duty": 9.0, "cgst": 0.0, "sgst": 0.0, "igst": 18.17, "ipft": 0.0}], "TOTAL": [{"turnover": 7344.05, "brokerage": 581.76, "stt": 487.0, "stamp_duty": 57.0, "cm_charge": 0.0, "ipft": 0.0, "exchange_txn_charge": 116.03, "sebi_toc": 3.89, "gst": 125.6, "cgst": 0.0, "sgst": 0.0, "igst": 125.6}]}, "status_code": 200, "code": 200}