{"s": "ok", "message": "Success", "data": {"COLUMNS": [{"trade_date": "Trade Date", "turnover": "Turnover (\u20b9)", "sebi_toc": "SEBI Turnover Charge (\u20b9)", "exchange_txn_charge": "Exchange Transaction Charge (\u20b9)", "brokerage": "Brokerage (\u20b9)", "cm_charge": "CM Charges (\u20b9)", "stt": "STT/CTT", "gst": "GST (\u20b9)", "stamp_duty": "Stamp Duty (\u20b9)", "cgst": "CGST (\u20b9)", "sgst": "SGST (\u20b9)", "igst": "IGST (\u20b9)", "ipft": "IPFT (\u20b9)"}], "DATA": [{"trade_date": "06/10/2021", "turnover": 1381.4, "sebi_toc": 0.84, "exchange_txn_charge": 28.87, "brokerage": 120.0, "cm_charge": 0.0, "stt": 105.0, "gst": 26.8, "stamp_duty": 13.0, "cgst": 0.0, "sgst": 0.0, "igst": 26.8, "ipft": 0.0}, {"trade_date": "07/10/2021", "turnover": 1595.0, "sebi_toc": 0.23, "exchange_txn_charge": 8.02, "brokerage": 40.0, "cm_charge": 0.0, "stt": 29.0, "gst": 8.64, "stamp_duty": 4.0, "cgst": 0.0, "sgst": 0.0, "igst": 8.64, "ipft": 0.0}, {"trade_date": "13/10/2021", "turnover": 100.0, "sebi_toc": 0.25, "exchange_txn_charge": 8.56, "brokerage": 40.0, "cm_charge": 0.0, "stt": 31.0, "gst": 8.74, "stamp_duty": 4.0, "cgst": 0.0, "sgst": 0.0, "igst": 8.74, "ipft": 0.0}, {"trade_date": "14/10/2021", "turnover": 565.4, "sebi_toc": 0.06, "exchange_txn_charge": 2.17, "brokerage": 18.87, "cm_charge": 0.0, "stt": 8.0, "gst": 3.79, "stamp_duty": 1.0, "cgst": 0.0, "sgst": 0.0, "igst": 3.79, "ipft": 0.0}, {"trade_date": "18/10/2021", "turnover": 179.0, "sebi_toc": 0.2, "exchange_txn_charge": 6.1, "brokerage": 61.24, "cm_charge": 0.0, "stt": 26.0, "gst": 12.12, "stamp_duty": 3.0, "cgst": 0.0, "sgst": 0.0, "igst": 12.12, "ipft": 0.0}, {"trade_date": "20/10/2021", "turnover": 146.25, "sebi_toc": 0.01, "exchange_txn_charge": 0.26, "brokerage": 2.79, "cm_charge": 0.0, "stt": 1.0, "gst": 0.55, "stamp_duty": 0.0, "cgst": 0.0, "sgst": 0.0, "igst": 0.55, "ipft": 0.0}, {"trade_date": "21/10/2021", "turnover": 41.0, "sebi_toc": 0.07, "exchange_txn_charge": 1.83, "brokerage": 19.95, "cm_charge": 0.0, "stt": 8.0, "gst": 3.92, "stamp_duty": 1.0, "cgst": 0.0, "sgst": 0.0, "igst": 3.92, "ipft": 0.0}, {"trade_date": "22/10/2021", "turnover": 595.5, "sebi_toc": 0.39, "exchange_txn_charge": 12.5, "brokerage": 116.06, "cm_charge": 0.0, "stt": 48.0, "gst": 23.14, "stamp_duty": 6.0, "cgst": 0.0, "sgst": 0.0, "igst": 23.14, "ipft": 0.0}], "TOTAL": [{"turnover": 4603.55, "brokerage": 418.91, "stt": 256.0, "stamp_duty": 32.0, "cm_charge": 0.0, "ipft": 0.0, "exchange_txn_charge": 68.31, "sebi_toc": 2.05, "gst": 87.7, "cgst": 0.0, "sgst": 0.0, "igst": 87.7}]}, "status_code": 200, "code": 200}