{"s": "ok", "message": "Success", "data": {"COLUMNS": [{"trade_date": "Trade Date", "turnover": "Turnover (\u20b9)", "sebi_toc": "SEBI Turnover Charge (\u20b9)", "exchange_txn_charge": "Exchange Transaction Charge (\u20b9)", "brokerage": "Brokerage (\u20b9)", "cm_charge": "CM Charges (\u20b9)", "stt": "STT/CTT", "gst": "GST (\u20b9)", "stamp_duty": "Stamp Duty (\u20b9)", "cgst": "CGST (\u20b9)", "sgst": "SGST (\u20b9)", "igst": "IGST (\u20b9)", "ipft": "IPFT (\u20b9)"}], "DATA": [{"trade_date": "02/05/2022", "turnover": 0.0, "sebi_toc": 0.08, "exchange_txn_charge": 2.31, "brokerage": 0.0, "cm_charge": 0.0, "stt": 84.0, "gst": 0.42, "stamp_duty": 13.0, "cgst": 0.0, "sgst": 0.0, "igst": 0.42, "ipft": 0.0}], "TOTAL": [{"turnover": 0.0, "brokerage": 0.0, "stt": 84.0, "stamp_duty": 13.0, "cm_charge": 0.0, "ipft": 0.0, "exchange_txn_charge": 2.31, "sebi_toc": 0.08, "gst": 0.42, "cgst": 0.0, "sgst": 0.0, "igst": 0.42}]}, "status_code": 200, "code": 200}