{"s": "ok", "message": "Success", "data": {"COLUMNS": [{"trade_date": "Trade Date", "turnover": "Turnover (\u20b9)", "sebi_toc": "SEBI Turnover Charge (\u20b9)", "exchange_txn_charge": "Exchange Transaction Charge (\u20b9)", "brokerage": "Brokerage (\u20b9)", "cm_charge": "CM Charges (\u20b9)", "stt": "STT/CTT", "gst": "GST (\u20b9)", "stamp_duty": "Stamp Duty (\u20b9)", "cgst": "CGST (\u20b9)", "sgst": "SGST (\u20b9)", "igst": "IGST (\u20b9)", "ipft": "IPFT (\u20b9)"}], "DATA": [{"trade_date": "04/05/2021", "turnover": 3093.95, "sebi_toc": 0.16, "exchange_txn_charge": 8.91, "brokerage": 97.25, "cm_charge": 0.0, "stt": 41.0, "gst": 19.11, "stamp_duty": 5.0, "cgst": 0.0, "sgst": 0.0, "igst": 19.11, "ipft": 0.0}, {"trade_date": "05/05/2021", "turnover": 137.0, "sebi_toc": 0.11, "exchange_txn_charge": 5.94, "brokerage": 64.61, "cm_charge": 0.0, "stt": 27.0, "gst": 12.7, "stamp_duty": 3.0, "cgst": 0.0, "sgst": 0.0, "igst": 12.7, "ipft": 0.0}, {"trade_date": "06/05/2021", "turnover": 2184.5, "sebi_toc": 0.66, "exchange_txn_charge": 19.52, "brokerage": 159.49, "cm_charge": 0.0, "stt": 82.0, "gst": 32.22, "stamp_duty": 10.0, "cgst": 0.0, "sgst": 0.0, "igst": 32.22, "ipft": 0.0}, {"trade_date": "07/05/2021", "turnover": 425.0, "sebi_toc": 0.14, "exchange_txn_charge": 3.93, "brokerage": 40.0, "cm_charge": 0.0, "stt": 18.0, "gst": 7.91, "stamp_duty": 2.0, "cgst": 0.0, "sgst": 0.0, "igst": 7.91, "ipft": 0.0}, {"trade_date": "10/05/2021", "turnover": 1652.7, "sebi_toc": 0.72, "exchange_txn_charge": 24.37, "brokerage": 148.31, "cm_charge": 0.0, "stt": 90.0, "gst": 31.08, "stamp_duty": 11.0, "cgst": 0.0, "sgst": 0.0, "igst": 31.08, "ipft": 0.0}, {"trade_date": "11/05/2021", "turnover": 290.0, "sebi_toc": 0.24, "exchange_txn_charge": 8.19, "brokerage": 48.99, "cm_charge": 0.0, "stt": 30.0, "gst": 10.29, "stamp_duty": 4.0, "cgst": 0.0, "sgst": 0.0, "igst": 10.29, "ipft": 0.0}, {"trade_date": "12/05/2021", "turnover": 4569.25, "sebi_toc": 1.45, "exchange_txn_charge": 48.97, "brokerage": 240.0, "cm_charge": 0.0, "stt": 182.0, "gst": 52.01, "stamp_duty": 22.0, "cgst": 0.0, "sgst": 0.0, "igst": 52.01, "ipft": 0.0}, {"trade_date": "17/05/2021", "turnover": 313.9, "sebi_toc": 0.18, "exchange_txn_charge": 5.9, "brokerage": 50.36, "cm_charge": 0.0, "stt": 22.0, "gst": 10.13, "stamp_duty": 3.0, "cgst": 0.0, "sgst": 0.0, "igst": 10.13, "ipft": 0.0}, {"trade_date": "18/05/2021", "turnover": 900.0, "sebi_toc": 0.19, "exchange_txn_charge": 6.38, "brokerage": 48.08, "cm_charge": 0.0, "stt": 24.0, "gst": 9.8, "stamp_duty": 3.0, "cgst": 0.0, "sgst": 0.0, "igst": 9.8, "ipft": 0.0}, {"trade_date": "19/05/2021", "turnover": 258.3, "sebi_toc": 0.36, "exchange_txn_charge": 11.9, "brokerage": 56.79, "cm_charge": 0.0, "stt": 45.0, "gst": 12.36, "stamp_duty": 5.0, "cgst": 0.0, "sgst": 0.0, "igst": 12.36, "ipft": 0.0}, {"trade_date": "20/05/2021", "turnover": 50.0, "sebi_toc": 0.03, "exchange_txn_charge": 0.8, "brokerage": 8.7, "cm_charge": 0.0, "stt": 4.0, "gst": 1.71, "stamp_duty": 0.0, "cgst": 0.0, "sgst": 0.0, "igst": 1.71, "ipft": 0.0}, {"trade_date": "21/05/2021", "turnover": 2124.35, "sebi_toc": 0.89, "exchange_txn_charge": 30.77, "brokerage": 160.0, "cm_charge": 0.0, "stt": 111.0, "gst": 34.34, "stamp_duty": 13.0, "cgst": 0.0, "sgst": 0.0, "igst": 34.34, "ipft": 0.0}, {"trade_date": "24/05/2021", "turnover": 30.0, "sebi_toc": 0.24, "exchange_txn_charge": 6.51, "brokerage": 40.0, "cm_charge": 0.0, "stt": 30.0, "gst": 8.37, "stamp_duty": 4.0, "cgst": 0.0, "sgst": 0.0, "igst": 8.37, "ipft": 0.0}, {"trade_date": "25/05/2021", "turnover": 1086.5, "sebi_toc": 0.39, "exchange_txn_charge": 13.51, "brokerage": 80.0, "cm_charge": 0.0, "stt": 49.0, "gst": 16.83, "stamp_duty": 6.0, "cgst": 0.0, "sgst": 0.0, "igst": 16.83, "ipft": 0.0}, {"trade_date": "26/05/2021", "turnover": 0.4, "sebi_toc": 0.0, "exchange_txn_charge": 0.07, "brokerage": 0.6, "cm_charge": 0.0, "stt": 0.0, "gst": 0.12, "stamp_duty": 0.0, "cgst": 0.0, "sgst": 0.0, "igst": 0.12, "ipft": 0.0}, {"trade_date": "27/05/2021", "turnover": 293.75, "sebi_toc": 0.43, "exchange_txn_charge": 11.7, "brokerage": 80.0, "cm_charge": 0.0, "stt": 53.0, "gst": 16.51, "stamp_duty": 6.0, "cgst": 0.0, "sgst": 0.0, "igst": 16.51, "ipft": 0.0}], "TOTAL": [{"turnover": 17409.6, "brokerage": 1323.18, "stt": 808.0, "stamp_duty": 97.0, "cm_charge": 0.0, "ipft": 0.0, "exchange_txn_charge": 207.37, "sebi_toc": 6.19, "gst": 275.49, "cgst": 0.0, "sgst": 0.0, "igst": 275.49}]}, "status_code": 200, "code": 200}