{"s": "ok", "message": "Success", "data": {"COLUMNS": [{"trade_date": "Trade Date", "turnover": "Turnover (\u20b9)", "sebi_toc": "SEBI Turnover Charge (\u20b9)", "exchange_txn_charge": "Exchange Transaction Charge (\u20b9)", "brokerage": "Brokerage (\u20b9)", "cm_charge": "CM Charges (\u20b9)", "stt": "STT/CTT", "gst": "GST (\u20b9)", "stamp_duty": "Stamp Duty (\u20b9)", "cgst": "CGST (\u20b9)", "sgst": "SGST (\u20b9)", "igst": "IGST (\u20b9)", "ipft": "IPFT (\u20b9)"}], "DATA": [{"trade_date": "02/08/2024", "turnover": 105.6, "sebi_toc": 0.47, "exchange_txn_charge": 15.28, "brokerage": 40.0, "cm_charge": 0.0, "stt": 59.0, "gst": 10.12, "stamp_duty": 7.0, "cgst": 0.0, "sgst": 0.0, "igst": 10.12, "ipft": 0.47}, {"trade_date": "05/08/2024", "turnover": 1173.67, "sebi_toc": 1.42, "exchange_txn_charge": 45.71, "brokerage": 120.0, "cm_charge": 0.0, "stt": 177.0, "gst": 30.34, "stamp_duty": 21.0, "cgst": 0.0, "sgst": 0.0, "igst": 30.34, "ipft": 1.42}, {"trade_date": "13/08/2024", "turnover": 0.0, "sebi_toc": 0.24, "exchange_txn_charge": 7.65, "brokerage": 0.0, "cm_charge": 0.0, "stt": 237.0, "gst": 1.46, "stamp_duty": 36.0, "cgst": 0.0, "sgst": 0.0, "igst": 1.46, "ipft": 0.24}, {"trade_date": "14/08/2024", "turnover": 7739.33, "sebi_toc": 0.45, "exchange_txn_charge": 14.52, "brokerage": 40.0, "cm_charge": 0.0, "stt": 56.0, "gst": 9.98, "stamp_duty": 7.0, "cgst": 0.0, "sgst": 0.0, "igst": 9.98, "ipft": 0.45}, {"trade_date": "19/08/2024", "turnover": 0.0, "sebi_toc": 0.05, "exchange_txn_charge": 1.6, "brokerage": 0.0, "cm_charge": 0.0, "stt": 50.0, "gst": 0.31, "stamp_duty": 7.0, "cgst": 0.0, "sgst": 0.0, "igst": 0.31, "ipft": 0.05}, {"trade_date": "20/08/2024", "turnover": 279437.89, "sebi_toc": 0.28, "exchange_txn_charge": 9.01, "brokerage": 0.0, "cm_charge": 0.0, "stt": 280.0, "gst": 1.72, "stamp_duty": 0.0, "cgst": 0.0, "sgst": 0.0, "igst": 1.72, "ipft": 0.28}, {"trade_date": "23/08/2024", "turnover": 350.5, "sebi_toc": 0.63, "exchange_txn_charge": 20.32, "brokerage": 40.0, "cm_charge": 0.0, "stt": 79.0, "gst": 11.08, "stamp_duty": 9.0, "cgst": 0.0, "sgst": 0.0, "igst": 11.08, "ipft": 0.63}, {"trade_date": "27/08/2024", "turnover": 4874.4, "sebi_toc": 3.03, "exchange_txn_charge": 97.61, "brokerage": 40.0, "cm_charge": 0.0, "stt": 379.0, "gst": 25.86, "stamp_duty": 45.0, "cgst": 0.0, "sgst": 0.0, "igst": 25.86, "ipft": 3.03}, {"trade_date": "28/08/2024", "turnover": 167.05, "sebi_toc": 0.47, "exchange_txn_charge": 15.29, "brokerage": 40.0, "cm_charge": 0.0, "stt": 59.0, "gst": 10.12, "stamp_duty": 7.0, "cgst": 0.0, "sgst": 0.0, "igst": 10.12, "ipft": 0.47}, {"trade_date": "29/08/2024", "turnover": 5000.05, "sebi_toc": 6.14, "exchange_txn_charge": 197.56, "brokerage": 80.0, "cm_charge": 0.0, "stt": 767.0, "gst": 52.17, "stamp_duty": 92.0, "cgst": 0.0, "sgst": 0.0, "igst": 52.17, "ipft": 6.14}, {"trade_date": "30/08/2024", "turnover": 0.0, "sebi_toc": 0.13, "exchange_txn_charge": 4.03, "brokerage": 0.0, "cm_charge": 0.0, "stt": 125.0, "gst": 0.77, "stamp_duty": 19.0, "cgst": 0.0, "sgst": 0.0, "igst": 0.77, "ipft": 0.13}], "TOTAL": [{"turnover": 298848.49, "brokerage": 400.0, "stt": 2268.0, "stamp_duty": 250.0, "cm_charge": 0.0, "ipft": 13.31, "exchange_txn_charge": 428.58, "sebi_toc": 13.31, "gst": 153.93, "cgst": 0.0, "sgst": 0.0, "igst": 153.93}]}, "status_code": 200, "code": 200}