{"s": "ok", "message": "Success", "data": {"COLUMNS": [{"trade_date": "Trade Date", "turnover": "Turnover (\u20b9)", "sebi_toc": "SEBI Turnover Charge (\u20b9)", "exchange_txn_charge": "Exchange Transaction Charge (\u20b9)", "brokerage": "Brokerage (\u20b9)", "cm_charge": "CM Charges (\u20b9)", "stt": "STT/CTT", "gst": "GST (\u20b9)", "stamp_duty": "Stamp Duty (\u20b9)", "cgst": "CGST (\u20b9)", "sgst": "SGST (\u20b9)", "igst": "IGST (\u20b9)", "ipft": "IPFT (\u20b9)"}], "DATA": [{"trade_date": "05/11/2024", "turnover": 253.05, "sebi_toc": 2.57, "exchange_txn_charge": 76.28, "brokerage": 80.0, "cm_charge": 0.0, "stt": 321.0, "gst": 29.06, "stamp_duty": 39.0, "cgst": 0.0, "sgst": 0.0, "igst": 29.06, "ipft": 2.57}, {"trade_date": "07/11/2024", "turnover": 677.1, "sebi_toc": 2.72, "exchange_txn_charge": 80.65, "brokerage": 40.0, "cm_charge": 0.0, "stt": 339.0, "gst": 22.7, "stamp_duty": 41.0, "cgst": 0.0, "sgst": 0.0, "igst": 22.7, "ipft": 2.72}, {"trade_date": "11/11/2024", "turnover": 11172.3, "sebi_toc": 10.29, "exchange_txn_charge": 305.51, "brokerage": 161.53, "cm_charge": 0.0, "stt": 1286.0, "gst": 87.77, "stamp_duty": 154.0, "cgst": 0.0, "sgst": 0.0, "igst": 87.77, "ipft": 10.29}, {"trade_date": "12/11/2024", "turnover": 4011.25, "sebi_toc": 2.6, "exchange_txn_charge": 77.21, "brokerage": 40.0, "cm_charge": 0.0, "stt": 325.0, "gst": 22.03, "stamp_duty": 39.0, "cgst": 0.0, "sgst": 0.0, "igst": 22.03, "ipft": 2.6}, {"trade_date": "13/11/2024", "turnover": 1347.2, "sebi_toc": 5.18, "exchange_txn_charge": 153.87, "brokerage": 100.0, "cm_charge": 0.0, "stt": 870.0, "gst": 47.56, "stamp_duty": 112.0, "cgst": 0.0, "sgst": 0.0, "igst": 47.56, "ipft": 5.18}, {"trade_date": "14/11/2024", "turnover": 1273.82, "sebi_toc": 0.32, "exchange_txn_charge": 9.48, "brokerage": 95.77, "cm_charge": 0.0, "stt": 40.0, "gst": 19.06, "stamp_duty": 5.0, "cgst": 0.0, "sgst": 0.0, "igst": 19.06, "ipft": 0.32}, {"trade_date": "21/11/2024", "turnover": 260610.45, "sebi_toc": 7.86, "exchange_txn_charge": 233.47, "brokerage": 140.0, "cm_charge": 0.0, "stt": 1205.0, "gst": 70.05, "stamp_duty": 114.0, "cgst": 0.0, "sgst": 0.0, "igst": 70.05, "ipft": 7.86}, {"trade_date": "22/11/2024", "turnover": 9860.6, "sebi_toc": 10.59, "exchange_txn_charge": 314.49, "brokerage": 200.0, "cm_charge": 0.0, "stt": 1324.0, "gst": 96.42, "stamp_duty": 159.0, "cgst": 0.0, "sgst": 0.0, "igst": 96.42, "ipft": 10.59}, {"trade_date": "26/11/2024", "turnover": 5722.0, "sebi_toc": 4.87, "exchange_txn_charge": 144.62, "brokerage": 100.0, "cm_charge": 0.0, "stt": 609.0, "gst": 45.78, "stamp_duty": 73.0, "cgst": 0.0, "sgst": 0.0, "igst": 45.78, "ipft": 4.87}, {"trade_date": "27/11/2024", "turnover": 364.0, "sebi_toc": 0.0, "exchange_txn_charge": 0.01, "brokerage": 1.09, "cm_charge": 0.0, "stt": 0.0, "gst": 0.2, "stamp_duty": 0.0, "cgst": 0.0, "sgst": 0.0, "igst": 0.2, "ipft": 0.0}, {"trade_date": "28/11/2024", "turnover": 6962.65, "sebi_toc": 5.21, "exchange_txn_charge": 154.76, "brokerage": 140.0, "cm_charge": 0.0, "stt": 651.0, "gst": 54.93, "stamp_duty": 78.0, "cgst": 0.0, "sgst": 0.0, "igst": 54.93, "ipft": 5.21}, {"trade_date": "29/11/2024", "turnover": 3465.79, "sebi_toc": 2.61, "exchange_txn_charge": 77.41, "brokerage": 126.11, "cm_charge": 0.0, "stt": 326.0, "gst": 37.57, "stamp_duty": 39.0, "cgst": 0.0, "sgst": 0.0, "igst": 37.57, "ipft": 2.61}], "TOTAL": [{"turnover": 305720.21, "brokerage": 1224.5, "stt": 7296.0, "stamp_duty": 853.0, "cm_charge": 0.0, "ipft": 54.82, "exchange_txn_charge": 1627.76, "sebi_toc": 54.82, "gst": 533.13, "cgst": 0.0, "sgst": 0.0, "igst": 533.13}]}, "status_code": 200, "code": 200}