{"s": "ok", "message": "Success", "data": {"COLUMNS": [{"trade_date": "Trade Date", "turnover": "Turnover (\u20b9)", "sebi_toc": "SEBI Turnover Charge (\u20b9)", "exchange_txn_charge": "Exchange Transaction Charge (\u20b9)", "brokerage": "Brokerage (\u20b9)", "cm_charge": "CM Charges (\u20b9)", "stt": "STT/CTT", "gst": "GST (\u20b9)", "stamp_duty": "Stamp Duty (\u20b9)", "cgst": "CGST (\u20b9)", "sgst": "SGST (\u20b9)", "igst": "IGST (\u20b9)", "ipft": "IPFT (\u20b9)"}], "DATA": [{"trade_date": "14/01/2022", "turnover": 116.2, "sebi_toc": 0.06, "exchange_txn_charge": 2.16, "brokerage": 18.76, "cm_charge": 0.0, "stt": 8.0, "gst": 3.77, "stamp_duty": 1.0, "cgst": 0.0, "sgst": 0.0, "igst": 3.77, "ipft": 0.0}, {"trade_date": "17/01/2022", "turnover": 94.55, "sebi_toc": 0.24, "exchange_txn_charge": 7.92, "brokerage": 72.58, "cm_charge": 0.0, "stt": 30.0, "gst": 14.49, "stamp_duty": 4.0, "cgst": 0.0, "sgst": 0.0, "igst": 14.49, "ipft": 0.0}, {"trade_date": "18/01/2022", "turnover": 390.4, "sebi_toc": 0.17, "exchange_txn_charge": 5.15, "brokerage": 51.94, "cm_charge": 0.0, "stt": 22.0, "gst": 10.28, "stamp_duty": 3.0, "cgst": 0.0, "sgst": 0.0, "igst": 10.28, "ipft": 0.0}, {"trade_date": "19/01/2022", "turnover": 44.85, "sebi_toc": 0.04, "exchange_txn_charge": 1.15, "brokerage": 12.52, "cm_charge": 0.0, "stt": 5.0, "gst": 2.46, "stamp_duty": 1.0, "cgst": 0.0, "sgst": 0.0, "igst": 2.46, "ipft": 0.0}, {"trade_date": "20/01/2022", "turnover": 1790.1, "sebi_toc": 0.45, "exchange_txn_charge": 12.46, "brokerage": 80.0, "cm_charge": 0.0, "stt": 57.0, "gst": 16.64, "stamp_duty": 7.0, "cgst": 0.0, "sgst": 0.0, "igst": 16.64, "ipft": 0.0}, {"trade_date": "28/01/2022", "turnover": 596.4, "sebi_toc": 0.45, "exchange_txn_charge": 15.46, "brokerage": 80.0, "cm_charge": 0.0, "stt": 56.0, "gst": 17.18, "stamp_duty": 7.0, "cgst": 0.0, "sgst": 0.0, "igst": 17.18, "ipft": 0.0}], "TOTAL": [{"turnover": 3032.5, "brokerage": 315.8, "stt": 178.0, "stamp_duty": 23.0, "cm_charge": 0.0, "ipft": 0.0, "exchange_txn_charge": 44.3, "sebi_toc": 1.41, "gst": 64.82, "cgst": 0.0, "sgst": 0.0, "igst": 64.82}]}, "status_code": 200, "code": 200}