{"s": "ok", "message": "Success", "data": {"COLUMNS": [{"trade_date": "Trade Date", "turnover": "Turnover (\u20b9)", "sebi_toc": "SEBI Turnover Charge (\u20b9)", "exchange_txn_charge": "Exchange Transaction Charge (\u20b9)", "brokerage": "Brokerage (\u20b9)", "cm_charge": "CM Charges (\u20b9)", "stt": "STT/CTT", "gst": "GST (\u20b9)", "stamp_duty": "Stamp Duty (\u20b9)", "cgst": "CGST (\u20b9)", "sgst": "SGST (\u20b9)", "igst": "IGST (\u20b9)", "ipft": "IPFT (\u20b9)"}], "DATA": [{"trade_date": "02/09/2024", "turnover": 978.25, "sebi_toc": 0.25, "exchange_txn_charge": 7.98, "brokerage": 40.0, "cm_charge": 0.0, "stt": 31.0, "gst": 8.73, "stamp_duty": 4.0, "cgst": 0.0, "sgst": 0.0, "igst": 8.73, "ipft": 0.25}, {"trade_date": "03/09/2024", "turnover": 131497.0, "sebi_toc": 2.05, "exchange_txn_charge": 66.12, "brokerage": 60.0, "cm_charge": 0.0, "stt": 364.0, "gst": 23.44, "stamp_duty": 29.0, "cgst": 0.0, "sgst": 0.0, "igst": 23.44, "ipft": 2.05}, {"trade_date": "04/09/2024", "turnover": 19309.85, "sebi_toc": 15.84, "exchange_txn_charge": 509.94, "brokerage": 200.0, "cm_charge": 0.0, "stt": 1980.0, "gst": 133.49, "stamp_duty": 237.0, "cgst": 0.0, "sgst": 0.0, "igst": 133.49, "ipft": 15.84}, {"trade_date": "05/09/2024", "turnover": 18579.35, "sebi_toc": 9.65, "exchange_txn_charge": 310.86, "brokerage": 140.0, "cm_charge": 0.0, "stt": 1207.0, "gst": 84.63, "stamp_duty": 145.0, "cgst": 0.0, "sgst": 0.0, "igst": 84.63, "ipft": 9.65}, {"trade_date": "06/09/2024", "turnover": 10970.1, "sebi_toc": 8.24, "exchange_txn_charge": 265.4, "brokerage": 240.0, "cm_charge": 0.0, "stt": 1030.0, "gst": 93.94, "stamp_duty": 124.0, "cgst": 0.0, "sgst": 0.0, "igst": 93.94, "ipft": 8.24}, {"trade_date": "09/09/2024", "turnover": 271.35, "sebi_toc": 0.47, "exchange_txn_charge": 15.11, "brokerage": 40.0, "cm_charge": 0.0, "stt": 59.0, "gst": 10.09, "stamp_duty": 7.0, "cgst": 0.0, "sgst": 0.0, "igst": 10.09, "ipft": 0.47}, {"trade_date": "10/09/2024", "turnover": 789.5, "sebi_toc": 0.95, "exchange_txn_charge": 30.59, "brokerage": 80.26, "cm_charge": 0.0, "stt": 119.0, "gst": 20.3, "stamp_duty": 14.0, "cgst": 0.0, "sgst": 0.0, "igst": 20.3, "ipft": 0.95}, {"trade_date": "11/09/2024", "turnover": 28936.4, "sebi_toc": 6.2, "exchange_txn_charge": 199.73, "brokerage": 80.0, "cm_charge": 0.0, "stt": 775.0, "gst": 52.58, "stamp_duty": 93.0, "cgst": 0.0, "sgst": 0.0, "igst": 52.58, "ipft": 6.2}, {"trade_date": "12/09/2024", "turnover": 3768.05, "sebi_toc": 3.39, "exchange_txn_charge": 109.13, "brokerage": 80.0, "cm_charge": 0.0, "stt": 424.0, "gst": 35.26, "stamp_duty": 51.0, "cgst": 0.0, "sgst": 0.0, "igst": 35.26, "ipft": 3.39}, {"trade_date": "13/09/2024", "turnover": 17558.4, "sebi_toc": 20.37, "exchange_txn_charge": 655.99, "brokerage": 400.0, "cm_charge": 0.0, "stt": 2547.0, "gst": 197.41, "stamp_duty": 306.0, "cgst": 0.0, "sgst": 0.0, "igst": 197.41, "ipft": 20.37}, {"trade_date": "16/09/2024", "turnover": 430.6974, "sebi_toc": 2.65, "exchange_txn_charge": 85.25, "brokerage": 40.0, "cm_charge": 0.0, "stt": 501.0, "gst": 23.5, "stamp_duty": 66.0, "cgst": 0.0, "sgst": 0.0, "igst": 23.5, "ipft": 2.65}, {"trade_date": "17/09/2024", "turnover": 471.25, "sebi_toc": 0.27, "exchange_txn_charge": 8.77, "brokerage": 40.0, "cm_charge": 0.0, "stt": 105.0, "gst": 8.88, "stamp_duty": 15.0, "cgst": 0.0, "sgst": 0.0, "igst": 8.88, "ipft": 0.27}, {"trade_date": "18/09/2024", "turnover": 202376.4, "sebi_toc": 2.95, "exchange_txn_charge": 94.85, "brokerage": 160.0, "cm_charge": 0.0, "stt": 541.0, "gst": 46.94, "stamp_duty": 41.0, "cgst": 0.0, "sgst": 0.0, "igst": 46.94, "ipft": 2.95}, {"trade_date": "19/09/2024", "turnover": 123240.92, "sebi_toc": 5.39, "exchange_txn_charge": 173.54, "brokerage": 160.0, "cm_charge": 0.0, "stt": 745.0, "gst": 61.98, "stamp_duty": 80.0, "cgst": 0.0, "sgst": 0.0, "igst": 61.98, "ipft": 5.39}, {"trade_date": "20/09/2024", "turnover": 10160.0, "sebi_toc": 2.61, "exchange_txn_charge": 84.0, "brokerage": 40.0, "cm_charge": 0.0, "stt": 326.0, "gst": 23.26, "stamp_duty": 39.0, "cgst": 0.0, "sgst": 0.0, "igst": 23.26, "ipft": 2.61}, {"trade_date": "24/09/2024", "turnover": 0.0, "sebi_toc": 0.15, "exchange_txn_charge": 4.84, "brokerage": 0.0, "cm_charge": 0.0, "stt": 150.0, "gst": 0.93, "stamp_duty": 23.0, "cgst": 0.0, "sgst": 0.0, "igst": 0.93, "ipft": 0.15}, {"trade_date": "25/09/2024", "turnover": 149432.55, "sebi_toc": 0.15, "exchange_txn_charge": 4.81, "brokerage": 0.0, "cm_charge": 0.0, "stt": 149.0, "gst": 0.92, "stamp_duty": 0.0, "cgst": 0.0, "sgst": 0.0, "igst": 0.92, "ipft": 0.15}, {"trade_date": "26/09/2024", "turnover": 5589.85, "sebi_toc": 2.38, "exchange_txn_charge": 76.61, "brokerage": 40.0, "cm_charge": 0.0, "stt": 297.0, "gst": 21.85, "stamp_duty": 36.0, "cgst": 0.0, "sgst": 0.0, "igst": 21.85, "ipft": 2.38}, {"trade_date": "27/09/2024", "turnover": 3517.5, "sebi_toc": 2.42, "exchange_txn_charge": 78.08, "brokerage": 40.0, "cm_charge": 0.0, "stt": 303.0, "gst": 22.13, "stamp_duty": 36.0, "cgst": 0.0, "sgst": 0.0, "igst": 22.13, "ipft": 2.42}, {"trade_date": "30/09/2024", "turnover": 16415.15, "sebi_toc": 7.12, "exchange_txn_charge": 229.26, "brokerage": 120.0, "cm_charge": 0.0, "stt": 890.0, "gst": 65.43, "stamp_duty": 107.0, "cgst": 0.0, "sgst": 0.0, "igst": 65.43, "ipft": 7.12}], "TOTAL": [{"turnover": 744292.5674, "brokerage": 2000.26, "stt": 12543.0, "stamp_duty": 1453.0, "cm_charge": 0.0, "ipft": 93.5, "exchange_txn_charge": 3010.86, "sebi_toc": 93.5, "gst": 935.69, "cgst": 0.0, "sgst": 0.0, "igst": 935.69}]}, "status_code": 200, "code": 200}