{"s": "ok", "message": "Success", "data": {"COLUMNS": [{"trade_date": "Trade Date", "turnover": "Turnover (\u20b9)", "sebi_toc": "SEBI Turnover Charge (\u20b9)", "exchange_txn_charge": "Exchange Transaction Charge (\u20b9)", "brokerage": "Brokerage (\u20b9)", "cm_charge": "CM Charges (\u20b9)", "stt": "STT/CTT", "gst": "GST (\u20b9)", "stamp_duty": "Stamp Duty (\u20b9)", "cgst": "CGST (\u20b9)", "sgst": "SGST (\u20b9)", "igst": "IGST (\u20b9)", "ipft": "IPFT (\u20b9)"}], "DATA": [{"trade_date": "03/08/2022", "turnover": 606.1, "sebi_toc": 0.12, "exchange_txn_charge": 3.26, "brokerage": 35.58, "cm_charge": 0.0, "stt": 15.0, "gst": 7.01, "stamp_duty": 2.0, "cgst": 0.0, "sgst": 0.0, "igst": 7.01, "ipft": 0.0}, {"trade_date": "18/08/2022", "turnover": 799.8, "sebi_toc": 0.65, "exchange_txn_charge": 17.79, "brokerage": 40.0, "cm_charge": 0.0, "stt": 81.0, "gst": 10.52, "stamp_duty": 10.0, "cgst": 0.0, "sgst": 0.0, "igst": 10.52, "ipft": 0.0}, {"trade_date": "19/08/2022", "turnover": 322.2, "sebi_toc": 0.66, "exchange_txn_charge": 18.1, "brokerage": 40.0, "cm_charge": 0.0, "stt": 82.0, "gst": 10.58, "stamp_duty": 10.0, "cgst": 0.0, "sgst": 0.0, "igst": 10.58, "ipft": 0.0}, {"trade_date": "29/08/2022", "turnover": 83997.9, "sebi_toc": 0.08, "exchange_txn_charge": 2.31, "brokerage": 0.0, "cm_charge": 0.0, "stt": 84.0, "gst": 0.43, "stamp_duty": 0.0, "cgst": 0.0, "sgst": 0.0, "igst": 0.43, "ipft": 0.0}], "TOTAL": [{"turnover": 85726.0, "brokerage": 115.58, "stt": 262.0, "stamp_duty": 22.0, "cm_charge": 0.0, "ipft": 0.0, "exchange_txn_charge": 41.46, "sebi_toc": 1.51, "gst": 28.54, "cgst": 0.0, "sgst": 0.0, "igst": 28.54}]}, "status_code": 200, "code": 200}