{"s": "ok", "message": "Success", "data": {"COLUMNS": [{"trade_date": "Trade Date", "turnover": "Turnover (\u20b9)", "sebi_toc": "SEBI Turnover Charge (\u20b9)", "exchange_txn_charge": "Exchange Transaction Charge (\u20b9)", "brokerage": "Brokerage (\u20b9)", "cm_charge": "CM Charges (\u20b9)", "stt": "STT/CTT", "gst": "GST (\u20b9)", "stamp_duty": "Stamp Duty (\u20b9)", "cgst": "CGST (\u20b9)", "sgst": "SGST (\u20b9)", "igst": "IGST (\u20b9)", "ipft": "IPFT (\u20b9)"}], "DATA": [{"trade_date": "09/09/2025", "turnover": 375.0, "sebi_toc": 0.02, "exchange_txn_charge": 6.44, "brokerage": 200.0, "cm_charge": 1.65, "stt": 9.0, "gst": 37.48, "stamp_duty": 0.0, "cgst": 0.0, "sgst": 0.0, "igst": 37.48, "ipft": 0.09}, {"trade_date": "11/09/2025", "turnover": 5786.0, "sebi_toc": 0.11, "exchange_txn_charge": 37.32, "brokerage": 480.0, "cm_charge": 10.33, "stt": 60.0, "gst": 95.0, "stamp_duty": 2.0, "cgst": 0.0, "sgst": 0.0, "igst": 95.0, "ipft": 0.0}, {"trade_date": "17/09/2025", "turnover": 3430.0, "sebi_toc": 0.1, "exchange_txn_charge": 31.13, "brokerage": 80.0, "cm_charge": 8.62, "stt": 46.0, "gst": 21.57, "stamp_duty": 1.0, "cgst": 0.0, "sgst": 0.0, "igst": 21.57, "ipft": 0.0}, {"trade_date": "26/09/2025", "turnover": 3.75, "sebi_toc": 0.2, "exchange_txn_charge": 69.09, "brokerage": 80.0, "cm_charge": 17.75, "stt": 99.0, "gst": 30.25, "stamp_duty": 3.0, "cgst": 0.0, "sgst": 0.0, "igst": 30.25, "ipft": 0.99}], "TOTAL": [{"turnover": 9594.75, "brokerage": 840.0, "stt": 214.0, "stamp_duty": 6.0, "cm_charge": 38.35, "ipft": 1.08, "exchange_txn_charge": 143.98, "sebi_toc": 0.43, "gst": 184.3, "cgst": 0.0, "sgst": 0.0, "igst": 184.3}]}, "status_code": 200, "code": 200}