{"s": "ok", "message": "Success", "data": {"COLUMNS": [{"trade_date": "Trade Date", "turnover": "Turnover (\u20b9)", "sebi_toc": "SEBI Turnover Charge (\u20b9)", "exchange_txn_charge": "Exchange Transaction Charge (\u20b9)", "brokerage": "Brokerage (\u20b9)", "cm_charge": "CM Charges (\u20b9)", "stt": "STT/CTT", "gst": "GST (\u20b9)", "stamp_duty": "Stamp Duty (\u20b9)", "cgst": "CGST (\u20b9)", "sgst": "SGST (\u20b9)", "igst": "IGST (\u20b9)", "ipft": "IPFT (\u20b9)"}], "DATA": [{"trade_date": "02/02/2023", "turnover": 651.1, "sebi_toc": 0.76, "exchange_txn_charge": 20.83, "brokerage": 60.0, "cm_charge": 0.0, "stt": 95.0, "gst": 14.69, "stamp_duty": 11.0, "cgst": 0.0, "sgst": 0.0, "igst": 14.69, "ipft": 0.0}, {"trade_date": "13/02/2023", "turnover": 9.85, "sebi_toc": 0.47, "exchange_txn_charge": 12.91, "brokerage": 40.0, "cm_charge": 0.0, "stt": 59.0, "gst": 9.61, "stamp_duty": 7.0, "cgst": 0.0, "sgst": 0.0, "igst": 9.61, "ipft": 0.0}, {"trade_date": "17/02/2023", "turnover": 2075.75, "sebi_toc": 1.07, "exchange_txn_charge": 31.53, "brokerage": 120.0, "cm_charge": 0.0, "stt": 134.0, "gst": 27.47, "stamp_duty": 16.0, "cgst": 0.0, "sgst": 0.0, "igst": 27.47, "ipft": 0.0}, {"trade_date": "23/02/2023", "turnover": 0.05, "sebi_toc": 0.0, "exchange_txn_charge": 0.05, "brokerage": 0.54, "cm_charge": 0.0, "stt": 0.0, "gst": 0.11, "stamp_duty": 0.0, "cgst": 0.0, "sgst": 0.0, "igst": 0.11, "ipft": 0.0}, {"trade_date": "24/02/2023", "turnover": 151.15, "sebi_toc": 0.48, "exchange_txn_charge": 13.06, "brokerage": 40.0, "cm_charge": 0.0, "stt": 59.0, "gst": 9.64, "stamp_duty": 7.0, "cgst": 0.0, "sgst": 0.0, "igst": 9.64, "ipft": 0.0}], "TOTAL": [{"turnover": 2887.9, "brokerage": 260.54, "stt": 347.0, "stamp_duty": 41.0, "cm_charge": 0.0, "ipft": 0.0, "exchange_txn_charge": 78.38, "sebi_toc": 2.78, "gst": 61.52, "cgst": 0.0, "sgst": 0.0, "igst": 61.52}]}, "status_code": 200, "code": 200}