{"s": "ok", "message": "Success", "data": {"COLUMNS": [{"trade_date": "Trade Date", "turnover": "Turnover (\u20b9)", "sebi_toc": "SEBI Turnover Charge (\u20b9)", "exchange_txn_charge": "Exchange Transaction Charge (\u20b9)", "brokerage": "Brokerage (\u20b9)", "cm_charge": "CM Charges (\u20b9)", "stt": "STT/CTT", "gst": "GST (\u20b9)", "stamp_duty": "Stamp Duty (\u20b9)", "cgst": "CGST (\u20b9)", "sgst": "SGST (\u20b9)", "igst": "IGST (\u20b9)", "ipft": "IPFT (\u20b9)"}], "DATA": [{"trade_date": "08/11/2023", "turnover": 372.0, "sebi_toc": 0.47, "exchange_txn_charge": 15.31, "brokerage": 40.0, "cm_charge": 0.0, "stt": 59.0, "gst": 10.04, "stamp_duty": 7.0, "cgst": 0.0, "sgst": 0.0, "igst": 10.04, "ipft": 0.47}], "TOTAL": [{"turnover": 372.0, "brokerage": 40.0, "stt": 59.0, "stamp_duty": 7.0, "cm_charge": 0.0, "ipft": 0.47, "exchange_txn_charge": 15.31, "sebi_toc": 0.47, "gst": 10.04, "cgst": 0.0, "sgst": 0.0, "igst": 10.04}]}, "status_code": 200, "code": 200}