{"s": "ok", "message": "Success", "data": {"COLUMNS": [{"trade_date": "Trade Date", "turnover": "Turnover (\u20b9)", "sebi_toc": "SEBI Turnover Charge (\u20b9)", "exchange_txn_charge": "Exchange Transaction Charge (\u20b9)", "brokerage": "Brokerage (\u20b9)", "cm_charge": "CM Charges (\u20b9)", "stt": "STT/CTT", "gst": "GST (\u20b9)", "stamp_duty": "Stamp Duty (\u20b9)", "cgst": "CGST (\u20b9)", "sgst": "SGST (\u20b9)", "igst": "IGST (\u20b9)", "ipft": "IPFT (\u20b9)"}], "DATA": [{"trade_date": "27/09/2023", "turnover": 101605.0, "sebi_toc": 0.1, "exchange_txn_charge": 3.3, "brokerage": 0.0, "cm_charge": 0.0, "stt": 102.0, "gst": 0.61, "stamp_duty": 0.0, "cgst": 0.0, "sgst": 0.0, "igst": 0.61, "ipft": 0.1}], "TOTAL": [{"turnover": 101605.0, "brokerage": 0.0, "stt": 102.0, "stamp_duty": 0.0, "cm_charge": 0.0, "ipft": 0.1, "exchange_txn_charge": 3.3, "sebi_toc": 0.1, "gst": 0.61, "cgst": 0.0, "sgst": 0.0, "igst": 0.61}]}, "status_code": 200, "code": 200}