{"s": "ok", "message": "Success", "data": {"COLUMNS": [{"trade_date": "Trade Date", "turnover": "Turnover (\u20b9)", "sebi_toc": "SEBI Turnover Charge (\u20b9)", "exchange_txn_charge": "Exchange Transaction Charge (\u20b9)", "brokerage": "Brokerage (\u20b9)", "cm_charge": "CM Charges (\u20b9)", "stt": "STT/CTT", "gst": "GST (\u20b9)", "stamp_duty": "Stamp Duty (\u20b9)", "cgst": "CGST (\u20b9)", "sgst": "SGST (\u20b9)", "igst": "IGST (\u20b9)", "ipft": "IPFT (\u20b9)"}], "DATA": [{"trade_date": "03/02/2025", "turnover": 4317.4, "sebi_toc": 1.75, "exchange_txn_charge": 52.07, "brokerage": 40.0, "cm_charge": 0.0, "stt": 219.0, "gst": 17.2, "stamp_duty": 26.0, "cgst": 0.0, "sgst": 0.0, "igst": 17.2, "ipft": 1.75}, {"trade_date": "04/02/2025", "turnover": 3179.75, "sebi_toc": 1.72, "exchange_txn_charge": 50.96, "brokerage": 40.0, "cm_charge": 0.0, "stt": 214.0, "gst": 16.99, "stamp_duty": 26.0, "cgst": 0.0, "sgst": 0.0, "igst": 16.99, "ipft": 1.72}, {"trade_date": "21/02/2025", "turnover": 40.25, "sebi_toc": 1.15, "exchange_txn_charge": 34.27, "brokerage": 40.0, "cm_charge": 0.0, "stt": 144.0, "gst": 13.78, "stamp_duty": 17.0, "cgst": 0.0, "sgst": 0.0, "igst": 13.78, "ipft": 1.15}, {"trade_date": "28/02/2025", "turnover": 10036.25, "sebi_toc": 1.68, "exchange_txn_charge": 49.97, "brokerage": 40.0, "cm_charge": 0.0, "stt": 210.0, "gst": 16.8, "stamp_duty": 25.0, "cgst": 0.0, "sgst": 0.0, "igst": 16.8, "ipft": 1.68}], "TOTAL": [{"turnover": 17573.65, "brokerage": 160.0, "stt": 787.0, "stamp_duty": 94.0, "cm_charge": 0.0, "ipft": 6.3, "exchange_txn_charge": 187.27, "sebi_toc": 6.3, "gst": 64.77, "cgst": 0.0, "sgst": 0.0, "igst": 64.77}]}, "status_code": 200, "code": 200}