{"s": "ok", "message": "Success", "data": {"COLUMNS": [{"trade_date": "Trade Date", "turnover": "Turnover (\u20b9)", "sebi_toc": "SEBI Turnover Charge (\u20b9)", "exchange_txn_charge": "Exchange Transaction Charge (\u20b9)", "brokerage": "Brokerage (\u20b9)", "cm_charge": "CM Charges (\u20b9)", "stt": "STT/CTT", "gst": "GST (\u20b9)", "stamp_duty": "Stamp Duty (\u20b9)", "cgst": "CGST (\u20b9)", "sgst": "SGST (\u20b9)", "igst": "IGST (\u20b9)", "ipft": "IPFT (\u20b9)"}], "DATA": [{"trade_date": "01/06/2022", "turnover": 6.1, "sebi_toc": 0.07, "exchange_txn_charge": 2.29, "brokerage": 19.95, "cm_charge": 0.0, "stt": 8.0, "gst": 4.0, "stamp_duty": 1.0, "cgst": 0.0, "sgst": 0.0, "igst": 4.0, "ipft": 0.0}, {"trade_date": "21/06/2022", "turnover": 1412.45, "sebi_toc": 0.55, "exchange_txn_charge": 19.0, "brokerage": 40.0, "cm_charge": 0.0, "stt": 69.0, "gst": 10.62, "stamp_duty": 8.0, "cgst": 0.0, "sgst": 0.0, "igst": 10.62, "ipft": 0.0}], "TOTAL": [{"turnover": 1418.55, "brokerage": 59.95, "stt": 77.0, "stamp_duty": 9.0, "cm_charge": 0.0, "ipft": 0.0, "exchange_txn_charge": 21.29, "sebi_toc": 0.62, "gst": 14.62, "cgst": 0.0, "sgst": 0.0, "igst": 14.62}]}, "status_code": 200, "code": 200}