{"s": "ok", "message": "Success", "data": {"COLUMNS": [{"trade_date": "Trade Date", "turnover": "Turnover (\u20b9)", "sebi_toc": "SEBI Turnover Charge (\u20b9)", "exchange_txn_charge": "Exchange Transaction Charge (\u20b9)", "brokerage": "Brokerage (\u20b9)", "cm_charge": "CM Charges (\u20b9)", "stt": "STT/CTT", "gst": "GST (\u20b9)", "stamp_duty": "Stamp Duty (\u20b9)", "cgst": "CGST (\u20b9)", "sgst": "SGST (\u20b9)", "igst": "IGST (\u20b9)", "ipft": "IPFT (\u20b9)"}], "DATA": [{"trade_date": "03/10/2022", "turnover": 565.8, "sebi_toc": 0.96, "exchange_txn_charge": 33.14, "brokerage": 40.0, "cm_charge": 0.0, "stt": 120.0, "gst": 13.34, "stamp_duty": 14.0, "cgst": 0.0, "sgst": 0.0, "igst": 13.34, "ipft": 0.0}, {"trade_date": "04/10/2022", "turnover": 384.75, "sebi_toc": 0.96, "exchange_txn_charge": 33.14, "brokerage": 40.0, "cm_charge": 0.0, "stt": 120.0, "gst": 13.34, "stamp_duty": 14.0, "cgst": 0.0, "sgst": 0.0, "igst": 13.34, "ipft": 0.0}, {"trade_date": "07/10/2022", "turnover": 10280.8, "sebi_toc": 1.85, "exchange_txn_charge": 63.89, "brokerage": 80.0, "cm_charge": 0.0, "stt": 231.0, "gst": 26.23, "stamp_duty": 28.0, "cgst": 0.0, "sgst": 0.0, "igst": 26.23, "ipft": 0.0}], "TOTAL": [{"turnover": 11231.35, "brokerage": 160.0, "stt": 471.0, "stamp_duty": 56.0, "cm_charge": 0.0, "ipft": 0.0, "exchange_txn_charge": 130.17, "sebi_toc": 3.77, "gst": 52.91, "cgst": 0.0, "sgst": 0.0, "igst": 52.91}]}, "status_code": 200, "code": 200}