{"s": "ok", "message": "Success", "data": {"COLUMNS": [{"trade_date": "Trade Date", "turnover": "Turnover (\u20b9)", "sebi_toc": "SEBI Turnover Charge (\u20b9)", "exchange_txn_charge": "Exchange Transaction Charge (\u20b9)", "brokerage": "Brokerage (\u20b9)", "cm_charge": "CM Charges (\u20b9)", "stt": "STT/CTT", "gst": "GST (\u20b9)", "stamp_duty": "Stamp Duty (\u20b9)", "cgst": "CGST (\u20b9)", "sgst": "SGST (\u20b9)", "igst": "IGST (\u20b9)", "ipft": "IPFT (\u20b9)"}], "DATA": [{"trade_date": "21/12/2020", "turnover": 400.15, "sebi_toc": 0.02, "exchange_txn_charge": 1.27, "brokerage": 12.46, "cm_charge": 0.0, "stt": 5.0, "gst": 2.47, "stamp_duty": 1.0, "cgst": 0.0, "sgst": 0.0, "igst": 2.47, "ipft": 0.0}, {"trade_date": "22/12/2020", "turnover": 75.2, "sebi_toc": 0.01, "exchange_txn_charge": 0.6, "brokerage": 6.56, "cm_charge": 0.0, "stt": 3.0, "gst": 1.29, "stamp_duty": 0.0, "cgst": 0.0, "sgst": 0.0, "igst": 1.29, "ipft": 0.0}, {"trade_date": "23/12/2020", "turnover": 734.0, "sebi_toc": 0.08, "exchange_txn_charge": 4.54, "brokerage": 49.48, "cm_charge": 0.0, "stt": 21.0, "gst": 9.72, "stamp_duty": 2.0, "cgst": 0.0, "sgst": 0.0, "igst": 9.72, "ipft": 0.0}, {"trade_date": "28/12/2020", "turnover": 597.7, "sebi_toc": 0.11, "exchange_txn_charge": 7.21, "brokerage": 66.58, "cm_charge": 0.0, "stt": 28.0, "gst": 13.28, "stamp_duty": 3.0, "cgst": 0.0, "sgst": 0.0, "igst": 13.28, "ipft": 0.0}, {"trade_date": "29/12/2020", "turnover": 336.9, "sebi_toc": 0.15, "exchange_txn_charge": 9.33, "brokerage": 90.75, "cm_charge": 0.0, "stt": 38.0, "gst": 18.01, "stamp_duty": 5.0, "cgst": 0.0, "sgst": 0.0, "igst": 18.01, "ipft": 0.0}, {"trade_date": "30/12/2020", "turnover": 535.7, "sebi_toc": 0.22, "exchange_txn_charge": 13.53, "brokerage": 133.64, "cm_charge": 0.0, "stt": 56.0, "gst": 26.49, "stamp_duty": 7.0, "cgst": 0.0, "sgst": 0.0, "igst": 26.49, "ipft": 0.0}, {"trade_date": "31/12/2020", "turnover": 1232.85, "sebi_toc": 0.38, "exchange_txn_charge": 22.89, "brokerage": 120.14, "cm_charge": 0.0, "stt": 94.0, "gst": 25.75, "stamp_duty": 11.0, "cgst": 0.0, "sgst": 0.0, "igst": 25.75, "ipft": 0.0}], "TOTAL": [{"turnover": 3912.5, "brokerage": 479.61, "stt": 245.0, "stamp_duty": 29.0, "cm_charge": 0.0, "ipft": 0.0, "exchange_txn_charge": 59.37, "sebi_toc": 0.97, "gst": 97.01, "cgst": 0.0, "sgst": 0.0, "igst": 97.01}]}, "status_code": 200, "code": 200}