{
  "s": "ok",
  "message": "Success",
  "data": {
    "COLUMNS": [
      {
        "trade_date": "Trade Date",
        "turnover": "Turnover (\u20b9)",
        "sebi_toc": "SEBI Turnover Charge (\u20b9)",
        "exchange_txn_charge": "Exchange Transaction Charge (\u20b9)",
        "brokerage": "Brokerage (\u20b9)",
        "cm_charge": "CM Charges (\u20b9)",
        "stt": "STT/CTT",
        "gst": "GST (\u20b9)",
        "stamp_duty": "Stamp Duty (\u20b9)",
        "cgst": "CGST (\u20b9)",
        "sgst": "SGST (\u20b9)",
        "igst": "IGST (\u20b9)",
        "ipft": "IPFT (\u20b9)"
      }
    ],
    "DATA": [
      {
        "trade_date": "13/10/2025",
        "turnover": 11093.75,
        "sebi_toc": 0.27,
        "exchange_txn_charge": 93.83,
        "brokerage": 240.0,
        "cm_charge": 24.74,
        "stt": 132.0,
        "gst": 64.75,
        "stamp_duty": 4.0,
        "cgst": 0.0,
        "sgst": 0.0,
        "igst": 64.75,
        "ipft": 0.89
      },
      {
        "trade_date": "14/10/2025",
        "turnover": 10008.75,
        "sebi_toc": 0.02,
        "exchange_txn_charge": 7.03,
        "brokerage": 140.0,
        "cm_charge": 1.81,
        "stt": 5.0,
        "gst": 26.81,
        "stamp_duty": 0.0,
        "cgst": 0.0,
        "sgst": 0.0,
        "igst": 26.81,
        "ipft": 0.1
      },
      {
        "trade_date": "15/10/2025",
        "turnover": 10092.0,
        "sebi_toc": 0.09,
        "exchange_txn_charge": 29.1,
        "brokerage": 80.0,
        "cm_charge": 8.06,
        "stt": 40.0,
        "gst": 21.11,
        "stamp_duty": 1.0,
        "cgst": 0.0,
        "sgst": 0.0,
        "igst": 21.11,
        "ipft": 0.0
      },
      {
        "trade_date": "17/10/2025",
        "turnover": 2205.0,
        "sebi_toc": 0.02,
        "exchange_txn_charge": 6.73,
        "brokerage": 40.0,
        "cm_charge": 1.73,
        "stt": 11.0,
        "gst": 8.74,
        "stamp_duty": 0.0,
        "cgst": 0.0,
        "sgst": 0.0,
        "igst": 8.74,
        "ipft": 0.1
      },
      {
        "trade_date": "21/10/2025",
        "turnover": 2143.0,
        "sebi_toc": 0.1,
        "exchange_txn_charge": 31.36,
        "brokerage": 40.0,
        "cm_charge": 8.68,
        "stt": 47.0,
        "gst": 14.43,
        "stamp_duty": 1.0,
        "cgst": 0.0,
        "sgst": 0.0,
        "igst": 14.43,
        "ipft": 0.0
      },
      {
        "trade_date": "27/10/2025",
        "turnover": 322.5,
        "sebi_toc": 0.1,
        "exchange_txn_charge": 34.68,
        "brokerage": 80.0,
        "cm_charge": 8.91,
        "stt": 50.0,
        "gst": 22.35,
        "stamp_duty": 1.0,
        "cgst": 0.0,
        "sgst": 0.0,
        "igst": 22.35,
        "ipft": 0.5
      },
      {
        "trade_date": "28/10/2025",
        "turnover": 1181.25,
        "sebi_toc": 0.1,
        "exchange_txn_charge": 35.17,
        "brokerage": 200.0,
        "cm_charge": 9.04,
        "stt": 51.0,
        "gst": 44.07,
        "stamp_duty": 1.0,
        "cgst": 0.0,
        "sgst": 0.0,
        "igst": 44.07,
        "ipft": 0.5
      },
      {
        "trade_date": "29/10/2025",
        "turnover": 700.0,
        "sebi_toc": 0.2,
        "exchange_txn_charge": 64.65,
        "brokerage": 80.0,
        "cm_charge": 17.9,
        "stt": 100.0,
        "gst": 29.3,
        "stamp_duty": 3.0,
        "cgst": 0.0,
        "sgst": 0.0,
        "igst": 29.3,
        "ipft": 0.0
      }
    ],
    "TOTAL": [
      {
        "turnover": 37746.25,
        "brokerage": 900.0,
        "stt": 436.0,
        "stamp_duty": 11.0,
        "cm_charge": 80.87,
        "ipft": 2.09,
        "exchange_txn_charge": 302.55,
        "sebi_toc": 0.9,
        "gst": 231.56,
        "cgst": 0.0,
        "sgst": 0.0,
        "igst": 231.56
      }
    ]
  },
  "status_code": 200,
  "code": 200
}