{"s": "ok", "message": "Success", "data": {"COLUMNS": [{"trade_date": "Trade Date", "turnover": "Turnover (\u20b9)", "sebi_toc": "SEBI Turnover Charge (\u20b9)", "exchange_txn_charge": "Exchange Transaction Charge (\u20b9)", "brokerage": "Brokerage (\u20b9)", "cm_charge": "CM Charges (\u20b9)", "stt": "STT/CTT", "gst": "GST (\u20b9)", "stamp_duty": "Stamp Duty (\u20b9)", "cgst": "CGST (\u20b9)", "sgst": "SGST (\u20b9)", "igst": "IGST (\u20b9)", "ipft": "IPFT (\u20b9)"}], "DATA": [{"trade_date": "05/08/2025", "turnover": 3394.0, "sebi_toc": 0.02, "exchange_txn_charge": 7.32, "brokerage": 40.0, "cm_charge": 2.03, "stt": 13.0, "gst": 8.89, "stamp_duty": 0.0, "cgst": 0.0, "sgst": 0.0, "igst": 8.89, "ipft": 0.0}, {"trade_date": "07/08/2025", "turnover": 2430.0, "sebi_toc": 0.02, "exchange_txn_charge": 5.9, "brokerage": 60.0, "cm_charge": 1.51, "stt": 7.0, "gst": 12.15, "stamp_duty": 0.0, "cgst": 0.0, "sgst": 0.0, "igst": 12.15, "ipft": 0.08}, {"trade_date": "13/08/2025", "turnover": 990.0, "sebi_toc": 0.04, "exchange_txn_charge": 13.02, "brokerage": 80.0, "cm_charge": 3.35, "stt": 18.0, "gst": 17.39, "stamp_duty": 1.0, "cgst": 0.0, "sgst": 0.0, "igst": 17.39, "ipft": 0.19}, {"trade_date": "18/08/2025", "turnover": 25.0, "sebi_toc": 0.02, "exchange_txn_charge": 5.56, "brokerage": 40.0, "cm_charge": 1.54, "stt": 9.0, "gst": 8.48, "stamp_duty": 0.0, "cgst": 0.0, "sgst": 0.0, "igst": 8.48, "ipft": 0.0}, {"trade_date": "19/08/2025", "turnover": 0.0, "sebi_toc": 0.02, "exchange_txn_charge": 6.43, "brokerage": 200.0, "cm_charge": 1.78, "stt": 10.0, "gst": 37.48, "stamp_duty": 0.0, "cgst": 0.0, "sgst": 0.0, "igst": 37.48, "ipft": 0.0}, {"trade_date": "20/08/2025", "turnover": 0.0, "sebi_toc": 0.02, "exchange_txn_charge": 6.57, "brokerage": 40.0, "cm_charge": 1.69, "stt": 9.0, "gst": 8.71, "stamp_duty": 0.0, "cgst": 0.0, "sgst": 0.0, "igst": 8.71, "ipft": 0.09}, {"trade_date": "21/08/2025", "turnover": 7706.25, "sebi_toc": 0.02, "exchange_txn_charge": 8.61, "brokerage": 140.0, "cm_charge": 2.21, "stt": 9.0, "gst": 27.17, "stamp_duty": 0.0, "cgst": 0.0, "sgst": 0.0, "igst": 27.17, "ipft": 0.12}], "TOTAL": [{"turnover": 14545.25, "brokerage": 600.0, "stt": 75.0, "stamp_duty": 1.0, "cm_charge": 14.11, "ipft": 0.48, "exchange_txn_charge": 53.41, "sebi_toc": 0.16, "gst": 120.27, "cgst": 0.0, "sgst": 0.0, "igst": 120.27}]}, "status_code": 200, "code": 200}