{"s": "ok", "message": "Success", "data": {"COLUMNS": [{"trade_date": "Trade Date", "turnover": "Turnover (\u20b9)", "sebi_toc": "SEBI Turnover Charge (\u20b9)", "exchange_txn_charge": "Exchange Transaction Charge (\u20b9)", "brokerage": "Brokerage (\u20b9)", "cm_charge": "CM Charges (\u20b9)", "stt": "STT/CTT", "gst": "GST (\u20b9)", "stamp_duty": "Stamp Duty (\u20b9)", "cgst": "CGST (\u20b9)", "sgst": "SGST (\u20b9)", "igst": "IGST (\u20b9)", "ipft": "IPFT (\u20b9)"}], "DATA": [{"trade_date": "01/12/2021", "turnover": 54.0, "sebi_toc": 0.06, "exchange_txn_charge": 2.24, "brokerage": 19.5, "cm_charge": 0.0, "stt": 8.0, "gst": 3.91, "stamp_duty": 1.0, "cgst": 0.0, "sgst": 0.0, "igst": 3.91, "ipft": 0.0}, {"trade_date": "03/12/2021", "turnover": 686.9, "sebi_toc": 0.12, "exchange_txn_charge": 3.8, "brokerage": 36.95, "cm_charge": 0.0, "stt": 15.0, "gst": 7.34, "stamp_duty": 2.0, "cgst": 0.0, "sgst": 0.0, "igst": 7.34, "ipft": 0.0}, {"trade_date": "13/12/2021", "turnover": 120.6, "sebi_toc": 0.01, "exchange_txn_charge": 0.36, "brokerage": 3.95, "cm_charge": 0.0, "stt": 2.0, "gst": 0.78, "stamp_duty": 0.0, "cgst": 0.0, "sgst": 0.0, "igst": 0.78, "ipft": 0.0}, {"trade_date": "14/12/2021", "turnover": 0.0, "sebi_toc": 0.01, "exchange_txn_charge": 0.17, "brokerage": 0.0, "cm_charge": 0.0, "stt": 5.0, "gst": 0.03, "stamp_duty": 1.0, "cgst": 0.0, "sgst": 0.0, "igst": 0.03, "ipft": 0.0}, {"trade_date": "15/12/2021", "turnover": 5069.25, "sebi_toc": 0.01, "exchange_txn_charge": 0.33, "brokerage": 0.0, "cm_charge": 0.0, "stt": 11.0, "gst": 0.06, "stamp_duty": 1.0, "cgst": 0.0, "sgst": 0.0, "igst": 0.06, "ipft": 0.0}, {"trade_date": "16/12/2021", "turnover": 5807.65, "sebi_toc": 0.06, "exchange_txn_charge": 1.67, "brokerage": 16.46, "cm_charge": 0.0, "stt": 13.0, "gst": 3.26, "stamp_duty": 1.0, "cgst": 0.0, "sgst": 0.0, "igst": 3.26, "ipft": 0.0}, {"trade_date": "17/12/2021", "turnover": 416.75, "sebi_toc": 0.14, "exchange_txn_charge": 3.85, "brokerage": 42.02, "cm_charge": 0.0, "stt": 18.0, "gst": 8.26, "stamp_duty": 2.0, "cgst": 0.0, "sgst": 0.0, "igst": 8.26, "ipft": 0.0}, {"trade_date": "22/12/2021", "turnover": 16.75, "sebi_toc": 0.05, "exchange_txn_charge": 1.51, "brokerage": 16.42, "cm_charge": 0.0, "stt": 7.0, "gst": 3.23, "stamp_duty": 1.0, "cgst": 0.0, "sgst": 0.0, "igst": 3.23, "ipft": 0.0}, {"trade_date": "23/12/2021", "turnover": 0.0, "sebi_toc": 0.0, "exchange_txn_charge": 0.15, "brokerage": 0.0, "cm_charge": 0.0, "stt": 4.0, "gst": 0.03, "stamp_duty": 1.0, "cgst": 0.0, "sgst": 0.0, "igst": 0.03, "ipft": 0.0}, {"trade_date": "24/12/2021", "turnover": 4474.5, "sebi_toc": 0.0, "exchange_txn_charge": 0.15, "brokerage": 0.0, "cm_charge": 0.0, "stt": 4.0, "gst": 0.03, "stamp_duty": 0.0, "cgst": 0.0, "sgst": 0.0, "igst": 0.03, "ipft": 0.0}, {"trade_date": "28/12/2021", "turnover": 91.2, "sebi_toc": 0.06, "exchange_txn_charge": 2.13, "brokerage": 18.51, "cm_charge": 0.0, "stt": 8.0, "gst": 3.72, "stamp_duty": 1.0, "cgst": 0.0, "sgst": 0.0, "igst": 3.72, "ipft": 0.0}, {"trade_date": "29/12/2021", "turnover": 0.0, "sebi_toc": 0.01, "exchange_txn_charge": 0.18, "brokerage": 0.0, "cm_charge": 0.0, "stt": 6.0, "gst": 0.03, "stamp_duty": 1.0, "cgst": 0.0, "sgst": 0.0, "igst": 0.03, "ipft": 0.0}, {"trade_date": "30/12/2021", "turnover": 6525.0, "sebi_toc": 0.01, "exchange_txn_charge": 0.18, "brokerage": 0.0, "cm_charge": 0.0, "stt": 7.0, "gst": 0.03, "stamp_duty": 0.0, "cgst": 0.0, "sgst": 0.0, "igst": 0.03, "ipft": 0.0}], "TOTAL": [{"turnover": 23262.6, "brokerage": 153.81, "stt": 108.0, "stamp_duty": 12.0, "cm_charge": 0.0, "ipft": 0.0, "exchange_txn_charge": 16.72, "sebi_toc": 0.54, "gst": 30.71, "cgst": 0.0, "sgst": 0.0, "igst": 30.71}]}, "status_code": 200, "code": 200}