{"s": "ok", "message": "Success", "data": {"COLUMNS": [{"trade_date": "Trade Date", "turnover": "Turnover (\u20b9)", "sebi_toc": "SEBI Turnover Charge (\u20b9)", "exchange_txn_charge": "Exchange Transaction Charge (\u20b9)", "brokerage": "Brokerage (\u20b9)", "cm_charge": "CM Charges (\u20b9)", "stt": "STT/CTT", "gst": "GST (\u20b9)", "stamp_duty": "Stamp Duty (\u20b9)", "cgst": "CGST (\u20b9)", "sgst": "SGST (\u20b9)", "igst": "IGST (\u20b9)", "ipft": "IPFT (\u20b9)"}], "DATA": [{"trade_date": "01/07/2025", "turnover": 120.5, "sebi_toc": 1.48, "exchange_txn_charge": 44.03, "brokerage": 40.0, "cm_charge": 0.0, "stt": 185.0, "gst": 15.66, "stamp_duty": 22.0, "cgst": 0.0, "sgst": 0.0, "igst": 15.66, "ipft": 1.48}, {"trade_date": "02/07/2025", "turnover": 232.62, "sebi_toc": 5.78, "exchange_txn_charge": 171.79, "brokerage": 148.31, "cm_charge": 0.0, "stt": 723.0, "gst": 59.7, "stamp_duty": 87.0, "cgst": 0.0, "sgst": 0.0, "igst": 59.7, "ipft": 5.78}, {"trade_date": "03/07/2025", "turnover": 1269.9, "sebi_toc": 1.21, "exchange_txn_charge": 35.97, "brokerage": 80.0, "cm_charge": 0.0, "stt": 151.0, "gst": 21.31, "stamp_duty": 18.0, "cgst": 0.0, "sgst": 0.0, "igst": 21.31, "ipft": 1.21}, {"trade_date": "04/07/2025", "turnover": 1734.75, "sebi_toc": 2.42, "exchange_txn_charge": 71.93, "brokerage": 100.0, "cm_charge": 0.0, "stt": 739.0, "gst": 31.82, "stamp_duty": 104.0, "cgst": 0.0, "sgst": 0.0, "igst": 31.82, "ipft": 2.42}, {"trade_date": "07/07/2025", "turnover": 499294.5, "sebi_toc": 0.5, "exchange_txn_charge": 14.83, "brokerage": 20.0, "cm_charge": 0.0, "stt": 499.0, "gst": 6.45, "stamp_duty": 0.0, "cgst": 0.0, "sgst": 0.0, "igst": 6.45, "ipft": 0.5}, {"trade_date": "08/07/2025", "turnover": 6657.5, "sebi_toc": 9.49, "exchange_txn_charge": 281.85, "brokerage": 200.0, "cm_charge": 0.0, "stt": 1186.0, "gst": 90.15, "stamp_duty": 142.0, "cgst": 0.0, "sgst": 0.0, "igst": 90.15, "ipft": 9.49}, {"trade_date": "11/07/2025", "turnover": 5374.8, "sebi_toc": 4.72, "exchange_txn_charge": 140.12, "brokerage": 120.0, "cm_charge": 0.0, "stt": 590.0, "gst": 48.52, "stamp_duty": 71.0, "cgst": 0.0, "sgst": 0.0, "igst": 48.52, "ipft": 4.72}, {"trade_date": "14/07/2025", "turnover": 9136.95, "sebi_toc": 2.67, "exchange_txn_charge": 79.15, "brokerage": 120.0, "cm_charge": 0.0, "stt": 333.0, "gst": 36.81, "stamp_duty": 40.0, "cgst": 0.0, "sgst": 0.0, "igst": 36.81, "ipft": 2.67}, {"trade_date": "15/07/2025", "turnover": 2865.0, "sebi_toc": 3.8, "exchange_txn_charge": 112.94, "brokerage": 80.0, "cm_charge": 0.0, "stt": 475.0, "gst": 36.1, "stamp_duty": 57.0, "cgst": 0.0, "sgst": 0.0, "igst": 36.1, "ipft": 3.8}, {"trade_date": "16/07/2025", "turnover": 19342.92, "sebi_toc": 7.61, "exchange_txn_charge": 225.89, "brokerage": 160.0, "cm_charge": 0.0, "stt": 951.0, "gst": 72.2, "stamp_duty": 114.0, "cgst": 0.0, "sgst": 0.0, "igst": 72.2, "ipft": 7.61}, {"trade_date": "17/07/2025", "turnover": 2953.1, "sebi_toc": 1.89, "exchange_txn_charge": 56.08, "brokerage": 80.0, "cm_charge": 0.0, "stt": 236.0, "gst": 25.17, "stamp_duty": 28.0, "cgst": 0.0, "sgst": 0.0, "igst": 25.17, "ipft": 1.89}, {"trade_date": "18/07/2025", "turnover": 1746.5, "sebi_toc": 1.96, "exchange_txn_charge": 58.16, "brokerage": 103.3, "cm_charge": 0.0, "stt": 245.0, "gst": 29.77, "stamp_duty": 29.0, "cgst": 0.0, "sgst": 0.0, "igst": 29.77, "ipft": 1.96}, {"trade_date": "21/07/2025", "turnover": 2437.6, "sebi_toc": 0.95, "exchange_txn_charge": 28.08, "brokerage": 60.0, "cm_charge": 0.0, "stt": 118.0, "gst": 16.2, "stamp_duty": 14.0, "cgst": 0.0, "sgst": 0.0, "igst": 16.2, "ipft": 0.95}, {"trade_date": "22/07/2025", "turnover": 22.0, "sebi_toc": 0.01, "exchange_txn_charge": 0.34, "brokerage": 3.47, "cm_charge": 0.0, "stt": 1.0, "gst": 0.69, "stamp_duty": 0.0, "cgst": 0.0, "sgst": 0.0, "igst": 0.69, "ipft": 0.01}, {"trade_date": "23/07/2025", "turnover": 4375.49, "sebi_toc": 0.95, "exchange_txn_charge": 28.08, "brokerage": 40.0, "cm_charge": 0.0, "stt": 118.0, "gst": 12.6, "stamp_duty": 14.0, "cgst": 0.0, "sgst": 0.0, "igst": 12.6, "ipft": 0.95}, {"trade_date": "24/07/2025", "turnover": 2182.5, "sebi_toc": 0.01, "exchange_txn_charge": 1.77, "brokerage": 40.0, "cm_charge": 0.45, "stt": 1.0, "gst": 7.61, "stamp_duty": 0.0, "cgst": 0.0, "sgst": 0.0, "igst": 7.61, "ipft": 0.03}, {"trade_date": "25/07/2025", "turnover": 28.84, "sebi_toc": 1.86, "exchange_txn_charge": 55.33, "brokerage": 80.0, "cm_charge": 0.0, "stt": 233.0, "gst": 25.03, "stamp_duty": 28.0, "cgst": 0.0, "sgst": 0.0, "igst": 25.03, "ipft": 1.86}, {"trade_date": "29/07/2025", "turnover": 1942.65, "sebi_toc": 0.95, "exchange_txn_charge": 28.15, "brokerage": 40.0, "cm_charge": 0.0, "stt": 118.0, "gst": 12.61, "stamp_duty": 14.0, "cgst": 0.0, "sgst": 0.0, "igst": 12.61, "ipft": 0.95}, {"trade_date": "31/07/2025", "turnover": 52.5, "sebi_toc": 0.0, "exchange_txn_charge": 0.86, "brokerage": 40.0, "cm_charge": 0.22, "stt": 1.0, "gst": 7.4, "stamp_duty": 0.0, "cgst": 0.0, "sgst": 0.0, "igst": 7.4, "ipft": 0.01}], "TOTAL": [{"turnover": 561770.62, "brokerage": 1555.08, "stt": 6903.0, "stamp_duty": 782.0, "cm_charge": 0.67, "ipft": 48.29, "exchange_txn_charge": 1435.35, "sebi_toc": 48.26, "gst": 555.8, "cgst": 0.0, "sgst": 0.0, "igst": 555.8}]}, "status_code": 200, "code": 200}