{"s": "ok", "message": "Success", "data": {"COLUMNS": [{"trade_date": "Trade Date", "turnover": "Turnover (\u20b9)", "sebi_toc": "SEBI Turnover Charge (\u20b9)", "exchange_txn_charge": "Exchange Transaction Charge (\u20b9)", "brokerage": "Brokerage (\u20b9)", "cm_charge": "CM Charges (\u20b9)", "stt": "STT/CTT", "gst": "GST (\u20b9)", "stamp_duty": "Stamp Duty (\u20b9)", "cgst": "CGST (\u20b9)", "sgst": "SGST (\u20b9)", "igst": "IGST (\u20b9)", "ipft": "IPFT (\u20b9)"}], "DATA": [{"trade_date": "11/08/2021", "turnover": 51.0, "sebi_toc": 0.05, "exchange_txn_charge": 1.52, "brokerage": 15.18, "cm_charge": 0.0, "stt": 6.0, "gst": 3.01, "stamp_duty": 1.0, "cgst": 0.0, "sgst": 0.0, "igst": 3.01, "ipft": 0.0}], "TOTAL": [{"turnover": 51.0, "brokerage": 15.18, "stt": 6.0, "stamp_duty": 1.0, "cm_charge": 0.0, "ipft": 0.0, "exchange_txn_charge": 1.52, "sebi_toc": 0.05, "gst": 3.01, "cgst": 0.0, "sgst": 0.0, "igst": 3.01}]}, "status_code": 200, "code": 200}