{"s": "ok", "message": "Success", "data": {"COLUMNS": [{"trade_date": "Trade Date", "turnover": "Turnover (\u20b9)", "sebi_toc": "SEBI Turnover Charge (\u20b9)", "exchange_txn_charge": "Exchange Transaction Charge (\u20b9)", "brokerage": "Brokerage (\u20b9)", "cm_charge": "CM Charges (\u20b9)", "stt": "STT/CTT", "gst": "GST (\u20b9)", "stamp_duty": "Stamp Duty (\u20b9)", "cgst": "CGST (\u20b9)", "sgst": "SGST (\u20b9)", "igst": "IGST (\u20b9)", "ipft": "IPFT (\u20b9)"}], "DATA": [{"trade_date": "22/02/2022", "turnover": 408.4, "sebi_toc": 0.44, "exchange_txn_charge": 15.07, "brokerage": 40.0, "cm_charge": 0.0, "stt": 55.0, "gst": 9.91, "stamp_duty": 7.0, "cgst": 0.0, "sgst": 0.0, "igst": 9.91, "ipft": 0.0}, {"trade_date": "25/02/2022", "turnover": 293.2, "sebi_toc": 0.43, "exchange_txn_charge": 14.86, "brokerage": 40.0, "cm_charge": 0.0, "stt": 54.0, "gst": 9.87, "stamp_duty": 6.0, "cgst": 0.0, "sgst": 0.0, "igst": 9.87, "ipft": 0.0}], "TOTAL": [{"turnover": 701.6, "brokerage": 80.0, "stt": 109.0, "stamp_duty": 13.0, "cm_charge": 0.0, "ipft": 0.0, "exchange_txn_charge": 29.93, "sebi_toc": 0.87, "gst": 19.78, "cgst": 0.0, "sgst": 0.0, "igst": 19.78}]}, "status_code": 200, "code": 200}