{"s": "ok", "message": "Success", "data": {"COLUMNS": [{"trade_date": "Trade Date", "turnover": "Turnover (\u20b9)", "sebi_toc": "SEBI Turnover Charge (\u20b9)", "exchange_txn_charge": "Exchange Transaction Charge (\u20b9)", "brokerage": "Brokerage (\u20b9)", "cm_charge": "CM Charges (\u20b9)", "stt": "STT/CTT", "gst": "GST (\u20b9)", "stamp_duty": "Stamp Duty (\u20b9)", "cgst": "CGST (\u20b9)", "sgst": "SGST (\u20b9)", "igst": "IGST (\u20b9)", "ipft": "IPFT (\u20b9)"}], "DATA": [{"trade_date": "03/06/2024", "turnover": 245.6, "sebi_toc": 0.95, "exchange_txn_charge": 30.64, "brokerage": 40.0, "cm_charge": 0.0, "stt": 119.0, "gst": 13.06, "stamp_duty": 14.0, "cgst": 0.0, "sgst": 0.0, "igst": 13.06, "ipft": 0.95}, {"trade_date": "04/06/2024", "turnover": 2704.85, "sebi_toc": 0.67, "exchange_txn_charge": 21.47, "brokerage": 80.0, "cm_charge": 0.0, "stt": 83.0, "gst": 18.51, "stamp_duty": 10.0, "cgst": 0.0, "sgst": 0.0, "igst": 18.51, "ipft": 0.67}, {"trade_date": "05/06/2024", "turnover": 4779.65, "sebi_toc": 0.47, "exchange_txn_charge": 15.14, "brokerage": 50.44, "cm_charge": 0.0, "stt": 59.0, "gst": 11.97, "stamp_duty": 7.0, "cgst": 0.0, "sgst": 0.0, "igst": 11.97, "ipft": 0.47}, {"trade_date": "06/06/2024", "turnover": 2009.6, "sebi_toc": 0.93, "exchange_txn_charge": 30.05, "brokerage": 80.0, "cm_charge": 0.0, "stt": 117.0, "gst": 20.14, "stamp_duty": 14.0, "cgst": 0.0, "sgst": 0.0, "igst": 20.14, "ipft": 0.93}, {"trade_date": "07/06/2024", "turnover": 502.0, "sebi_toc": 1.4, "exchange_txn_charge": 44.99, "brokerage": 120.0, "cm_charge": 0.0, "stt": 175.0, "gst": 30.2, "stamp_duty": 21.0, "cgst": 0.0, "sgst": 0.0, "igst": 30.2, "ipft": 1.4}, {"trade_date": "10/06/2024", "turnover": 146.9, "sebi_toc": 0.54, "exchange_txn_charge": 17.51, "brokerage": 40.0, "cm_charge": 0.0, "stt": 129.0, "gst": 10.55, "stamp_duty": 18.0, "cgst": 0.0, "sgst": 0.0, "igst": 10.55, "ipft": 0.54}, {"trade_date": "11/06/2024", "turnover": 322.7, "sebi_toc": 1.16, "exchange_txn_charge": 37.42, "brokerage": 53.98, "cm_charge": 0.0, "stt": 145.0, "gst": 16.87, "stamp_duty": 17.0, "cgst": 0.0, "sgst": 0.0, "igst": 16.87, "ipft": 1.16}, {"trade_date": "12/06/2024", "turnover": 1730.85, "sebi_toc": 0.95, "exchange_txn_charge": 30.53, "brokerage": 80.0, "cm_charge": 0.0, "stt": 119.0, "gst": 20.24, "stamp_duty": 14.0, "cgst": 0.0, "sgst": 0.0, "igst": 20.24, "ipft": 0.95}, {"trade_date": "13/06/2024", "turnover": 3383.45, "sebi_toc": 0.48, "exchange_txn_charge": 15.38, "brokerage": 40.0, "cm_charge": 0.0, "stt": 60.0, "gst": 10.14, "stamp_duty": 7.0, "cgst": 0.0, "sgst": 0.0, "igst": 10.14, "ipft": 0.48}, {"trade_date": "14/06/2024", "turnover": 40.8, "sebi_toc": 0.06, "exchange_txn_charge": 1.97, "brokerage": 18.35, "cm_charge": 0.0, "stt": 8.0, "gst": 3.68, "stamp_duty": 1.0, "cgst": 0.0, "sgst": 0.0, "igst": 3.68, "ipft": 0.06}, {"trade_date": "18/06/2024", "turnover": 66971.65, "sebi_toc": 0.85, "exchange_txn_charge": 27.38, "brokerage": 80.0, "cm_charge": 0.0, "stt": 165.0, "gst": 19.63, "stamp_duty": 12.0, "cgst": 0.0, "sgst": 0.0, "igst": 19.63, "ipft": 0.85}, {"trade_date": "19/06/2024", "turnover": 118.3, "sebi_toc": 0.48, "exchange_txn_charge": 15.38, "brokerage": 40.0, "cm_charge": 0.0, "stt": 62.0, "gst": 10.14, "stamp_duty": 8.0, "cgst": 0.0, "sgst": 0.0, "igst": 10.14, "ipft": 0.48}, {"trade_date": "20/06/2024", "turnover": 3684.1, "sebi_toc": 2.34, "exchange_txn_charge": 75.2, "brokerage": 201.76, "cm_charge": 0.0, "stt": 294.0, "gst": 50.7, "stamp_duty": 35.0, "cgst": 0.0, "sgst": 0.0, "igst": 50.7, "ipft": 2.34}, {"trade_date": "24/06/2024", "turnover": 0.0, "sebi_toc": 0.12, "exchange_txn_charge": 3.91, "brokerage": 0.0, "cm_charge": 0.0, "stt": 0.0, "gst": 0.75, "stamp_duty": 18.0, "cgst": 0.0, "sgst": 0.0, "igst": 0.75, "ipft": 0.12}, {"trade_date": "28/06/2024", "turnover": 2688.7, "sebi_toc": 0.48, "exchange_txn_charge": 15.38, "brokerage": 40.0, "cm_charge": 0.0, "stt": 60.0, "gst": 10.14, "stamp_duty": 7.0, "cgst": 0.0, "sgst": 0.0, "igst": 10.14, "ipft": 0.48}], "TOTAL": [{"turnover": 89329.15, "brokerage": 964.53, "stt": 1595.0, "stamp_duty": 203.0, "cm_charge": 0.0, "ipft": 11.88, "exchange_txn_charge": 382.35, "sebi_toc": 11.88, "gst": 246.72, "cgst": 0.0, "sgst": 0.0, "igst": 246.72}]}, "status_code": 200, "code": 200}