{"s": "ok", "message": "Success", "data": {"COLUMNS": [{"trade_date": "Trade Date", "turnover": "Turnover (\u20b9)", "sebi_toc": "SEBI Turnover Charge (\u20b9)", "exchange_txn_charge": "Exchange Transaction Charge (\u20b9)", "brokerage": "Brokerage (\u20b9)", "cm_charge": "CM Charges (\u20b9)", "stt": "STT/CTT", "gst": "GST (\u20b9)", "stamp_duty": "Stamp Duty (\u20b9)", "cgst": "CGST (\u20b9)", "sgst": "SGST (\u20b9)", "igst": "IGST (\u20b9)", "ipft": "IPFT (\u20b9)"}], "DATA": [{"trade_date": "01/11/2021", "turnover": 120.0, "sebi_toc": 0.06, "exchange_txn_charge": 2.01, "brokerage": 17.48, "cm_charge": 0.0, "stt": 7.0, "gst": 3.51, "stamp_duty": 1.0, "cgst": 0.0, "sgst": 0.0, "igst": 3.51, "ipft": 0.0}, {"trade_date": "03/11/2021", "turnover": 580.5, "sebi_toc": 0.06, "exchange_txn_charge": 2.09, "brokerage": 18.21, "cm_charge": 0.0, "stt": 8.0, "gst": 3.65, "stamp_duty": 1.0, "cgst": 0.0, "sgst": 0.0, "igst": 3.65, "ipft": 0.0}, {"trade_date": "18/11/2021", "turnover": 0.0, "sebi_toc": 0.01, "exchange_txn_charge": 0.16, "brokerage": 0.0, "cm_charge": 0.0, "stt": 6.0, "gst": 0.03, "stamp_duty": 1.0, "cgst": 0.0, "sgst": 0.0, "igst": 0.03, "ipft": 0.0}, {"trade_date": "23/11/2021", "turnover": 6839.05, "sebi_toc": 0.01, "exchange_txn_charge": 0.19, "brokerage": 0.0, "cm_charge": 0.0, "stt": 7.0, "gst": 0.03, "stamp_duty": 0.0, "cgst": 0.0, "sgst": 0.0, "igst": 0.03, "ipft": 0.0}], "TOTAL": [{"turnover": 7539.55, "brokerage": 35.69, "stt": 28.0, "stamp_duty": 3.0, "cm_charge": 0.0, "ipft": 0.0, "exchange_txn_charge": 4.45, "sebi_toc": 0.14, "gst": 7.22, "cgst": 0.0, "sgst": 0.0, "igst": 7.22}]}, "status_code": 200, "code": 200}