{"s": "ok", "message": "Success", "data": {"COLUMNS": [{"trade_date": "Trade Date", "turnover": "Turnover (\u20b9)", "sebi_toc": "SEBI Turnover Charge (\u20b9)", "exchange_txn_charge": "Exchange Transaction Charge (\u20b9)", "brokerage": "Brokerage (\u20b9)", "cm_charge": "CM Charges (\u20b9)", "stt": "STT/CTT", "gst": "GST (\u20b9)", "stamp_duty": "Stamp Duty (\u20b9)", "cgst": "CGST (\u20b9)", "sgst": "SGST (\u20b9)", "igst": "IGST (\u20b9)", "ipft": "IPFT (\u20b9)"}], "DATA": [{"trade_date": "01/07/2024", "turnover": 0.0, "sebi_toc": 0.15, "exchange_txn_charge": 4.78, "brokerage": 0.0, "cm_charge": 0.0, "stt": 148.0, "gst": 0.91, "stamp_duty": 22.0, "cgst": 0.0, "sgst": 0.0, "igst": 0.91, "ipft": 0.15}, {"trade_date": "03/07/2024", "turnover": 3046.75, "sebi_toc": 1.02, "exchange_txn_charge": 32.93, "brokerage": 62.36, "cm_charge": 0.0, "stt": 128.0, "gst": 17.52, "stamp_duty": 15.0, "cgst": 0.0, "sgst": 0.0, "igst": 17.52, "ipft": 1.02}, {"trade_date": "05/07/2024", "turnover": 139.9, "sebi_toc": 0.59, "exchange_txn_charge": 18.88, "brokerage": 73.83, "cm_charge": 0.0, "stt": 73.0, "gst": 16.9, "stamp_duty": 9.0, "cgst": 0.0, "sgst": 0.0, "igst": 16.9, "ipft": 0.59}, {"trade_date": "08/07/2024", "turnover": 695.3, "sebi_toc": 0.48, "exchange_txn_charge": 15.3, "brokerage": 40.0, "cm_charge": 0.0, "stt": 59.0, "gst": 10.13, "stamp_duty": 7.0, "cgst": 0.0, "sgst": 0.0, "igst": 10.13, "ipft": 0.48}, {"trade_date": "09/07/2024", "turnover": 8835.75, "sebi_toc": 0.94, "exchange_txn_charge": 30.19, "brokerage": 60.0, "cm_charge": 0.0, "stt": 117.0, "gst": 16.57, "stamp_duty": 14.0, "cgst": 0.0, "sgst": 0.0, "igst": 16.57, "ipft": 0.94}, {"trade_date": "10/07/2024", "turnover": 142.4, "sebi_toc": 0.47, "exchange_txn_charge": 15.29, "brokerage": 40.0, "cm_charge": 0.0, "stt": 59.0, "gst": 10.12, "stamp_duty": 7.0, "cgst": 0.0, "sgst": 0.0, "igst": 10.12, "ipft": 0.47}, {"trade_date": "11/07/2024", "turnover": 494.0, "sebi_toc": 0.95, "exchange_txn_charge": 30.43, "brokerage": 80.0, "cm_charge": 0.0, "stt": 118.0, "gst": 20.22, "stamp_duty": 14.0, "cgst": 0.0, "sgst": 0.0, "igst": 20.22, "ipft": 0.95}, {"trade_date": "12/07/2024", "turnover": 708.97, "sebi_toc": 0.47, "exchange_txn_charge": 15.26, "brokerage": 40.0, "cm_charge": 0.0, "stt": 59.0, "gst": 10.12, "stamp_duty": 7.0, "cgst": 0.0, "sgst": 0.0, "igst": 10.12, "ipft": 0.47}, {"trade_date": "15/07/2024", "turnover": 2479.65, "sebi_toc": 2.65, "exchange_txn_charge": 85.27, "brokerage": 80.0, "cm_charge": 0.0, "stt": 331.0, "gst": 30.7, "stamp_duty": 40.0, "cgst": 0.0, "sgst": 0.0, "igst": 30.7, "ipft": 2.65}, {"trade_date": "16/07/2024", "turnover": 2030.5, "sebi_toc": 0.95, "exchange_txn_charge": 30.64, "brokerage": 80.0, "cm_charge": 0.0, "stt": 119.0, "gst": 20.26, "stamp_duty": 14.0, "cgst": 0.0, "sgst": 0.0, "igst": 20.26, "ipft": 0.95}, {"trade_date": "19/07/2024", "turnover": 245.75, "sebi_toc": 2.25, "exchange_txn_charge": 72.47, "brokerage": 40.0, "cm_charge": 0.0, "stt": 281.0, "gst": 21.05, "stamp_duty": 34.0, "cgst": 0.0, "sgst": 0.0, "igst": 21.05, "ipft": 2.25}, {"trade_date": "25/07/2024", "turnover": 602.75, "sebi_toc": 0.46, "exchange_txn_charge": 14.9, "brokerage": 120.0, "cm_charge": 0.0, "stt": 58.0, "gst": 24.45, "stamp_duty": 7.0, "cgst": 0.0, "sgst": 0.0, "igst": 24.45, "ipft": 0.46}, {"trade_date": "29/07/2024", "turnover": 273902.45, "sebi_toc": 0.42, "exchange_txn_charge": 13.68, "brokerage": 40.0, "cm_charge": 0.0, "stt": 174.0, "gst": 9.81, "stamp_duty": 2.0, "cgst": 0.0, "sgst": 0.0, "igst": 9.81, "ipft": 0.42}, {"trade_date": "30/07/2024", "turnover": 813.7, "sebi_toc": 0.95, "exchange_txn_charge": 30.5, "brokerage": 80.0, "cm_charge": 0.0, "stt": 118.0, "gst": 20.23, "stamp_duty": 14.0, "cgst": 0.0, "sgst": 0.0, "igst": 20.23, "ipft": 0.95}], "TOTAL": [{"turnover": 294137.87, "brokerage": 836.19, "stt": 1842.0, "stamp_duty": 206.0, "cm_charge": 0.0, "ipft": 12.75, "exchange_txn_charge": 410.52, "sebi_toc": 12.75, "gst": 228.99, "cgst": 0.0, "sgst": 0.0, "igst": 228.99}]}, "status_code": 200, "code": 200}