{"s": "ok", "message": "Success", "data": {"COLUMNS": [{"trade_date": "Trade Date", "turnover": "Turnover (\u20b9)", "sebi_toc": "SEBI Turnover Charge (\u20b9)", "exchange_txn_charge": "Exchange Transaction Charge (\u20b9)", "brokerage": "Brokerage (\u20b9)", "cm_charge": "CM Charges (\u20b9)", "stt": "STT/CTT", "gst": "GST (\u20b9)", "stamp_duty": "Stamp Duty (\u20b9)", "cgst": "CGST (\u20b9)", "sgst": "SGST (\u20b9)", "igst": "IGST (\u20b9)", "ipft": "IPFT (\u20b9)"}], "DATA": [{"trade_date": "03/06/2021", "turnover": 3410.0, "sebi_toc": 0.37, "exchange_txn_charge": 10.92, "brokerage": 106.4, "cm_charge": 0.0, "stt": 46.0, "gst": 21.12, "stamp_duty": 6.0, "cgst": 0.0, "sgst": 0.0, "igst": 21.12, "ipft": 0.0}, {"trade_date": "10/06/2021", "turnover": 221.0, "sebi_toc": 0.13, "exchange_txn_charge": 3.56, "brokerage": 38.79, "cm_charge": 0.0, "stt": 16.0, "gst": 7.62, "stamp_duty": 2.0, "cgst": 0.0, "sgst": 0.0, "igst": 7.62, "ipft": 0.0}, {"trade_date": "11/06/2021", "turnover": 0.0, "sebi_toc": 0.06, "exchange_txn_charge": 1.78, "brokerage": 19.4, "cm_charge": 0.0, "stt": 8.0, "gst": 3.81, "stamp_duty": 1.0, "cgst": 0.0, "sgst": 0.0, "igst": 3.81, "ipft": 0.0}, {"trade_date": "21/06/2021", "turnover": 0.0, "sebi_toc": 0.01, "exchange_txn_charge": 0.24, "brokerage": 0.0, "cm_charge": 0.0, "stt": 9.0, "gst": 0.04, "stamp_duty": 1.0, "cgst": 0.0, "sgst": 0.0, "igst": 0.04, "ipft": 0.0}, {"trade_date": "22/06/2021", "turnover": 33.55, "sebi_toc": 0.01, "exchange_txn_charge": 0.24, "brokerage": 2.66, "cm_charge": 0.0, "stt": 1.0, "gst": 0.52, "stamp_duty": 0.0, "cgst": 0.0, "sgst": 0.0, "igst": 0.52, "ipft": 0.0}, {"trade_date": "25/06/2021", "turnover": 16.8, "sebi_toc": 0.01, "exchange_txn_charge": 0.28, "brokerage": 2.45, "cm_charge": 0.0, "stt": 1.0, "gst": 0.49, "stamp_duty": 0.0, "cgst": 0.0, "sgst": 0.0, "igst": 0.49, "ipft": 0.0}], "TOTAL": [{"turnover": 3681.35, "brokerage": 169.7, "stt": 81.0, "stamp_duty": 10.0, "cm_charge": 0.0, "ipft": 0.0, "exchange_txn_charge": 17.02, "sebi_toc": 0.59, "gst": 33.6, "cgst": 0.0, "sgst": 0.0, "igst": 33.6}]}, "status_code": 200, "code": 200}