{"s": "ok", "message": "Success", "data": {"COLUMNS": [{"trade_date": "Trade Date", "turnover": "Turnover (\u20b9)", "sebi_toc": "SEBI Turnover Charge (\u20b9)", "exchange_txn_charge": "Exchange Transaction Charge (\u20b9)", "brokerage": "Brokerage (\u20b9)", "cm_charge": "CM Charges (\u20b9)", "stt": "STT/CTT", "gst": "GST (\u20b9)", "stamp_duty": "Stamp Duty (\u20b9)", "cgst": "CGST (\u20b9)", "sgst": "SGST (\u20b9)", "igst": "IGST (\u20b9)", "ipft": "IPFT (\u20b9)"}], "DATA": [{"trade_date": "15/11/2022", "turnover": 248.5, "sebi_toc": 0.04, "exchange_txn_charge": 1.15, "brokerage": 12.59, "cm_charge": 0.0, "stt": 5.0, "gst": 2.48, "stamp_duty": 1.0, "cgst": 0.0, "sgst": 0.0, "igst": 2.48, "ipft": 0.0}], "TOTAL": [{"turnover": 248.5, "brokerage": 12.59, "stt": 5.0, "stamp_duty": 1.0, "cm_charge": 0.0, "ipft": 0.0, "exchange_txn_charge": 1.15, "sebi_toc": 0.04, "gst": 2.48, "cgst": 0.0, "sgst": 0.0, "igst": 2.48}]}, "status_code": 200, "code": 200}