{"s": "ok", "message": "Success", "data": {"COLUMNS": [{"trade_date": "Trade Date", "turnover": "Turnover (\u20b9)", "sebi_toc": "SEBI Turnover Charge (\u20b9)", "exchange_txn_charge": "Exchange Transaction Charge (\u20b9)", "brokerage": "Brokerage (\u20b9)", "cm_charge": "CM Charges (\u20b9)", "stt": "STT/CTT", "gst": "GST (\u20b9)", "stamp_duty": "Stamp Duty (\u20b9)", "cgst": "CGST (\u20b9)", "sgst": "SGST (\u20b9)", "igst": "IGST (\u20b9)", "ipft": "IPFT (\u20b9)"}], "DATA": [{"trade_date": "20/04/2023", "turnover": 0.0, "sebi_toc": 0.1, "exchange_txn_charge": 3.18, "brokerage": 0.0, "cm_charge": 0.0, "stt": 98.0, "gst": 0.59, "stamp_duty": 15.0, "cgst": 0.0, "sgst": 0.0, "igst": 0.59, "ipft": 0.1}, {"trade_date": "25/04/2023", "turnover": 12267.5, "sebi_toc": 0.01, "exchange_txn_charge": 0.4, "brokerage": 0.0, "cm_charge": 0.0, "stt": 12.0, "gst": 0.07, "stamp_duty": 0.0, "cgst": 0.0, "sgst": 0.0, "igst": 0.07, "ipft": 0.01}], "TOTAL": [{"turnover": 12267.5, "brokerage": 0.0, "stt": 110.0, "stamp_duty": 15.0, "cm_charge": 0.0, "ipft": 0.11, "exchange_txn_charge": 3.58, "sebi_toc": 0.11, "gst": 0.66, "cgst": 0.0, "sgst": 0.0, "igst": 0.66}]}, "status_code": 200, "code": 200}