{"s": "ok", "message": "Success", "data": {"COLUMNS": [{"trade_date": "Trade Date", "turnover": "Turnover (\u20b9)", "sebi_toc": "SEBI Turnover Charge (\u20b9)", "exchange_txn_charge": "Exchange Transaction Charge (\u20b9)", "brokerage": "Brokerage (\u20b9)", "cm_charge": "CM Charges (\u20b9)", "stt": "STT/CTT", "gst": "GST (\u20b9)", "stamp_duty": "Stamp Duty (\u20b9)", "cgst": "CGST (\u20b9)", "sgst": "SGST (\u20b9)", "igst": "IGST (\u20b9)", "ipft": "IPFT (\u20b9)"}], "DATA": [{"trade_date": "12/02/2024", "turnover": 40.6, "sebi_toc": 0.09, "exchange_txn_charge": 3.04, "brokerage": 28.09, "cm_charge": 0.0, "stt": 12.0, "gst": 5.64, "stamp_duty": 1.0, "cgst": 0.0, "sgst": 0.0, "igst": 5.64, "ipft": 0.09}, {"trade_date": "28/02/2024", "turnover": 258.3, "sebi_toc": 0.47, "exchange_txn_charge": 15.35, "brokerage": 40.0, "cm_charge": 0.0, "stt": 59.0, "gst": 10.13, "stamp_duty": 7.0, "cgst": 0.0, "sgst": 0.0, "igst": 10.13, "ipft": 0.47}], "TOTAL": [{"turnover": 298.9, "brokerage": 68.09, "stt": 71.0, "stamp_duty": 8.0, "cm_charge": 0.0, "ipft": 0.56, "exchange_txn_charge": 18.39, "sebi_toc": 0.56, "gst": 15.77, "cgst": 0.0, "sgst": 0.0, "igst": 15.77}]}, "status_code": 200, "code": 200}