{"s": "ok", "message": "Success", "data": {"COLUMNS": [{"trade_date": "Trade Date", "turnover": "Turnover (\u20b9)", "sebi_toc": "SEBI Turnover Charge (\u20b9)", "exchange_txn_charge": "Exchange Transaction Charge (\u20b9)", "brokerage": "Brokerage (\u20b9)", "cm_charge": "CM Charges (\u20b9)", "stt": "STT/CTT", "gst": "GST (\u20b9)", "stamp_duty": "Stamp Duty (\u20b9)", "cgst": "CGST (\u20b9)", "sgst": "SGST (\u20b9)", "igst": "IGST (\u20b9)", "ipft": "IPFT (\u20b9)"}], "DATA": [{"trade_date": "05/04/2021", "turnover": 385.5, "sebi_toc": 0.06, "exchange_txn_charge": 4.02, "brokerage": 34.94, "cm_charge": 0.0, "stt": 15.0, "gst": 7.01, "stamp_duty": 2.0, "cgst": 0.0, "sgst": 0.0, "igst": 7.01, "ipft": 0.0}, {"trade_date": "07/04/2021", "turnover": 0.3, "sebi_toc": 0.0, "exchange_txn_charge": 0.01, "brokerage": 0.08, "cm_charge": 0.0, "stt": 0.0, "gst": 0.02, "stamp_duty": 0.0, "cgst": 0.0, "sgst": 0.0, "igst": 0.02, "ipft": 0.0}, {"trade_date": "09/04/2021", "turnover": 492.65, "sebi_toc": 0.07, "exchange_txn_charge": 4.16, "brokerage": 39.17, "cm_charge": 0.0, "stt": 16.0, "gst": 7.8, "stamp_duty": 2.0, "cgst": 0.0, "sgst": 0.0, "igst": 7.8, "ipft": 0.0}, {"trade_date": "12/04/2021", "turnover": 0.0, "sebi_toc": 0.02, "exchange_txn_charge": 0.9, "brokerage": 0.0, "cm_charge": 0.0, "stt": 33.0, "gst": 0.16, "stamp_duty": 5.0, "cgst": 0.0, "sgst": 0.0, "igst": 0.16, "ipft": 0.0}, {"trade_date": "13/04/2021", "turnover": 2.0, "sebi_toc": 0.0, "exchange_txn_charge": 0.29, "brokerage": 2.52, "cm_charge": 0.0, "stt": 1.0, "gst": 0.51, "stamp_duty": 0.0, "cgst": 0.0, "sgst": 0.0, "igst": 0.51, "ipft": 0.0}, {"trade_date": "15/04/2021", "turnover": 32908.0, "sebi_toc": 0.02, "exchange_txn_charge": 0.9, "brokerage": 0.0, "cm_charge": 0.0, "stt": 33.0, "gst": 0.16, "stamp_duty": 0.0, "cgst": 0.0, "sgst": 0.0, "igst": 0.16, "ipft": 0.0}, {"trade_date": "16/04/2021", "turnover": 45.0, "sebi_toc": 0.05, "exchange_txn_charge": 3.24, "brokerage": 28.19, "cm_charge": 0.0, "stt": 12.0, "gst": 5.66, "stamp_duty": 1.0, "cgst": 0.0, "sgst": 0.0, "igst": 5.66, "ipft": 0.0}, {"trade_date": "20/04/2021", "turnover": 2880.0, "sebi_toc": 0.3, "exchange_txn_charge": 20.56, "brokerage": 40.0, "cm_charge": 0.0, "stt": 74.0, "gst": 10.9, "stamp_duty": 9.0, "cgst": 0.0, "sgst": 0.0, "igst": 10.9, "ipft": 0.0}, {"trade_date": "22/04/2021", "turnover": 1255.95, "sebi_toc": 0.59, "exchange_txn_charge": 32.59, "brokerage": 123.06, "cm_charge": 0.0, "stt": 148.0, "gst": 28.02, "stamp_duty": 18.0, "cgst": 0.0, "sgst": 0.0, "igst": 28.02, "ipft": 0.0}, {"trade_date": "23/04/2021", "turnover": 5013.85, "sebi_toc": 0.44, "exchange_txn_charge": 24.35, "brokerage": 80.0, "cm_charge": 0.0, "stt": 111.0, "gst": 18.78, "stamp_duty": 13.0, "cgst": 0.0, "sgst": 0.0, "igst": 18.78, "ipft": 0.0}, {"trade_date": "26/04/2021", "turnover": 0.0, "sebi_toc": 0.01, "exchange_txn_charge": 0.64, "brokerage": 0.0, "cm_charge": 0.0, "stt": 23.0, "gst": 0.12, "stamp_duty": 3.0, "cgst": 0.0, "sgst": 0.0, "igst": 0.12, "ipft": 0.0}, {"trade_date": "27/04/2021", "turnover": 24409.8, "sebi_toc": 0.01, "exchange_txn_charge": 0.67, "brokerage": 0.0, "cm_charge": 0.0, "stt": 24.0, "gst": 0.12, "stamp_duty": 0.0, "cgst": 0.0, "sgst": 0.0, "igst": 0.12, "ipft": 0.0}, {"trade_date": "28/04/2021", "turnover": 25.0, "sebi_toc": 0.12, "exchange_txn_charge": 8.41, "brokerage": 73.17, "cm_charge": 0.0, "stt": 30.0, "gst": 14.68, "stamp_duty": 4.0, "cgst": 0.0, "sgst": 0.0, "igst": 14.68, "ipft": 0.0}, {"trade_date": "29/04/2021", "turnover": 100.0, "sebi_toc": 0.03, "exchange_txn_charge": 1.9, "brokerage": 20.77, "cm_charge": 0.0, "stt": 9.0, "gst": 4.08, "stamp_duty": 1.0, "cgst": 0.0, "sgst": 0.0, "igst": 4.08, "ipft": 0.0}, {"trade_date": "30/04/2021", "turnover": 191.45, "sebi_toc": 0.04, "exchange_txn_charge": 2.31, "brokerage": 25.18, "cm_charge": 0.0, "stt": 10.0, "gst": 4.95, "stamp_duty": 1.0, "cgst": 0.0, "sgst": 0.0, "igst": 4.95, "ipft": 0.0}], "TOTAL": [{"turnover": 67709.5, "brokerage": 467.08, "stt": 539.0, "stamp_duty": 59.0, "cm_charge": 0.0, "ipft": 0.0, "exchange_txn_charge": 104.95, "sebi_toc": 1.76, "gst": 102.97, "cgst": 0.0, "sgst": 0.0, "igst": 102.97}]}, "status_code": 200, "code": 200}