{"s": "ok", "message": "Success", "data": {"COLUMNS": [{"trade_date": "Trade Date", "turnover": "Turnover (\u20b9)", "sebi_toc": "SEBI Turnover Charge (\u20b9)", "exchange_txn_charge": "Exchange Transaction Charge (\u20b9)", "brokerage": "Brokerage (\u20b9)", "cm_charge": "CM Charges (\u20b9)", "stt": "STT/CTT", "gst": "GST (\u20b9)", "stamp_duty": "Stamp Duty (\u20b9)", "cgst": "CGST (\u20b9)", "sgst": "SGST (\u20b9)", "igst": "IGST (\u20b9)", "ipft": "IPFT (\u20b9)"}], "DATA": [{"trade_date": "01/01/2021", "turnover": 1108.8, "sebi_toc": 0.11, "exchange_txn_charge": 5.99, "brokerage": 65.39, "cm_charge": 0.0, "stt": 27.0, "gst": 11.77, "stamp_duty": 3.0, "cgst": 0.0, "sgst": 0.0, "igst": 11.77, "ipft": 0.0}, {"trade_date": "04/01/2021", "turnover": 776.5, "sebi_toc": 0.07, "exchange_txn_charge": 4.42, "brokerage": 43.87, "cm_charge": 0.0, "stt": 18.0, "gst": 7.9, "stamp_duty": 2.0, "cgst": 0.0, "sgst": 0.0, "igst": 7.9, "ipft": 0.0}, {"trade_date": "05/01/2021", "turnover": 1136.15, "sebi_toc": 0.19, "exchange_txn_charge": 11.07, "brokerage": 98.44, "cm_charge": 0.0, "stt": 46.0, "gst": 17.72, "stamp_duty": 6.0, "cgst": 0.0, "sgst": 0.0, "igst": 17.72, "ipft": 0.0}, {"trade_date": "06/01/2021", "turnover": 1078.5, "sebi_toc": 0.24, "exchange_txn_charge": 15.34, "brokerage": 124.67, "cm_charge": 0.0, "stt": 61.0, "gst": 22.44, "stamp_duty": 7.0, "cgst": 0.0, "sgst": 0.0, "igst": 22.44, "ipft": 0.0}, {"trade_date": "07/01/2021", "turnover": 212.75, "sebi_toc": 0.05, "exchange_txn_charge": 2.79, "brokerage": 30.44, "cm_charge": 0.0, "stt": 13.0, "gst": 5.48, "stamp_duty": 2.0, "cgst": 0.0, "sgst": 0.0, "igst": 5.48, "ipft": 0.0}, {"trade_date": "08/01/2021", "turnover": 617.55, "sebi_toc": 0.03, "exchange_txn_charge": 1.4, "brokerage": 13.41, "cm_charge": 0.0, "stt": 12.0, "gst": 2.41, "stamp_duty": 2.0, "cgst": 0.0, "sgst": 0.0, "igst": 2.41, "ipft": 0.0}, {"trade_date": "11/01/2021", "turnover": 6612.1, "sebi_toc": 0.06, "exchange_txn_charge": 3.44, "brokerage": 35.66, "cm_charge": 0.0, "stt": 21.0, "gst": 6.42, "stamp_duty": 2.0, "cgst": 0.0, "sgst": 0.0, "igst": 6.42, "ipft": 0.0}, {"trade_date": "12/01/2021", "turnover": 1415.55, "sebi_toc": 0.37, "exchange_txn_charge": 23.11, "brokerage": 185.73, "cm_charge": 0.0, "stt": 92.0, "gst": 33.43, "stamp_duty": 11.0, "cgst": 0.0, "sgst": 0.0, "igst": 33.43, "ipft": 0.0}, {"trade_date": "13/01/2021", "turnover": 505.75, "sebi_toc": 0.14, "exchange_txn_charge": 9.13, "brokerage": 85.83, "cm_charge": 0.0, "stt": 36.0, "gst": 15.45, "stamp_duty": 4.0, "cgst": 0.0, "sgst": 0.0, "igst": 15.45, "ipft": 0.0}, {"trade_date": "14/01/2021", "turnover": 1875.0, "sebi_toc": 0.31, "exchange_txn_charge": 20.83, "brokerage": 161.29, "cm_charge": 0.0, "stt": 78.0, "gst": 29.03, "stamp_duty": 9.0, "cgst": 0.0, "sgst": 0.0, "igst": 29.03, "ipft": 0.0}, {"trade_date": "15/01/2021", "turnover": 909.65, "sebi_toc": 0.21, "exchange_txn_charge": 13.66, "brokerage": 95.43, "cm_charge": 0.0, "stt": 52.0, "gst": 17.18, "stamp_duty": 6.0, "cgst": 0.0, "sgst": 0.0, "igst": 17.18, "ipft": 0.0}, {"trade_date": "18/01/2021", "turnover": 711.65, "sebi_toc": 0.1, "exchange_txn_charge": 7.18, "brokerage": 40.0, "cm_charge": 0.0, "stt": 26.0, "gst": 7.2, "stamp_duty": 3.0, "cgst": 0.0, "sgst": 0.0, "igst": 7.2, "ipft": 0.0}, {"trade_date": "19/01/2021", "turnover": 70.0, "sebi_toc": 0.03, "exchange_txn_charge": 1.81, "brokerage": 15.72, "cm_charge": 0.0, "stt": 7.0, "gst": 2.83, "stamp_duty": 1.0, "cgst": 0.0, "sgst": 0.0, "igst": 2.83, "ipft": 0.0}, {"trade_date": "20/01/2021", "turnover": 655.8, "sebi_toc": 0.15, "exchange_txn_charge": 9.56, "brokerage": 86.12, "cm_charge": 0.0, "stt": 39.0, "gst": 15.5, "stamp_duty": 5.0, "cgst": 0.0, "sgst": 0.0, "igst": 15.5, "ipft": 0.0}, {"trade_date": "21/01/2021", "turnover": 328.0, "sebi_toc": 0.06, "exchange_txn_charge": 3.14, "brokerage": 34.27, "cm_charge": 0.0, "stt": 14.0, "gst": 6.17, "stamp_duty": 2.0, "cgst": 0.0, "sgst": 0.0, "igst": 6.17, "ipft": 0.0}, {"trade_date": "22/01/2021", "turnover": 921.0, "sebi_toc": 0.1, "exchange_txn_charge": 6.31, "brokerage": 58.9, "cm_charge": 0.0, "stt": 25.0, "gst": 10.6, "stamp_duty": 3.0, "cgst": 0.0, "sgst": 0.0, "igst": 10.6, "ipft": 0.0}, {"trade_date": "25/01/2021", "turnover": 1721.95, "sebi_toc": 0.18, "exchange_txn_charge": 10.58, "brokerage": 106.48, "cm_charge": 0.0, "stt": 44.0, "gst": 19.17, "stamp_duty": 5.0, "cgst": 0.0, "sgst": 0.0, "igst": 19.17, "ipft": 0.0}, {"trade_date": "27/01/2021", "turnover": 217.45, "sebi_toc": 0.08, "exchange_txn_charge": 4.99, "brokerage": 50.76, "cm_charge": 0.0, "stt": 21.0, "gst": 9.14, "stamp_duty": 3.0, "cgst": 0.0, "sgst": 0.0, "igst": 9.14, "ipft": 0.0}, {"trade_date": "28/01/2021", "turnover": 19.8, "sebi_toc": 0.02, "exchange_txn_charge": 0.86, "brokerage": 9.36, "cm_charge": 0.0, "stt": 4.0, "gst": 1.68, "stamp_duty": 0.0, "cgst": 0.0, "sgst": 0.0, "igst": 1.68, "ipft": 0.0}, {"trade_date": "29/01/2021", "turnover": 261.25, "sebi_toc": 0.02, "exchange_txn_charge": 1.7, "brokerage": 14.8, "cm_charge": 0.0, "stt": 6.0, "gst": 2.66, "stamp_duty": 1.0, "cgst": 0.0, "sgst": 0.0, "igst": 2.66, "ipft": 0.0}], "TOTAL": [{"turnover": 21155.2, "brokerage": 1356.57, "stt": 642.0, "stamp_duty": 77.0, "cm_charge": 0.0, "ipft": 0.0, "exchange_txn_charge": 157.31, "sebi_toc": 2.52, "gst": 244.18, "cgst": 0.0, "sgst": 0.0, "igst": 244.18}]}, "status_code": 200, "code": 200}