{"s": "ok", "message": "Success", "data": {"COLUMNS": [{"trade_date": "Trade Date", "turnover": "Turnover (\u20b9)", "sebi_toc": "SEBI Turnover Charge (\u20b9)", "exchange_txn_charge": "Exchange Transaction Charge (\u20b9)", "brokerage": "Brokerage (\u20b9)", "cm_charge": "CM Charges (\u20b9)", "stt": "STT/CTT", "gst": "GST (\u20b9)", "stamp_duty": "Stamp Duty (\u20b9)", "cgst": "CGST (\u20b9)", "sgst": "SGST (\u20b9)", "igst": "IGST (\u20b9)", "ipft": "IPFT (\u20b9)"}], "DATA": [{"trade_date": "05/12/2022", "turnover": 577.85, "sebi_toc": 0.85, "exchange_txn_charge": 29.32, "brokerage": 40.0, "cm_charge": 0.0, "stt": 106.0, "gst": 12.63, "stamp_duty": 13.0, "cgst": 0.0, "sgst": 0.0, "igst": 12.63, "ipft": 0.0}, {"trade_date": "07/12/2022", "turnover": 559.5, "sebi_toc": 0.84, "exchange_txn_charge": 23.22, "brokerage": 40.0, "cm_charge": 0.0, "stt": 106.0, "gst": 11.53, "stamp_duty": 13.0, "cgst": 0.0, "sgst": 0.0, "igst": 11.53, "ipft": 0.0}, {"trade_date": "08/12/2022", "turnover": 6685.7, "sebi_toc": 0.59, "exchange_txn_charge": 16.35, "brokerage": 56.6, "cm_charge": 0.0, "stt": 74.0, "gst": 13.24, "stamp_duty": 9.0, "cgst": 0.0, "sgst": 0.0, "igst": 13.24, "ipft": 0.0}], "TOTAL": [{"turnover": 7823.05, "brokerage": 136.6, "stt": 286.0, "stamp_duty": 35.0, "cm_charge": 0.0, "ipft": 0.0, "exchange_txn_charge": 68.89, "sebi_toc": 2.28, "gst": 37.4, "cgst": 0.0, "sgst": 0.0, "igst": 37.4}]}, "status_code": 200, "code": 200}