{"s": "ok", "message": "Success", "data": {"COLUMNS": [{"trade_date": "Trade Date", "turnover": "Turnover (\u20b9)", "sebi_toc": "SEBI Turnover Charge (\u20b9)", "exchange_txn_charge": "Exchange Transaction Charge (\u20b9)", "brokerage": "Brokerage (\u20b9)", "cm_charge": "CM Charges (\u20b9)", "stt": "STT/CTT", "gst": "GST (\u20b9)", "stamp_duty": "Stamp Duty (\u20b9)", "cgst": "CGST (\u20b9)", "sgst": "SGST (\u20b9)", "igst": "IGST (\u20b9)", "ipft": "IPFT (\u20b9)"}], "DATA": [{"trade_date": "27/05/2024", "turnover": 663.95, "sebi_toc": 0.95, "exchange_txn_charge": 30.6, "brokerage": 40.0, "cm_charge": 0.0, "stt": 119.0, "gst": 13.05, "stamp_duty": 14.0, "cgst": 0.0, "sgst": 0.0, "igst": 13.05, "ipft": 0.95}], "TOTAL": [{"turnover": 663.95, "brokerage": 40.0, "stt": 119.0, "stamp_duty": 14.0, "cm_charge": 0.0, "ipft": 0.95, "exchange_txn_charge": 30.6, "sebi_toc": 0.95, "gst": 13.05, "cgst": 0.0, "sgst": 0.0, "igst": 13.05}]}, "status_code": 200, "code": 200}