{"s": "ok", "message": "Success", "data": {"COLUMNS": [{"trade_date": "Trade Date", "turnover": "Turnover (\u20b9)", "sebi_toc": "SEBI Turnover Charge (\u20b9)", "exchange_txn_charge": "Exchange Transaction Charge (\u20b9)", "brokerage": "Brokerage (\u20b9)", "cm_charge": "CM Charges (\u20b9)", "stt": "STT/CTT", "gst": "GST (\u20b9)", "stamp_duty": "Stamp Duty (\u20b9)", "cgst": "CGST (\u20b9)", "sgst": "SGST (\u20b9)", "igst": "IGST (\u20b9)", "ipft": "IPFT (\u20b9)"}], "DATA": [{"trade_date": "26/05/2025", "turnover": 76.95, "sebi_toc": 0.27, "exchange_txn_charge": 8.08, "brokerage": 40.0, "cm_charge": 0.0, "stt": 34.0, "gst": 8.75, "stamp_duty": 4.0, "cgst": 0.0, "sgst": 0.0, "igst": 8.75, "ipft": 0.27}], "TOTAL": [{"turnover": 76.95, "brokerage": 40.0, "stt": 34.0, "stamp_duty": 4.0, "cm_charge": 0.0, "ipft": 0.27, "exchange_txn_charge": 8.08, "sebi_toc": 0.27, "gst": 8.75, "cgst": 0.0, "sgst": 0.0, "igst": 8.75}]}, "status_code": 200, "code": 200}