{"s": "ok", "message": "Success", "data": {"COLUMNS": [{"trade_date": "Trade Date", "turnover": "Turnover (\u20b9)", "sebi_toc": "SEBI Turnover Charge (\u20b9)", "exchange_txn_charge": "Exchange Transaction Charge (\u20b9)", "brokerage": "Brokerage (\u20b9)", "cm_charge": "CM Charges (\u20b9)", "stt": "STT/CTT", "gst": "GST (\u20b9)", "stamp_duty": "Stamp Duty (\u20b9)", "cgst": "CGST (\u20b9)", "sgst": "SGST (\u20b9)", "igst": "IGST (\u20b9)", "ipft": "IPFT (\u20b9)"}], "DATA": [{"trade_date": "01/07/2021", "turnover": 8680.5, "sebi_toc": 0.01, "exchange_txn_charge": 0.24, "brokerage": 0.0, "cm_charge": 0.0, "stt": 9.0, "gst": 0.04, "stamp_duty": 0.0, "cgst": 0.0, "sgst": 0.0, "igst": 0.04, "ipft": 0.0}, {"trade_date": "05/07/2021", "turnover": 8.7, "sebi_toc": 0.0, "exchange_txn_charge": 0.05, "brokerage": 0.5, "cm_charge": 0.0, "stt": 0.0, "gst": 0.1, "stamp_duty": 0.0, "cgst": 0.0, "sgst": 0.0, "igst": 0.1, "ipft": 0.0}, {"trade_date": "26/07/2021", "turnover": 0.0, "sebi_toc": 0.01, "exchange_txn_charge": 0.31, "brokerage": 0.0, "cm_charge": 0.0, "stt": 9.0, "gst": 0.06, "stamp_duty": 1.0, "cgst": 0.0, "sgst": 0.0, "igst": 0.06, "ipft": 0.0}, {"trade_date": "29/07/2021", "turnover": 8580.0, "sebi_toc": 0.01, "exchange_txn_charge": 0.3, "brokerage": 0.0, "cm_charge": 0.0, "stt": 9.0, "gst": 0.05, "stamp_duty": 0.0, "cgst": 0.0, "sgst": 0.0, "igst": 0.05, "ipft": 0.0}], "TOTAL": [{"turnover": 17269.2, "brokerage": 0.5, "stt": 27.0, "stamp_duty": 1.0, "cm_charge": 0.0, "ipft": 0.0, "exchange_txn_charge": 0.9, "sebi_toc": 0.03, "gst": 0.25, "cgst": 0.0, "sgst": 0.0, "igst": 0.25}]}, "status_code": 200, "code": 200}