{"s": "ok", "message": "Success", "data": {"COLUMNS": [{"trade_date": "Trade Date", "turnover": "Turnover (\u20b9)", "sebi_toc": "SEBI Turnover Charge (\u20b9)", "exchange_txn_charge": "Exchange Transaction Charge (\u20b9)", "brokerage": "Brokerage (\u20b9)", "cm_charge": "CM Charges (\u20b9)", "stt": "STT/CTT", "gst": "GST (\u20b9)", "stamp_duty": "Stamp Duty (\u20b9)", "cgst": "CGST (\u20b9)", "sgst": "SGST (\u20b9)", "igst": "IGST (\u20b9)", "ipft": "IPFT (\u20b9)"}], "DATA": [{"trade_date": "03/10/2024", "turnover": 0.0, "sebi_toc": 0.3, "exchange_txn_charge": 8.88, "brokerage": 40.0, "cm_charge": 0.0, "stt": 299.0, "gst": 8.91, "stamp_duty": 45.0, "cgst": 0.0, "sgst": 0.0, "igst": 8.91, "ipft": 0.3}, {"trade_date": "07/10/2024", "turnover": 292030.0, "sebi_toc": 0.29, "exchange_txn_charge": 8.67, "brokerage": 20.0, "cm_charge": 0.0, "stt": 292.0, "gst": 5.27, "stamp_duty": 0.0, "cgst": 0.0, "sgst": 0.0, "igst": 5.27, "ipft": 0.29}, {"trade_date": "09/10/2024", "turnover": 563.98, "sebi_toc": 3.15, "exchange_txn_charge": 93.49, "brokerage": 80.0, "cm_charge": 0.0, "stt": 393.0, "gst": 32.36, "stamp_duty": 47.0, "cgst": 0.0, "sgst": 0.0, "igst": 32.36, "ipft": 3.15}, {"trade_date": "11/10/2024", "turnover": 16275.5, "sebi_toc": 8.18, "exchange_txn_charge": 243.04, "brokerage": 120.0, "cm_charge": 0.0, "stt": 1023.0, "gst": 68.29, "stamp_duty": 123.0, "cgst": 0.0, "sgst": 0.0, "igst": 68.29, "ipft": 8.18}, {"trade_date": "14/10/2024", "turnover": 3163.15, "sebi_toc": 10.35, "exchange_txn_charge": 307.28, "brokerage": 160.0, "cm_charge": 0.0, "stt": 1293.0, "gst": 87.84, "stamp_duty": 155.0, "cgst": 0.0, "sgst": 0.0, "igst": 87.84, "ipft": 10.35}, {"trade_date": "18/10/2024", "turnover": 3903.2, "sebi_toc": 2.23, "exchange_txn_charge": 66.16, "brokerage": 40.0, "cm_charge": 0.0, "stt": 278.0, "gst": 19.91, "stamp_duty": 33.0, "cgst": 0.0, "sgst": 0.0, "igst": 19.91, "ipft": 2.23}, {"trade_date": "21/10/2024", "turnover": 8179.45, "sebi_toc": 2.56, "exchange_txn_charge": 75.98, "brokerage": 40.0, "cm_charge": 0.0, "stt": 320.0, "gst": 21.8, "stamp_duty": 39.0, "cgst": 0.0, "sgst": 0.0, "igst": 21.8, "ipft": 2.56}, {"trade_date": "22/10/2024", "turnover": 532.5, "sebi_toc": 2.49, "exchange_txn_charge": 73.87, "brokerage": 40.0, "cm_charge": 0.0, "stt": 311.0, "gst": 21.39, "stamp_duty": 37.0, "cgst": 0.0, "sgst": 0.0, "igst": 21.39, "ipft": 2.49}, {"trade_date": "23/10/2024", "turnover": 2369.3, "sebi_toc": 2.94, "exchange_txn_charge": 87.32, "brokerage": 80.0, "cm_charge": 0.0, "stt": 368.0, "gst": 31.18, "stamp_duty": 44.0, "cgst": 0.0, "sgst": 0.0, "igst": 31.18, "ipft": 2.94}, {"trade_date": "24/10/2024", "turnover": 38224.6, "sebi_toc": 25.55, "exchange_txn_charge": 758.85, "brokerage": 440.0, "cm_charge": 0.0, "stt": 3194.0, "gst": 224.99, "stamp_duty": 383.0, "cgst": 0.0, "sgst": 0.0, "igst": 224.99, "ipft": 25.55}, {"trade_date": "25/10/2024", "turnover": 390.7, "sebi_toc": 2.73, "exchange_txn_charge": 81.04, "brokerage": 40.0, "cm_charge": 0.0, "stt": 341.0, "gst": 22.77, "stamp_duty": 41.0, "cgst": 0.0, "sgst": 0.0, "igst": 22.77, "ipft": 2.73}, {"trade_date": "28/10/2024", "turnover": 935.5, "sebi_toc": 2.72, "exchange_txn_charge": 80.93, "brokerage": 40.0, "cm_charge": 0.0, "stt": 341.0, "gst": 22.75, "stamp_duty": 41.0, "cgst": 0.0, "sgst": 0.0, "igst": 22.75, "ipft": 2.72}, {"trade_date": "29/10/2024", "turnover": 943.1, "sebi_toc": 2.73, "exchange_txn_charge": 80.99, "brokerage": 60.0, "cm_charge": 0.0, "stt": 341.0, "gst": 26.36, "stamp_duty": 41.0, "cgst": 0.0, "sgst": 0.0, "igst": 26.36, "ipft": 2.73}, {"trade_date": "30/10/2024", "turnover": 5537.2, "sebi_toc": 8.14, "exchange_txn_charge": 241.86, "brokerage": 120.0, "cm_charge": 0.0, "stt": 1018.0, "gst": 68.07, "stamp_duty": 122.0, "cgst": 0.0, "sgst": 0.0, "igst": 68.07, "ipft": 8.14}], "TOTAL": [{"turnover": 373048.18, "brokerage": 1320.0, "stt": 9812.0, "stamp_duty": 1151.0, "cm_charge": 0.0, "ipft": 74.36, "exchange_txn_charge": 2208.36, "sebi_toc": 74.36, "gst": 661.89, "cgst": 0.0, "sgst": 0.0, "igst": 661.89}]}, "status_code": 200, "code": 200}