{"s": "ok", "message": "Success", "data": {"COLUMNS": [{"trade_date": "Trade Date", "turnover": "Turnover (\u20b9)", "sebi_toc": "SEBI Turnover Charge (\u20b9)", "exchange_txn_charge": "Exchange Transaction Charge (\u20b9)", "brokerage": "Brokerage (\u20b9)", "cm_charge": "CM Charges (\u20b9)", "stt": "STT/CTT", "gst": "GST (\u20b9)", "stamp_duty": "Stamp Duty (\u20b9)", "cgst": "CGST (\u20b9)", "sgst": "SGST (\u20b9)", "igst": "IGST (\u20b9)", "ipft": "IPFT (\u20b9)"}], "DATA": [{"trade_date": "02/01/2025", "turnover": 5731.7, "sebi_toc": 5.21, "exchange_txn_charge": 154.84, "brokerage": 140.0, "cm_charge": 0.0, "stt": 652.0, "gst": 54.95, "stamp_duty": 78.0, "cgst": 0.0, "sgst": 0.0, "igst": 54.95, "ipft": 5.21}, {"trade_date": "06/01/2025", "turnover": 10080.94, "sebi_toc": 5.62, "exchange_txn_charge": 167.0, "brokerage": 120.0, "cm_charge": 0.0, "stt": 703.0, "gst": 53.68, "stamp_duty": 85.0, "cgst": 0.0, "sgst": 0.0, "igst": 53.68, "ipft": 5.62}, {"trade_date": "23/01/2025", "turnover": 3509.5, "sebi_toc": 1.63, "exchange_txn_charge": 48.44, "brokerage": 40.0, "cm_charge": 0.0, "stt": 204.0, "gst": 16.51, "stamp_duty": 25.0, "cgst": 0.0, "sgst": 0.0, "igst": 16.51, "ipft": 1.63}], "TOTAL": [{"turnover": 19322.14, "brokerage": 300.0, "stt": 1559.0, "stamp_duty": 188.0, "cm_charge": 0.0, "ipft": 12.46, "exchange_txn_charge": 370.28, "sebi_toc": 12.46, "gst": 125.14, "cgst": 0.0, "sgst": 0.0, "igst": 125.14}]}, "status_code": 200, "code": 200}