{"s": "ok", "message": "Success", "data": {"COLUMNS": [{"trade_date": "Trade Date", "turnover": "Turnover (\u20b9)", "sebi_toc": "SEBI Turnover Charge (\u20b9)", "exchange_txn_charge": "Exchange Transaction Charge (\u20b9)", "brokerage": "Brokerage (\u20b9)", "cm_charge": "CM Charges (\u20b9)", "stt": "STT/CTT", "gst": "GST (\u20b9)", "stamp_duty": "Stamp Duty (\u20b9)", "cgst": "CGST (\u20b9)", "sgst": "SGST (\u20b9)", "igst": "IGST (\u20b9)", "ipft": "IPFT (\u20b9)"}], "DATA": [{"trade_date": "01/02/2021", "turnover": 63.7, "sebi_toc": 0.01, "exchange_txn_charge": 0.79, "brokerage": 8.62, "cm_charge": 0.0, "stt": 4.0, "gst": 1.55, "stamp_duty": 0.0, "cgst": 0.0, "sgst": 0.0, "igst": 1.55, "ipft": 0.0}, {"trade_date": "02/02/2021", "turnover": 3409.3, "sebi_toc": 0.04, "exchange_txn_charge": 2.11, "brokerage": 21.71, "cm_charge": 0.0, "stt": 9.0, "gst": 3.91, "stamp_duty": 1.0, "cgst": 0.0, "sgst": 0.0, "igst": 3.91, "ipft": 0.0}, {"trade_date": "03/02/2021", "turnover": 387.5, "sebi_toc": 0.05, "exchange_txn_charge": 3.38, "brokerage": 29.36, "cm_charge": 0.0, "stt": 12.0, "gst": 5.28, "stamp_duty": 1.0, "cgst": 0.0, "sgst": 0.0, "igst": 5.28, "ipft": 0.0}, {"trade_date": "04/02/2021", "turnover": 726.9, "sebi_toc": 0.1, "exchange_txn_charge": 5.97, "brokerage": 59.11, "cm_charge": 0.0, "stt": 25.0, "gst": 10.64, "stamp_duty": 3.0, "cgst": 0.0, "sgst": 0.0, "igst": 10.64, "ipft": 0.0}, {"trade_date": "05/02/2021", "turnover": 730.65, "sebi_toc": 0.13, "exchange_txn_charge": 8.33, "brokerage": 78.29, "cm_charge": 0.0, "stt": 33.0, "gst": 14.09, "stamp_duty": 4.0, "cgst": 0.0, "sgst": 0.0, "igst": 14.09, "ipft": 0.0}, {"trade_date": "08/02/2021", "turnover": 3884.65, "sebi_toc": 0.15, "exchange_txn_charge": 9.76, "brokerage": 73.26, "cm_charge": 0.0, "stt": 37.0, "gst": 13.19, "stamp_duty": 4.0, "cgst": 0.0, "sgst": 0.0, "igst": 13.19, "ipft": 0.0}, {"trade_date": "09/02/2021", "turnover": 125.5, "sebi_toc": 0.06, "exchange_txn_charge": 4.09, "brokerage": 36.95, "cm_charge": 0.0, "stt": 15.0, "gst": 6.65, "stamp_duty": 2.0, "cgst": 0.0, "sgst": 0.0, "igst": 6.65, "ipft": 0.0}, {"trade_date": "10/02/2021", "turnover": 424.4, "sebi_toc": 0.11, "exchange_txn_charge": 6.8, "brokerage": 63.3, "cm_charge": 0.0, "stt": 26.0, "gst": 11.39, "stamp_duty": 3.0, "cgst": 0.0, "sgst": 0.0, "igst": 11.39, "ipft": 0.0}, {"trade_date": "15/02/2021", "turnover": 960.4, "sebi_toc": 0.04, "exchange_txn_charge": 2.02, "brokerage": 22.01, "cm_charge": 0.0, "stt": 9.0, "gst": 3.96, "stamp_duty": 1.0, "cgst": 0.0, "sgst": 0.0, "igst": 3.96, "ipft": 0.0}, {"trade_date": "16/02/2021", "turnover": 85.5, "sebi_toc": 0.04, "exchange_txn_charge": 2.41, "brokerage": 26.26, "cm_charge": 0.0, "stt": 11.0, "gst": 4.73, "stamp_duty": 1.0, "cgst": 0.0, "sgst": 0.0, "igst": 4.73, "ipft": 0.0}, {"trade_date": "17/02/2021", "turnover": 30.0, "sebi_toc": 0.01, "exchange_txn_charge": 0.72, "brokerage": 7.89, "cm_charge": 0.0, "stt": 3.0, "gst": 1.42, "stamp_duty": 0.0, "cgst": 0.0, "sgst": 0.0, "igst": 1.42, "ipft": 0.0}, {"trade_date": "18/02/2021", "turnover": 1212.25, "sebi_toc": 0.2, "exchange_txn_charge": 12.27, "brokerage": 118.76, "cm_charge": 0.0, "stt": 50.0, "gst": 21.38, "stamp_duty": 6.0, "cgst": 0.0, "sgst": 0.0, "igst": 21.38, "ipft": 0.0}, {"trade_date": "19/02/2021", "turnover": 1766.1, "sebi_toc": 0.21, "exchange_txn_charge": 14.38, "brokerage": 114.82, "cm_charge": 0.0, "stt": 52.0, "gst": 20.67, "stamp_duty": 6.0, "cgst": 0.0, "sgst": 0.0, "igst": 20.67, "ipft": 0.0}, {"trade_date": "22/02/2021", "turnover": 92.55, "sebi_toc": 0.05, "exchange_txn_charge": 2.88, "brokerage": 27.51, "cm_charge": 0.0, "stt": 11.0, "gst": 4.95, "stamp_duty": 1.0, "cgst": 0.0, "sgst": 0.0, "igst": 4.95, "ipft": 0.0}, {"trade_date": "23/02/2021", "turnover": 290.15, "sebi_toc": 0.05, "exchange_txn_charge": 2.87, "brokerage": 31.31, "cm_charge": 0.0, "stt": 13.0, "gst": 5.64, "stamp_duty": 2.0, "cgst": 0.0, "sgst": 0.0, "igst": 5.64, "ipft": 0.0}, {"trade_date": "24/02/2021", "turnover": 122.6, "sebi_toc": 0.03, "exchange_txn_charge": 1.72, "brokerage": 18.74, "cm_charge": 0.0, "stt": 8.0, "gst": 3.38, "stamp_duty": 1.0, "cgst": 0.0, "sgst": 0.0, "igst": 3.38, "ipft": 0.0}, {"trade_date": "25/02/2021", "turnover": 355.0, "sebi_toc": 0.06, "exchange_txn_charge": 4.05, "brokerage": 35.24, "cm_charge": 0.0, "stt": 15.0, "gst": 6.34, "stamp_duty": 2.0, "cgst": 0.0, "sgst": 0.0, "igst": 6.34, "ipft": 0.0}, {"trade_date": "26/02/2021", "turnover": 113.7, "sebi_toc": 0.04, "exchange_txn_charge": 2.84, "brokerage": 26.29, "cm_charge": 0.0, "stt": 11.0, "gst": 5.24, "stamp_duty": 1.0, "cgst": 0.0, "sgst": 0.0, "igst": 5.24, "ipft": 0.0}], "TOTAL": [{"turnover": 14780.85, "brokerage": 799.43, "stt": 344.0, "stamp_duty": 39.0, "cm_charge": 0.0, "ipft": 0.0, "exchange_txn_charge": 87.39, "sebi_toc": 1.38, "gst": 144.41, "cgst": 0.0, "sgst": 0.0, "igst": 144.41}]}, "status_code": 200, "code": 200}