{"s": "ok", "message": "Success", "data": {"COLUMNS": [{"trade_date": "Trade Date", "turnover": "Turnover (\u20b9)", "sebi_toc": "SEBI Turnover Charge (\u20b9)", "exchange_txn_charge": "Exchange Transaction Charge (\u20b9)", "brokerage": "Brokerage (\u20b9)", "cm_charge": "CM Charges (\u20b9)", "stt": "STT/CTT", "gst": "GST (\u20b9)", "stamp_duty": "Stamp Duty (\u20b9)", "cgst": "CGST (\u20b9)", "sgst": "SGST (\u20b9)", "igst": "IGST (\u20b9)", "ipft": "IPFT (\u20b9)"}], "DATA": [{"trade_date": "07/09/2022", "turnover": 446.5, "sebi_toc": 2.25, "exchange_txn_charge": 69.62, "brokerage": 80.0, "cm_charge": 0.0, "stt": 281.0, "gst": 27.34, "stamp_duty": 34.0, "cgst": 0.0, "sgst": 0.0, "igst": 27.34, "ipft": 0.0}, {"trade_date": "08/09/2022", "turnover": 337.3, "sebi_toc": 1.11, "exchange_txn_charge": 38.23, "brokerage": 42.18, "cm_charge": 0.0, "stt": 139.0, "gst": 14.67, "stamp_duty": 17.0, "cgst": 0.0, "sgst": 0.0, "igst": 14.67, "ipft": 0.0}, {"trade_date": "09/09/2022", "turnover": 17.45, "sebi_toc": 0.01, "exchange_txn_charge": 0.18, "brokerage": 1.56, "cm_charge": 0.0, "stt": 1.0, "gst": 0.32, "stamp_duty": 0.0, "cgst": 0.0, "sgst": 0.0, "igst": 0.32, "ipft": 0.0}, {"trade_date": "16/09/2022", "turnover": 4687.8, "sebi_toc": 0.35, "exchange_txn_charge": 9.66, "brokerage": 40.09, "cm_charge": 0.0, "stt": 44.0, "gst": 9.02, "stamp_duty": 5.0, "cgst": 0.0, "sgst": 0.0, "igst": 9.02, "ipft": 0.0}, {"trade_date": "21/09/2022", "turnover": 2997.0, "sebi_toc": 0.98, "exchange_txn_charge": 33.78, "brokerage": 40.0, "cm_charge": 0.0, "stt": 122.0, "gst": 13.46, "stamp_duty": 15.0, "cgst": 0.0, "sgst": 0.0, "igst": 13.46, "ipft": 0.0}, {"trade_date": "23/09/2022", "turnover": 1281.0, "sebi_toc": 0.95, "exchange_txn_charge": 26.18, "brokerage": 40.0, "cm_charge": 0.0, "stt": 119.0, "gst": 12.08, "stamp_duty": 14.0, "cgst": 0.0, "sgst": 0.0, "igst": 12.08, "ipft": 0.0}], "TOTAL": [{"turnover": 9767.05, "brokerage": 243.83, "stt": 706.0, "stamp_duty": 85.0, "cm_charge": 0.0, "ipft": 0.0, "exchange_txn_charge": 177.65, "sebi_toc": 5.65, "gst": 76.89, "cgst": 0.0, "sgst": 0.0, "igst": 76.89}]}, "status_code": 200, "code": 200}