{"s": "ok", "message": "Success", "data": {"COLUMNS": [{"trade_date": "Trade Date", "turnover": "Turnover (\u20b9)", "sebi_toc": "SEBI Turnover Charge (\u20b9)", "exchange_txn_charge": "Exchange Transaction Charge (\u20b9)", "brokerage": "Brokerage (\u20b9)", "cm_charge": "CM Charges (\u20b9)", "stt": "STT/CTT", "gst": "GST (\u20b9)", "stamp_duty": "Stamp Duty (\u20b9)", "cgst": "CGST (\u20b9)", "sgst": "SGST (\u20b9)", "igst": "IGST (\u20b9)", "ipft": "IPFT (\u20b9)"}], "DATA": [{"trade_date": "04/06/2025", "turnover": 42.1, "sebi_toc": 0.0, "exchange_txn_charge": 0.12, "brokerage": 1.21, "cm_charge": 0.0, "stt": 1.0, "gst": 0.24, "stamp_duty": 0.0, "cgst": 0.0, "sgst": 0.0, "igst": 0.24, "ipft": 0.0}, {"trade_date": "10/06/2025", "turnover": 9062.45, "sebi_toc": 3.33, "exchange_txn_charge": 98.77, "brokerage": 80.0, "cm_charge": 0.0, "stt": 416.0, "gst": 33.38, "stamp_duty": 50.0, "cgst": 0.0, "sgst": 0.0, "igst": 33.38, "ipft": 3.33}, {"trade_date": "12/06/2025", "turnover": 406.2, "sebi_toc": 1.92, "exchange_txn_charge": 56.98, "brokerage": 40.7, "cm_charge": 0.0, "stt": 240.0, "gst": 18.27, "stamp_duty": 29.0, "cgst": 0.0, "sgst": 0.0, "igst": 18.27, "ipft": 1.92}, {"trade_date": "13/06/2025", "turnover": 147.81, "sebi_toc": 1.92, "exchange_txn_charge": 57.08, "brokerage": 40.0, "cm_charge": 0.0, "stt": 240.0, "gst": 18.17, "stamp_duty": 29.0, "cgst": 0.0, "sgst": 0.0, "igst": 18.17, "ipft": 1.92}, {"trade_date": "27/06/2025", "turnover": 153.15, "sebi_toc": 1.92, "exchange_txn_charge": 57.0, "brokerage": 40.0, "cm_charge": 0.0, "stt": 240.0, "gst": 18.15, "stamp_duty": 29.0, "cgst": 0.0, "sgst": 0.0, "igst": 18.15, "ipft": 1.92}], "TOTAL": [{"turnover": 9811.71, "brokerage": 201.91, "stt": 1137.0, "stamp_duty": 137.0, "cm_charge": 0.0, "ipft": 9.09, "exchange_txn_charge": 269.95, "sebi_toc": 9.09, "gst": 88.21, "cgst": 0.0, "sgst": 0.0, "igst": 88.21}]}, "status_code": 200, "code": 200}