{"s": "ok", "message": "Success", "data": {"COLUMNS": [{"trade_date": "Trade Date", "turnover": "Turnover (\u20b9)", "sebi_toc": "SEBI Turnover Charge (\u20b9)", "exchange_txn_charge": "Exchange Transaction Charge (\u20b9)", "brokerage": "Brokerage (\u20b9)", "cm_charge": "CM Charges (\u20b9)", "stt": "STT/CTT", "gst": "GST (\u20b9)", "stamp_duty": "Stamp Duty (\u20b9)", "cgst": "CGST (\u20b9)", "sgst": "SGST (\u20b9)", "igst": "IGST (\u20b9)", "ipft": "IPFT (\u20b9)"}], "DATA": [{"trade_date": "15/03/2022", "turnover": 1777.5, "sebi_toc": 0.43, "exchange_txn_charge": 14.72, "brokerage": 40.0, "cm_charge": 0.0, "stt": 53.0, "gst": 9.85, "stamp_duty": 6.0, "cgst": 0.0, "sgst": 0.0, "igst": 9.85, "ipft": 0.0}, {"trade_date": "17/03/2022", "turnover": 325.75, "sebi_toc": 0.34, "exchange_txn_charge": 11.7, "brokerage": 40.0, "cm_charge": 0.0, "stt": 42.0, "gst": 9.31, "stamp_duty": 5.0, "cgst": 0.0, "sgst": 0.0, "igst": 9.31, "ipft": 0.0}, {"trade_date": "23/03/2022", "turnover": 392.5, "sebi_toc": 0.41, "exchange_txn_charge": 14.19, "brokerage": 40.0, "cm_charge": 0.0, "stt": 51.0, "gst": 9.75, "stamp_duty": 6.0, "cgst": 0.0, "sgst": 0.0, "igst": 9.75, "ipft": 0.0}], "TOTAL": [{"turnover": 2495.75, "brokerage": 120.0, "stt": 146.0, "stamp_duty": 17.0, "cm_charge": 0.0, "ipft": 0.0, "exchange_txn_charge": 40.61, "sebi_toc": 1.18, "gst": 28.91, "cgst": 0.0, "sgst": 0.0, "igst": 28.91}]}, "status_code": 200, "code": 200}