{"s": "ok", "message": "Success", "data": {"COLUMNS": [{"trade_date": "Trade Date", "turnover": "Turnover (\u20b9)", "sebi_toc": "SEBI Turnover Charge (\u20b9)", "exchange_txn_charge": "Exchange Transaction Charge (\u20b9)", "brokerage": "Brokerage (\u20b9)", "cm_charge": "CM Charges (\u20b9)", "stt": "STT/CTT", "gst": "GST (\u20b9)", "stamp_duty": "Stamp Duty (\u20b9)", "cgst": "CGST (\u20b9)", "sgst": "SGST (\u20b9)", "igst": "IGST (\u20b9)", "ipft": "IPFT (\u20b9)"}], "DATA": [{"trade_date": "13/04/2022", "turnover": 351.0, "sebi_toc": 0.81, "exchange_txn_charge": 27.86, "brokerage": 40.0, "cm_charge": 0.0, "stt": 101.0, "gst": 12.21, "stamp_duty": 12.0, "cgst": 0.0, "sgst": 0.0, "igst": 12.21, "ipft": 0.0}, {"trade_date": "28/04/2022", "turnover": 0.0, "sebi_toc": 0.17, "exchange_txn_charge": 5.03, "brokerage": 40.0, "cm_charge": 0.0, "stt": 21.0, "gst": 8.11, "stamp_duty": 3.0, "cgst": 0.0, "sgst": 0.0, "igst": 8.11, "ipft": 0.0}], "TOTAL": [{"turnover": 351.0, "brokerage": 80.0, "stt": 122.0, "stamp_duty": 15.0, "cm_charge": 0.0, "ipft": 0.0, "exchange_txn_charge": 32.89, "sebi_toc": 0.98, "gst": 20.32, "cgst": 0.0, "sgst": 0.0, "igst": 20.32}]}, "status_code": 200, "code": 200}